Date,HeureMin,Ch1,Ch2,Ch3,Ch4,Ch5,Ch6,Ch7
18.04.12,10.0,0,26,28.6,36.1,29.3,1932,2.313
18.04.12,20.0,0,25.6,28.3,35.9,29,1938,2.3095
18.04.12,30.0,0,25.3,28,35.6,28.7,1890,2.3075
18.04.12,40.0,0,25,27.8,35.5,28.4,1869,2.305
18.04.12,50.0,0,24.9,27.6,35.3,28.3,1794,2.304
18.04.12,60.0,0,24.7,27.4,35.2,28.1,1734,2.3024999999999998
18.04.12,70.0,0,24.4,27.1,35.1,27.8,1698,1.8404
18.04.12,80.0,0,24.2,26.8,34.8,27.5,1677,2.298
18.04.12,90.0,0,23.9,26.6,34.5,27.2,1626,1.8372
18.04.12,100.0,0,23.5,26.2,34.6,26.9,1602,1.8352000000000002
18.04.12,110.0,0,23.3,26.1,34.3,26.7,1587,1.8332
18.04.12,120.0,0,23,25.8,34.2,26.5,1497,2.291
18.04.12,130.0,0,22.8,25.7,34.1,26.4,1518,2.2870000000000004
18.04.12,140.0,0,22.6,25.5,33.8,26.2,1554,2.2825
18.04.12,150.0,0,22.2,25.3,33.8,26,1584,2.278
18.04.12,160.0,0,22.3,25.3,33.5,25.9,1584,2.274
18.04.12,170.0,0,22.1,25,33.5,25.6,1398,2.2765
18.04.12,180.0,0,22,24.8,33.4,25.4,1515,2.2695000000000003
18.04.12,190.0,0,21.9,24.7,33.2,25.3,1497,2.2655000000000003
18.04.12,200.0,0,21.6,24.5,33.2,25.1,1482,2.262
18.04.12,210.0,0,21.4,24.4,32.7,25,1476,2.2575
18.04.12,220.0,0,21.3,24.2,32.6,24.9,1464,2.253
18.04.12,230.0,0,21.1,24.1,32.5,24.7,1458,2.248
18.04.12,240.0,0,21.2,24.1,32.1,24.6,1455,2.243
18.04.12,250.0,0,21,23.9,32.2,24.5,1458,2.237
18.04.12,260.0,0,20.8,23.7,32.1,24.3,1458,1.7848
18.04.12,270.0,0,20.2,23.3,32.4,24,1455,2.225
18.04.12,280.0,0,20,23.3,32.1,23.9,1437,2.2190000000000003
18.04.12,290.0,0,19.9,23.2,31.8,23.8,1434,2.212
18.04.12,300.0,0,19.9,23.1,31.5,23.7,1428,2.2045000000000003
18.04.12,310.0,0,19.7,23,31.7,23.6,1428,2.1965
18.04.12,320.0,0,19.2,22.7,31.9,23.4,1419,2.188
18.04.12,330.0,0,18.6,22.4,31.9,23.1,1416,2.1785
18.04.12,340.0,0,18.2,22.1,31.9,23,1245,2.1785
18.04.12,350.0,0,18.3,22.2,31.8,23,0,1.3598999999999999
18.04.12,360.0,0,18.3,22,31.7,22.7,0,1.8244
18.04.12,370.0,0,18.1,21.9,31.5,22.6,0,1.8304
18.04.12,380.0,0,18.1,21.9,31.2,22.5,0,1.3760999999999999
18.04.12,390.0,0,18,21.7,31.2,22.4,0,1.3785
18.04.12,400.0,0,17.9,21.6,31.1,22.2,0,1.3806
18.04.12,410.0,0,17.8,21.4,31,22.1,0,1.3820999999999999
18.04.12,420.0,0,17.3,21.2,31,21.9,0,1.3833
18.04.12,430.0,0,17,21,30.9,21.7,0,1.3844999999999998
18.04.12,440.0,0,17,20.9,30.7,21.6,0,1.3851
18.04.12,450.0,0,16.7,20.8,30.7,21.5,0,1.3860000000000001
18.04.12,460.0,0,16.8,20.8,30.5,21.4,0,1.3865999999999998
18.04.12,470.0,2,16.9,20.7,30.3,21.3,0,3.6992000000000003
18.04.12,480.0,8,17.1,20.8,30.1,21.3,0,24.0916
18.04.12,490.0,19,17.5,20.9,30,21.3,0,65.64959999999999
18.04.12,500.0,35,18,21,29.9,21.3,0,122.82560000000001
18.04.12,510.0,54,18.7,21.2,30,21.4,0,194.64690000000002
18.04.12,520.0,76,19.9,21.7,29.6,21.7,0,278.834
18.04.12,530.0,102,21.4,22.2,29.4,22.1,0,377.3795
18.04.12,540.0,131,22.9,22.7,29.1,22.5,0,487.20879999999994
18.04.12,550.0,164,24.4,23.2,28.9,22.9,0,611.146
18.04.12,560.0,200,26,23.7,28.7,23.3,0,745.551
18.04.12,570.0,236,27.5,24.4,28.6,23.7,0,886.3672
18.04.12,580.0,275,29.1,24.9,28.6,24.2,0,1032.1647
18.04.12,590.0,314,30.8,25.4,28.5,24.7,0,1185.9660000000001
18.04.12,600.0,351,32.2,26.1,28.5,25.2,0,1324.1606000000002
18.04.12,610.0,386,33.7,26.8,28.5,25.7,0,1459.4129999999998
18.04.12,620.0,424,35.4,26.9,28.6,26.3,783,1589.131
18.04.12,630.0,460,36.7,27.4,28.6,26.8,1218,1706.936
18.04.12,640.0,503,39.1,28.4,28.9,27.7,1155,1874.0232
18.04.12,650.0,542,40.8,28.8,29,28.2,1107,2033.9738
18.04.12,660.0,579,42,29.2,29.1,28.7,1074,2176.717
18.04.12,670.0,604,43.4,29.4,29.2,29.1,1056,2282.3954999999996
18.04.12,680.0,625,44,30,29.3,29.5,1053,2358.5550000000003
18.04.12,690.0,663,45.6,31,29.5,30.2,1026,2514.7716000000005
18.04.12,700.0,697,46.8,31.5,29.6,30.5,1008,2652.523
18.04.12,710.0,725,48.3,31.9,29.8,31,1020,2756.4702
18.04.12,720.0,753,49.9,32.4,30,31.7,1011,2868.4512
18.04.12,730.0,779,50.7,33.1,30.1,32.2,1005,2982.6544
18.04.12,740.0,803,52.3,33.6,30.3,32.7,993,3072.097
18.04.12,750.0,824,53.7,34.3,30.4,33,996,3165.8697
18.04.12,760.0,839,53.6,35,30.6,33.2,993,3219.9006000000004
18.04.12,770.0,852,55.1,34.9,30.8,34.2,981,3271.1540999999997
18.04.12,780.0,864,55.5,35.2,31,34.2,978,3335.1489
18.04.12,790.0,880,55.5,35.8,31.1,34.4,969,3395.0629999999996
18.04.12,800.0,889,56.7,36.1,31.3,35,957,3430.7007
18.04.12,810.0,892,57.4,36.9,31.5,35.5,939,3456.3655999999996
18.04.12,820.0,903,57.1,37.2,31.8,35.4,945,3493.5605999999993
18.04.12,830.0,910,58.3,37.7,31.9,36.3,948,3532.5860999999995
18.04.12,840.0,911,60,38,32.1,36.9,954,3525.7895999999996
18.04.12,850.0,912,59.7,38.6,32.2,36.2,942,3538.6515000000004
18.04.12,860.0,908,58.2,39.8,32.4,35.9,954,3531.8112
18.04.12,870.0,905,57.5,39.4,32.6,35.9,954,3523.2277999999997
18.04.12,880.0,897,56,39,32.8,36.2,963,3489.4314
18.04.12,890.0,885,59.4,39.4,33,37.5,960,3449.2678000000005
18.04.12,900.0,877,61.1,40.7,33.2,38.7,948,3405.6144
18.04.12,910.0,867,60.3,39.3,33.4,38.3,960,3385.4072
18.04.12,920.0,846,58.6,39.6,33.5,37.9,975,3302.5118
18.04.12,930.0,827,58,39.3,33.7,38,939,3231.8631
18.04.12,940.0,806,58.1,39.5,33.8,38.3,318,3186.6666000000005
18.04.12,950.0,789,56.6,39.9,34.1,37.8,0,3130.5288
18.04.12,960.0,759,56.3,40.4,34.2,38.2,0,3026.0277
18.04.12,970.0,741,55.7,40.3,34.4,38.1,0,2950.7352
18.04.12,980.0,713,54.6,40.1,34.6,38.1,0,2845.9440000000004
18.04.12,990.0,682,52.8,40,34.7,37.4,0,2735.8058
18.04.12,1000.0,655,51.6,40.1,34.8,37.6,0,2628.678
18.04.12,1010.0,617,50.3,40.1,34.9,37.2,0,2472.9925
18.04.12,1020.0,584,50.5,39.8,35.1,38.3,0,2349.5365
18.04.12,1030.0,555,51,39,35.2,39,0,2229.6456
18.04.12,1040.0,517,50.1,39.2,35.3,38.8,0,2086.4948
18.04.12,1050.0,481,49,39.2,35.4,38.8,0,1947.7302000000002
18.04.12,1060.0,448,46.2,38.7,35.6,37.4,0,1826.1375
18.04.12,1070.0,409,45.5,39.2,35.6,37.6,0,1672.369
18.04.12,1080.0,372,45.1,39,35.7,38,0,1513.9656
18.04.12,1090.0,334,44.3,38.6,35.7,37.7,0,1357.7148
18.04.12,1100.0,293,42.2,37.9,35.8,37.1,0,1191.17
18.04.12,1110.0,255,41.1,38,35.8,36.8,0,1027.872
18.04.12,1120.0,218,39.9,37.5,35.9,36.8,0,876.1995000000001
18.04.12,1130.0,185,39.2,37.1,35.8,36.9,0,737.136
18.04.12,1140.0,151,38,36.8,35.8,36.5,0,598.8975
18.04.12,1150.0,122,37,36.5,35.9,36.6,0,481.7124
18.04.12,1160.0,97,35.8,36,35.9,36,0,375.58649999999994
18.04.12,1170.0,74,34.6,35.8,35.9,35.4,0,280.4495
18.04.12,1180.0,54,33.6,35.3,35.8,35.4,0,203.60899999999998
18.04.12,1190.0,38,32.5,34.7,35.8,35,144,139.9661
18.04.12,1200.0,24,31.6,34,35.8,34.6,1167,83.54169999999999
18.04.12,1210.0,12,30.8,33.4,35.7,34.1,1215,38.062200000000004
18.04.12,1220.0,4,30.1,32.9,35.7,33.6,1275,8.1719
18.04.12,1230.0,1,29.4,32.4,35.6,33.2,1398,1.9172
18.04.12,1240.0,0,28.4,31.8,35.6,32.7,1710,1.9072
18.04.12,1250.0,0,28.1,31.5,35.6,32.4,2001,2.372
18.04.12,1260.0,0,28.4,31.4,35.5,32.1,2109,2.3649999999999998
18.04.12,1270.0,0,28.2,31,35.5,31.7,2097,2.362
18.04.12,1280.0,0,28,30.7,35.4,31.4,2157,2.3565
18.04.12,1290.0,0,27.7,30.3,35.3,31,2154,2.8236
18.04.12,1300.0,0,27.5,30,35.3,30.6,2121,2.8205999999999998
18.04.12,1310.0,0,27.2,29.6,35.2,30.3,2145,2.8152
18.04.12,1320.0,0,26.6,29.2,35.1,29.8,2148,2.811
18.04.12,1330.0,0,26.2,28.8,35.1,29.5,2157,2.8068
18.04.12,1340.0,0,26,28.4,35,29.1,2130,2.8032
18.04.12,1350.0,0,25.8,28,34.9,28.5,2115,2.7996
18.04.12,1360.0,0,25.2,27.5,34.8,28.1,2133,2.7948
18.04.12,1370.0,0,24.8,27.2,34.7,27.7,2187,2.7887999999999997
18.04.12,1380.0,0,24.2,26.8,34.5,27.4,2211,2.7834
18.04.12,1390.0,0,24.1,26.5,34.5,27,2205,2.3160000000000003
18.04.12,1400.0,0,23.7,26.1,34.4,26.6,2178,2.7756
18.04.12,1410.0,0,23.2,25.8,34.3,26.3,2166,2.7714
18.04.12,1420.0,0,22.8,25.5,34.1,26.1,2139,2.7678000000000003
18.04.12,1430.0,0,22.7,25.3,34,25.8,2127,2.7641999999999998
18.04.12,1440.0,0,22.4,24.9,33.9,25.4,2091,2.7605999999999997
19.04.12,10.0,0,22,24.7,33.9,25.2,2040,2.298
19.04.12,20.0,0,21.9,24.5,33.5,25,2001,2.7545999999999995
19.04.12,30.0,0,21.8,24.3,33.2,24.8,1980,2.2925
19.04.12,40.0,0,21.6,24,33,24.5,1968,2.2885000000000004
19.04.12,50.0,0,21.4,23.7,32.7,24.2,1878,2.2875
19.04.12,60.0,0,21.1,23.5,32.5,24,1734,2.2885000000000004
19.04.12,70.0,0,20.9,23.3,32.3,23.8,1683,2.2864999999999998
19.04.12,80.0,0,20.7,23.1,32.1,23.6,1662,2.2840000000000003
19.04.12,90.0,0,20.5,22.8,32.2,23.2,1638,2.2815000000000003
19.04.12,100.0,0,20.1,22.5,31.9,23,1614,2.2785
19.04.12,110.0,0,20,22.3,31.6,22.8,1638,2.274
19.04.12,120.0,0,19.7,22.1,31.5,22.5,1680,2.2685
19.04.12,130.0,0,19.3,21.8,31.3,22.3,1599,2.2665
19.04.12,140.0,0,18.9,21.6,31.2,22.1,1539,2.265
19.04.12,150.0,0,18.7,21.4,30.9,21.9,1593,2.2585
19.04.12,160.0,0,18.5,21.2,30.7,21.7,1572,2.254
19.04.12,170.0,0,18.3,21,30.6,21.5,1560,2.2495000000000003
19.04.12,180.0,0,18.1,20.7,30.6,21.2,1551,2.244
19.04.12,190.0,0,17.9,20.6,30.4,21,1542,2.2385
19.04.12,200.0,0,17.7,20.4,30.1,20.9,1548,2.232
19.04.12,210.0,0,17.5,20.3,29.9,20.8,1542,2.2255
19.04.12,220.0,0,17.5,20.2,29.9,20.6,1539,2.2185
19.04.12,230.0,0,17.2,20,30,20.5,1527,2.211
19.04.12,240.0,0,17,19.9,29.9,20.3,1524,2.2025
19.04.12,250.0,0,17.1,19.8,29.4,20.3,1521,2.1935
19.04.12,260.0,0,17.1,19.7,29.3,20.1,1512,2.183
19.04.12,270.0,0,17,19.6,29.2,20,1509,2.172
19.04.12,280.0,0,17,19.5,29,19.9,1017,1.7536000000000003
19.04.12,290.0,0,16.8,19.3,29,19.7,0,1.3632
19.04.12,300.0,0,16.5,19.2,29,19.6,0,1.3706999999999998
19.04.12,310.0,0,16.4,19.1,28.7,19.5,0,1.3752
19.04.12,320.0,0,16.3,19,28.6,19.4,0,1.3785
19.04.12,330.0,0,16.3,18.9,28.3,19.4,0,1.3809
19.04.12,340.0,0,16.2,18.8,28.3,19.2,0,1.383
19.04.12,350.0,0,16,18.7,28.2,19.1,0,1.3841999999999999
19.04.12,360.0,0,16.1,18.7,28.1,19.1,0,1.3857
19.04.12,370.0,0,16,18.6,27.9,19,0,1.3865999999999998
19.04.12,380.0,0,16,18.5,27.8,18.9,0,1.3875
19.04.12,390.0,0,16,18.4,27.6,18.9,0,1.3881000000000001
19.04.12,400.0,0,15.8,18.4,27.4,18.8,0,0.9258
19.04.12,410.0,0,15.7,18.3,27,18.7,0,1.3893
19.04.12,420.0,0,15.5,18.2,27.1,18.7,0,0.9264
19.04.12,430.0,0,15.3,18.1,27.1,18.6,0,1.3899
19.04.12,440.0,0,15.3,18.1,26.8,18.5,0,1.3902
19.04.12,450.0,0,15.2,18,26.8,18.4,0,1.3905
19.04.12,460.0,0,15.1,17.9,26.6,18.4,0,1.3908
19.04.12,470.0,2,15.1,17.9,26.5,18.3,0,4.173299999999999
19.04.12,480.0,8,15.1,17.9,26.5,18.3,0,25.088400000000004
19.04.12,490.0,20,15.4,18,26.4,18.3,0,69.583
19.04.12,500.0,36,16.1,18.2,26.3,18.4,0,128.8074
19.04.12,510.0,55,17,18.5,25.9,18.6,0,200.8125
19.04.12,520.0,77,18,19,25.9,18.8,0,285.6411
19.04.12,530.0,104,19.1,19.4,25.8,19.1,0,385.8498
19.04.12,540.0,134,20.3,19.9,25.8,19.4,0,502.8149
19.04.12,550.0,166,21.7,20.3,25.5,19.8,0,626.6466
19.04.12,560.0,202,23.1,21,25.5,20.1,0,766.0785000000001
19.04.12,570.0,239,24.5,21.5,25.5,20.5,0,904.9885
19.04.12,580.0,278,26.3,22.4,25.5,21.1,0,1051.5058
19.04.12,590.0,315,28,22.8,25.4,21.7,0,1169.3446000000001
19.04.12,600.0,364,29.3,23.6,25.5,22.3,0,1276.7417
19.04.12,610.0,412,31.2,24,25.6,22.6,165,1395.4352000000001
19.04.12,620.0,448,32.3,24.2,25.5,23.1,1158,1513.3592
19.04.12,630.0,497,30.4,24.6,25.7,23.5,1080,1762.241
19.04.12,640.0,537,34,25.1,25.7,24.1,1044,1951.6180000000002
19.04.12,650.0,572,36.6,25.9,25.9,24.8,1017,2084.5346
19.04.12,660.0,611,38.7,26.5,26,25.4,993,2238.4389
19.04.12,670.0,643,39.5,27,26.1,25.7,975,2371.6756
19.04.12,680.0,681,41.3,27.4,26.3,26.3,969,2512.2526
19.04.12,690.0,707,42.8,28.7,26.4,26.6,966,2616.8274
19.04.12,700.0,737,43.9,29.2,26.7,26.7,978,2744.658
19.04.12,710.0,761,45.2,29.6,26.8,27.6,966,2836.1936
19.04.12,720.0,787,46.7,29.3,27,28.6,966,2947.6232
19.04.12,730.0,806,46.5,30.9,27.2,28.5,966,3017.944
19.04.12,740.0,830,47.6,30.8,27.3,28.9,951,3112.0128000000004
19.04.12,750.0,865,49.9,32.4,27.5,30.1,963,3261.5099999999998
19.04.12,760.0,878,51.4,32.3,27.7,30.5,954,3306.4848
19.04.12,770.0,894,52.8,32.5,27.9,31.6,936,3370.0912
19.04.12,780.0,900,54.1,33,28.1,32.1,954,3409.411
19.04.12,790.0,918,54.8,33.4,28.3,32.5,936,3473.0035000000007
19.04.12,800.0,931,54.9,33.3,28.5,32.7,948,3539.0509
19.04.12,810.0,930,56,34.1,28.7,33.7,945,3530.9208
19.04.12,820.0,934,56.2,34.7,28.9,33.8,954,3545.639
19.04.12,830.0,943,56.8,34.2,29.1,34.2,966,3595.1096
19.04.12,840.0,949,56.3,35.2,29.3,33.8,969,3611.4738
19.04.12,850.0,936,56.5,35.4,29.6,34.1,957,3575.844
19.04.12,860.0,941,57.1,36.1,29.7,34.6,933,3589.6860999999994
19.04.12,870.0,934,58.4,36.5,30,35.4,930,3559.8576000000003
19.04.12,880.0,929,58.2,35.9,30.2,35.8,927,3560.2751999999996
19.04.12,890.0,921,57.3,36.9,30.4,35.1,942,3523.984
19.04.12,900.0,906,55.4,37,30.5,34.3,981,3463.332
19.04.12,910.0,897,56.7,36.7,30.7,36.3,1005,3438.6098
19.04.12,920.0,878,57.5,38,30.9,36.1,1005,3356.46
19.04.12,930.0,866,57.6,37.7,31.2,36.6,990,3320.5901
19.04.12,940.0,844,56.6,38.2,31.3,36.1,996,3228.8255999999997
19.04.12,950.0,823,55.7,38.2,31.4,36.2,162,3187.5969
19.04.12,960.0,801,55.1,37.8,31.6,36,0,3123.4684
19.04.12,970.0,776,55.1,38.1,31.9,37,0,3025.6772
19.04.12,980.0,754,55.5,37.8,32,38.1,0,2939.781
19.04.12,990.0,730,54.5,38.8,32.1,37.1,0,2859.9809999999998
19.04.12,1000.0,694,52.1,38.2,32.2,35.8,0,2716.6734
19.04.12,1010.0,659,51.4,38.6,32.4,36.4,0,2588.8962
19.04.12,1020.0,625,49.4,38.3,32.6,36.3,0,2449.7270999999996
19.04.12,1030.0,593,49.3,37.9,32.7,36.7,0,2328.129
19.04.12,1040.0,555,49,37.9,32.9,37.3,0,2187.3645
19.04.12,1050.0,516,48.7,37.5,33,37.9,0,2026.0138000000002
19.04.12,1060.0,479,48.6,37.9,33.1,38.1,0,1879.8923
19.04.12,1070.0,439,47.7,37.5,33.2,38.1,0,1726.1576
19.04.12,1080.0,399,45.5,37.5,33.3,36.7,0,1557.6827999999998
19.04.12,1090.0,358,43.3,37.5,33.4,36.3,0,1400.1663999999998
19.04.12,1100.0,315,42,37.1,33.5,36.2,0,1218.5258999999999
19.04.12,1110.0,273,40.8,36.8,33.5,36.3,0,1052.0751999999998
19.04.12,1120.0,236,40.5,36.8,33.6,37.1,0,906.1425
19.04.12,1130.0,197,39.3,36.2,33.6,36.4,0,747.3444
19.04.12,1140.0,161,37.8,36.2,33.7,36.1,0,610.1492999999999
19.04.12,1150.0,131,36.8,36,33.7,35.8,0,492.5634
19.04.12,1160.0,103,35.6,36.3,33.7,35.3,0,382.2228
19.04.12,1170.0,79,34.5,35.3,33.8,35.5,0,288.021
19.04.12,1180.0,58,33.4,34.9,33.8,35.1,0,212.8959
19.04.12,1190.0,41,32.5,34.1,33.8,34.3,0,145.9074
19.04.12,1200.0,25,31.6,33.5,33.8,33.9,0,85.8796
19.04.12,1210.0,12,30.7,33,33.8,33.6,0,36.815
19.04.12,1220.0,4,29.8,32.5,33.8,33.2,0,7.443
19.04.12,1230.0,1,29.3,32.1,33.7,32.9,1125,1.9332
19.04.12,1240.0,0,28.6,31.7,33.7,32.5,1428,1.9224
19.04.12,1250.0,0,28.2,31.3,33.7,32.1,1644,2.3935
19.04.12,1260.0,0,27.8,30.7,33.7,31.5,1842,2.384
19.04.12,1270.0,0,28.1,30,33.6,30.6,1944,2.8529999999999998
19.04.12,1280.0,0,27.6,29.4,33.5,29.9,1980,2.8476
19.04.12,1290.0,0,27.1,28.6,33.5,29.2,2001,2.8428
19.04.12,1300.0,0,26.6,28.2,33.3,28.6,2076,2.8362000000000003
19.04.12,1310.0,0,26.1,27.8,33.3,28.3,2019,2.8337999999999997
19.04.12,1320.0,0,25.6,27.4,33.3,27.9,1998,2.359
19.04.12,1330.0,0,25.3,27,33.2,27.5,2013,2.826
19.04.12,1340.0,0,25,26.7,33.1,27.1,2040,2.3510000000000004
19.04.12,1350.0,0,24.6,26.4,33.1,26.8,2043,2.817
19.04.12,1360.0,0,24.2,26.1,33.1,26.5,2037,2.8134
19.04.12,1370.0,0,23.9,25.8,33,26.3,2028,2.8097999999999996
19.04.12,1380.0,0,23.7,25.6,32.9,26,2019,2.8055999999999996
19.04.12,1390.0,0,23.5,25.4,32.7,25.9,2013,2.802
19.04.12,1400.0,0,23.2,25.2,32.7,25.7,2022,2.7978
19.04.12,1410.0,0,23,25,32.7,25.5,2061,2.7923999999999998
19.04.12,1420.0,0,22.6,24.8,32.6,25.2,1971,2.7912
19.04.12,1430.0,0,22.3,24.6,32.5,25.1,1911,2.79
19.04.12,1440.0,0,22,24.6,32.5,25.1,1884,2.787
20.04.12,10.0,0,21.9,24.6,32.4,25.1,1842,2.7852
20.04.12,20.0,0,22,24.8,32.3,25.2,1782,2.7834
20.04.12,30.0,0,21.9,24.6,32.3,25.2,1782,2.7804
20.04.12,40.0,0,21.8,24.5,32.2,25,1719,2.3155
20.04.12,50.0,0,21.6,24.3,32.1,24.8,1644,2.315
20.04.12,60.0,0,21.3,24.1,32,24.6,1635,2.3125
20.04.12,70.0,0,21.4,24,31.9,24.5,1599,2.311
20.04.12,80.0,0,21.4,23.8,31.8,24.3,1575,2.309
20.04.12,90.0,0,21.3,23.7,31.7,24.1,1560,2.3065
20.04.12,100.0,0,21.2,23.5,31.6,24,1545,2.3045000000000004
20.04.12,110.0,0,21,23.3,31.5,23.8,1542,2.3015000000000003
20.04.12,120.0,0,21,23.2,31.3,23.6,1530,2.299
20.04.12,130.0,0,21,23,31.1,23.4,1503,2.2965
20.04.12,140.0,0,21.1,22.8,30.9,23.2,1506,2.2935
20.04.12,150.0,0,21.1,22.7,30.7,23,1560,2.2885000000000004
20.04.12,160.0,0,20.8,22.5,30.7,22.8,1569,2.285
20.04.12,170.0,0,20.8,22.4,30.5,22.7,1386,2.2875
20.04.12,180.0,0,20.6,22.3,30.5,22.6,1491,2.281
20.04.12,190.0,0,20.5,22.2,30.4,22.6,1479,2.2775
20.04.12,200.0,0,20.7,22.3,30.2,22.6,1467,2.2745
20.04.12,210.0,0,20.8,22.2,30.1,22.5,1467,2.2710000000000004
20.04.12,220.0,0,20.7,22.1,29.9,22.4,1461,2.2670000000000003
20.04.12,230.0,0,20.3,21.9,29.9,22.3,1455,2.263
20.04.12,240.0,0,20,21.8,29.8,22.1,1446,1.8072
20.04.12,250.0,0,19.8,21.7,29.7,22,1446,2.2545
20.04.12,260.0,0,19.5,21.5,29.6,21.9,1443,2.25
20.04.12,270.0,0,19.7,21.4,29.3,21.7,1443,1.7956
20.04.12,280.0,0,19.9,21.3,29,21.6,1440,2.2395
20.04.12,290.0,0,19.9,21.3,29,21.5,1440,2.234
20.04.12,300.0,0,19.6,21.1,28.9,21.4,1437,2.228
20.04.12,310.0,0,19.2,20.9,29,21.3,1434,2.222
20.04.12,320.0,0,18.9,20.8,28.7,21.2,1431,2.2145
20.04.12,330.0,0,18.7,20.7,28.8,21,1425,2.2075
20.04.12,340.0,0,18.5,20.5,28.5,20.9,1470,2.197
20.04.12,350.0,0,18.3,20.4,28.5,20.8,1473,2.1870000000000003
20.04.12,360.0,0,18.3,20.3,28.5,20.6,1470,2.177
20.04.12,370.0,0,18.3,20.2,28.4,20.5,1203,2.182
20.04.12,380.0,0,18.3,20.1,28.3,20.5,0,1.3619999999999999
20.04.12,390.0,0,18.3,20.1,28.3,20.4,0,1.3703999999999998
20.04.12,400.0,0,18.1,20,28.3,20.4,0,1.3752
20.04.12,410.0,0,17.8,19.9,28.2,20.3,0,1.3785
20.04.12,420.0,0,17.6,19.8,27.9,20.2,0,1.3809
20.04.12,430.0,0,17.5,19.7,27.8,20.1,0,1.383
20.04.12,440.0,0,17.4,19.6,27.8,20.1,0,1.3844999999999998
20.04.12,450.0,0,17.2,19.5,27.6,20,0,0.924
20.04.12,460.0,0,17.2,19.5,27.5,19.9,0,1.3868999999999998
20.04.12,470.0,2,17.1,19.4,27.4,19.8,0,3.7008
20.04.12,480.0,9,17.1,19.4,27.3,19.8,0,27.828
20.04.12,490.0,22,17.3,19.5,27.2,19.8,0,73.70700000000001
20.04.12,500.0,41,17.8,19.8,27.1,19.9,0,138.6795
20.04.12,510.0,63,18.7,20.1,26.9,20.1,0,220.3714
20.04.12,520.0,85,19.8,20.4,26.7,20.3,0,298.146
20.04.12,530.0,110,20.8,20.9,26.7,20.5,0,391.71
20.04.12,540.0,137,21.8,21.3,26.6,20.8,0,486.43649999999997
20.04.12,550.0,143,22.7,21.5,26.5,21,0,509.47470000000004
20.04.12,560.0,170,23.4,21.9,26.4,21.3,0,607.1884
20.04.12,570.0,145,24,22,26.4,21.7,0,516.1345
20.04.12,580.0,185,24.8,22.3,26.3,22,0,658.812
20.04.12,590.0,190,25.3,22.8,26.4,22,0,681.15
20.04.12,600.0,287,27.3,23.4,26.3,22.6,0,1035.3881999999999
20.04.12,610.0,360,30.6,24.6,26.4,23.2,225,1310.1672
20.04.12,620.0,463,33.2,25.3,26.5,23.6,1092,1656.5325
20.04.12,630.0,515,36.6,25.6,26.4,24.6,1032,1855.4928000000002
20.04.12,640.0,528,37.8,26.5,26.6,24.9,1008,1913.8784
20.04.12,650.0,427,36.6,26.8,26.7,25.2,981,1526.4126
20.04.12,660.0,574,37.9,27.2,26.7,25.8,975,2084.6942000000004
20.04.12,670.0,592,40.9,28,26.9,26.7,969,2162.9424
20.04.12,680.0,618,42.1,28.5,27,27.1,957,2258.7291
20.04.12,690.0,660,44.5,29.5,27.2,28.2,942,2428.8705999999997
20.04.12,700.0,655,44.7,30.1,27.3,28,942,2404.9135
20.04.12,710.0,685,45.2,31.1,27.5,28.6,933,2525.7273
20.04.12,720.0,726,47.3,31.3,27.6,29.8,939,2693.259
20.04.12,730.0,768,48.4,31.8,27.8,30.2,909,2854.9092
20.04.12,740.0,795,49.2,32.9,28,30.4,936,2967.7825000000003
20.04.12,750.0,823,48.1,33.6,28.1,30.2,942,3073.3958
20.04.12,760.0,851,49.2,32.8,28.3,31,939,3188.7239999999997
20.04.12,770.0,858,53.2,34.2,28.5,32.8,912,3228.0862
20.04.12,780.0,869,54,34.6,28.7,32.7,912,3260.9919999999997
20.04.12,790.0,884,53.6,35.8,28.9,32.9,909,3326.8129999999996
20.04.12,800.0,888,53.9,35.9,29.1,33,963,3353.7965999999997
20.04.12,810.0,895,54.2,36.1,29.3,33.5,930,3373.905
20.04.12,820.0,899,54.3,36.7,29.5,34.1,924,3406.392
20.04.12,830.0,916,54,36.2,29.8,34.1,930,3464.5071999999996
20.04.12,840.0,921,53.3,37,29.8,33.9,918,3492.3504
20.04.12,850.0,925,53.4,37.6,30,34.3,927,3519.9174
20.04.12,860.0,904,54.6,37.8,30.3,35.1,930,3427.7702999999997
20.04.12,870.0,902,55.4,38.7,30.5,35.8,966,3420.2735
20.04.12,880.0,910,57.1,38,30.9,36.7,939,3469.6958
20.04.12,890.0,892,55.8,39.3,30.8,35.6,921,3395.2373000000002
20.04.12,900.0,866,55.6,39.4,31,36.6,918,3296.9719999999998
20.04.12,910.0,862,56.2,39.6,31.2,36.9,909,3278.3327999999997
20.04.12,920.0,738,53.9,39.5,31.4,36.8,909,2797.0905
20.04.12,930.0,829,54.7,39.5,31.6,37.3,888,3168.2560000000003
20.04.12,940.0,799,56.1,39.9,31.9,37.8,873,3044.2693
20.04.12,950.0,771,53.2,39.5,31.9,36.9,177,2967.4564
20.04.12,960.0,765,55.5,39.5,32.4,38.9,0,2964.6693999999998
20.04.12,970.0,738,57.4,39.9,32.5,39.8,0,2846.094
20.04.12,980.0,704,54.8,39.4,32.6,38.1,0,2729.5058
20.04.12,990.0,687,55,40.2,32.8,39.2,0,2653.974
20.04.12,1000.0,666,52.6,39.9,32.9,37.9,0,2579.3658
20.04.12,1010.0,637,51.4,39.8,33,37.7,0,2474.4703999999997
20.04.12,1020.0,591,50.4,39.4,33.2,38.2,0,2287.19
20.04.12,1030.0,559,50.6,39.3,33.4,38.3,0,2164.3395
20.04.12,1040.0,527,48.7,39.1,33.5,37.9,0,2043.4907
20.04.12,1050.0,497,47.6,39.4,33.6,37.9,0,1921.752
20.04.12,1060.0,464,48.6,39.8,33.8,39.1,0,1800.0599
20.04.12,1070.0,423,48.1,39.5,34,39.1,0,1633.0059
20.04.12,1080.0,381,46.6,39.2,34,38.2,0,1469.5248000000001
20.04.12,1090.0,339,45.9,38.8,34.1,39.1,0,1306.1571000000001
20.04.12,1100.0,302,44.5,38.5,34.2,38.3,0,1154.9631000000002
20.04.12,1110.0,262,42.8,38.8,34.2,38.1,0,999.0327
20.04.12,1120.0,226,41.9,38.5,34.3,38.4,0,860.814
20.04.12,1130.0,193,41,38.2,34.4,38.7,0,727.9488
20.04.12,1140.0,160,40,37.6,34.5,38.4,0,604.5391
20.04.12,1150.0,128,38.7,37.4,34.5,38.7,0,477.1811
20.04.12,1160.0,100,37.6,37.5,34.5,37.8,0,367.135
20.04.12,1170.0,77,36.3,36.9,34.6,37.4,0,285.3144
20.04.12,1180.0,60,34.2,33.9,34.6,34.4,0,217.1495
20.04.12,1190.0,43,32.1,32.5,34.5,32.8,0,151.9392
20.04.12,1200.0,27,31.1,32,34.4,32.3,0,92.167
20.04.12,1210.0,14,30.4,31.5,34.3,31.9,0,43.692
20.04.12,1220.0,5,29.7,31.1,34.3,31.6,0,9.408800000000001
20.04.12,1230.0,1,29,30.5,34.2,31,930,1.9368
20.04.12,1240.0,0,28.4,29.8,34.1,30.3,1518,1.9144
20.04.12,1250.0,0,27.7,29.1,34,29.6,1857,2.379
20.04.12,1260.0,0,27,28.5,34,28.9,2058,2.3695
20.04.12,1270.0,0,26.5,28.1,33.9,28.5,2076,2.8379999999999996
20.04.12,1280.0,0,26.1,27.5,33.8,27.9,2136,2.8314
20.04.12,1290.0,0,25.7,27.2,33.7,27.6,2235,2.8236
20.04.12,1300.0,0,25.4,27,33.7,27.4,2226,2.8194
20.04.12,1310.0,0,25.2,26.8,33.6,27.2,2244,2.8139999999999996
20.04.12,1320.0,0,25,26.6,33.5,27,2226,2.8097999999999996
20.04.12,1330.0,0,24.8,26.4,33.5,26.8,2202,2.8062
20.04.12,1340.0,0,24.6,26.2,33.4,26.6,2184,2.8026
20.04.12,1350.0,0,24.3,26,33.4,26.5,2184,2.7978
20.04.12,1360.0,0,24.1,25.9,33.4,26.3,2145,2.7954
20.04.12,1370.0,0,23.9,25.7,33.4,26.2,2109,2.7918
20.04.12,1380.0,0,23.7,25.6,33.3,26,2034,2.7906
20.04.12,1390.0,0,23.6,25.6,33.2,26,2043,2.7863999999999995
20.04.12,1400.0,0,23.6,25.5,33.1,26,2082,2.781
20.04.12,1410.0,0,23.4,25.3,33,25.8,2103,2.7756
20.04.12,1420.0,0,23.2,25.2,32.8,25.6,2064,2.7725999999999997
20.04.12,1430.0,0,23,25,32.9,25.5,2073,2.7678000000000003
20.04.12,1440.0,0,22.9,24.9,32.7,25.4,2040,2.7647999999999997
21.04.12,10.0,0,22.6,24.8,32.7,25.2,1998,2.7618
21.04.12,20.0,0,22.5,24.7,32.6,25.1,1920,2.3005
21.04.12,30.0,0,22.4,24.5,32.5,25,1905,2.297
21.04.12,40.0,0,22.3,24.4,32.3,24.8,1908,2.2935
21.04.12,50.0,0,22.2,24.2,32.3,24.7,1848,2.2915
21.04.12,60.0,0,22.1,24.1,32.2,24.6,1833,2.2885000000000004
21.04.12,70.0,0,21.8,24.1,32.1,24.6,1773,2.2870000000000004
21.04.12,80.0,0,21.7,23.9,32.1,24.5,1692,2.286
21.04.12,90.0,0,21.5,23.8,32,24.4,1662,2.2835
21.04.12,100.0,0,21.3,23.6,31.9,24.2,1626,2.281
21.04.12,110.0,0,21,23.5,31.8,24,1626,2.2775
21.04.12,120.0,0,20.8,23.5,31.7,24,1581,2.275
21.04.12,130.0,0,20.8,23.4,31.7,24,1542,2.273
21.04.12,140.0,0,20.7,23.4,31.5,24,1527,2.27
21.04.12,150.0,0,20.3,22.9,31.5,23.6,1599,2.263
21.04.12,160.0,0,19.9,22.8,31.4,23.4,1572,2.2595
21.04.12,170.0,0,19.8,22.7,31.3,23.2,1395,2.2615
21.04.12,180.0,0,19.9,22.7,31.2,23.2,1506,2.253
21.04.12,190.0,0,20.1,22.7,31.1,23.2,1497,2.248
21.04.12,200.0,0,20.1,22.5,31,23.1,1485,2.2435
21.04.12,210.0,0,19.9,22.2,30.9,22.7,1479,2.238
21.04.12,220.0,0,19.8,22.1,30.8,22.6,1467,2.2325
21.04.12,230.0,0,19.4,21.7,30.7,22.2,1461,2.2260000000000004
21.04.12,240.0,0,19.1,21.7,30.7,22.2,1464,2.2190000000000003
21.04.12,250.0,0,18.8,21.5,30.5,22,1461,2.2115
21.04.12,260.0,0,18.8,21.5,30.5,22,1452,2.204
21.04.12,270.0,0,18.7,21.4,30.5,21.9,1437,2.196
21.04.12,280.0,0,18.3,21,30.3,21.6,1434,2.1865
21.04.12,290.0,0,18.1,20.7,30.2,21.3,1425,1.7416
21.04.12,300.0,0,18.1,20.6,30.2,21.2,1074,1.7504
21.04.12,310.0,0,17.9,20.3,30.1,21.1,0,1.3622999999999998
21.04.12,320.0,0,17.4,19.9,29.9,20.6,0,1.3703999999999998
21.04.12,330.0,0,17,19.7,29.8,20.4,0,1.3752
21.04.12,340.0,0,16.8,19.5,29.8,20.2,0,1.3785
21.04.12,350.0,0,16.6,19.4,29.7,20.1,0,1.3809
21.04.12,360.0,0,16.6,19.4,29.6,20,0,1.383
21.04.12,370.0,0,16.7,19.5,29.5,20.1,0,1.3844999999999998
21.04.12,380.0,0,16.8,19.5,29.4,20.1,0,1.3857
21.04.12,390.0,0,17.1,19.5,29.2,20.1,0,1.3865999999999998
21.04.12,400.0,0,17.2,19.5,29.1,20,0,1.3875
21.04.12,410.0,0,17,19.3,29,19.8,0,1.3884
21.04.12,420.0,0,16.7,19.1,28.9,19.7,0,0.9259999999999999
21.04.12,430.0,0,16.2,18.6,28.8,19.3,0,1.3893
21.04.12,440.0,0,15.7,18.7,28.7,19.2,0,1.3899
21.04.12,450.0,0,15.5,18.7,28.7,19.2,0,0.9268000000000001
21.04.12,460.0,1,15.3,18.2,28.5,19.1,0,1.3905
21.04.12,470.0,2,15,18.2,28.4,18.7,0,3.2452
21.04.12,480.0,11,15,18.3,28.3,18.7,0,32.528999999999996
21.04.12,490.0,25,15.4,18.7,28.2,18.9,0,81.83
21.04.12,500.0,41,16.1,19,28.1,19.2,0,139.3272
21.04.12,510.0,60,17,19.7,28.1,19.7,0,208.9334
21.04.12,520.0,83,18.3,20.4,28,20,0,291.86080000000004
21.04.12,530.0,111,20,21.1,28,20.6,0,394.3926
21.04.12,540.0,141,21.8,21.5,27.9,20.8,0,502.128
21.04.12,550.0,174,23.4,22.2,27.8,21.1,0,623.0469
21.04.12,560.0,210,24.7,22.5,27.6,21.5,0,756.9906
21.04.12,570.0,239,25.8,23.1,27.6,21.9,0,860.7025
21.04.12,580.0,284,27.3,23.7,27.6,22.4,0,1030.6774
21.04.12,590.0,329,29.4,24.5,27.6,22.8,0,1195.9316000000001
21.04.12,600.0,357,31.3,25.2,27.7,23.3,0,1301.2032
21.04.12,610.0,402,33,25.8,27.7,23.7,387,1465.1854
21.04.12,620.0,447,35.7,26.6,27.7,25,1152,1602.216
21.04.12,630.0,489,38.3,27.5,27.8,25.6,1092,1767.7296000000001
21.04.12,640.0,527,39.1,28.1,27.9,25.7,1059,1908.5237
21.04.12,650.0,562,39.8,28.7,28,26,1089,2041.94
21.04.12,660.0,601,42.1,29.7,28.1,27.2,1065,2198.1145
21.04.12,670.0,634,44.7,30.9,28.3,28,1041,2327.3994000000002
21.04.12,680.0,669,45,31.4,28.4,28.4,1017,2458.6352
21.04.12,690.0,695,45.7,31.6,28.5,29.4,1032,2571.5546999999997
21.04.12,700.0,725,47.2,32.4,28.7,30.1,1053,2682.5526
21.04.12,710.0,748,48.5,33.3,28.8,30.6,1035,2781.999
21.04.12,720.0,773,48.8,33.7,28.9,30.8,1035,2869.9919999999997
21.04.12,730.0,803,50.7,34.6,29.1,31.8,1029,2992.4752
21.04.12,740.0,826,51.8,34.9,29.3,32.3,1008,3091.2147
21.04.12,750.0,845,52.2,35.4,29.4,32.4,1002,3163.161
21.04.12,760.0,864,53.6,36.2,29.6,33.5,975,3238.7354999999993
21.04.12,770.0,881,54,36.6,29.8,33.6,978,3312.8835999999997
21.04.12,780.0,897,56.1,36.6,30.1,35,975,3375.9676999999997
21.04.12,790.0,910,56.3,38,30.2,34.9,975,3430.9046
21.04.12,800.0,912,55.5,37.8,30.4,34.8,975,3434.3298
21.04.12,810.0,920,56.8,38.4,30.6,35.4,969,3466.4268
21.04.12,820.0,927,55.8,38.3,30.7,35.3,993,3505.5356
21.04.12,830.0,939,55.7,39.3,30.9,35.3,999,3549.0142
21.04.12,840.0,939,56.6,39,31.1,35.7,999,3544.2450000000003
21.04.12,850.0,941,57.6,39.4,31.3,36.5,978,3567.7096
21.04.12,860.0,935,59.7,39.4,31.7,38,969,3533.4626999999996
21.04.12,870.0,929,58.6,39.3,31.8,36.7,984,3525.3621000000003
21.04.12,880.0,925,58.1,39.8,32,37.3,945,3507.5296
21.04.12,890.0,911,58.7,39.8,32.2,37.9,990,3450.5789999999997
21.04.12,900.0,897,56.4,40.7,32.4,37.4,981,3417.0879999999997
21.04.12,910.0,888,56.8,40.1,32.7,37.6,975,3376.7160000000003
21.04.12,920.0,871,57.7,39.7,33,38.8,1050,3308.5440000000003
21.04.12,930.0,845,59.3,40.5,33,38.8,1017,3215.4759
21.04.12,940.0,814,57.7,40.3,33.3,38.1,936,3092.9375
21.04.12,950.0,798,56.8,39.7,33.6,38.7,912,3052.863
21.04.12,960.0,770,57.8,41,33.6,39.7,504,2946.4696
21.04.12,970.0,750,57.2,40.8,33.8,39.5,0,2897.9067000000005
21.04.12,980.0,722,57,40.5,33.9,40,0,2797.8771
21.04.12,990.0,695,55.9,40.9,34.1,39.2,0,2694.5581
21.04.12,1000.0,660,54.9,40.3,34.2,39.8,0,2553.069
21.04.12,1010.0,632,54.6,39.8,34.5,41.3,0,2457.2652000000003
21.04.12,1020.0,590,53.9,40.5,34.6,40.1,0,2287.0672
21.04.12,1030.0,560,53.4,39.6,34.7,41.2,0,2178.9243
21.04.12,1040.0,523,52.7,39.7,34.8,41.4,0,2026.2375
21.04.12,1050.0,481,52.2,40,34.9,41.6,0,1863.5915999999997
21.04.12,1060.0,445,50.5,40.2,35.1,41.2,0,1726.532
21.04.12,1070.0,413,48.6,40.1,35.3,40,0,1600.543
21.04.12,1080.0,370,46.6,39.4,35.3,39,0,1430.3914000000002
21.04.12,1090.0,337,46,39.2,35.4,40.1,0,1300.7898
21.04.12,1100.0,297,45.6,38.8,35.4,40.9,0,1138.2657
21.04.12,1110.0,261,44.4,39.2,35.5,40.3,0,998.5242000000001
21.04.12,1120.0,221,43,38.7,35.6,39.8,0,841.5817
21.04.12,1130.0,188,41.5,38.4,35.6,39.8,0,708.096
21.04.12,1140.0,154,40.5,38.2,35.6,39.8,0,577.9997999999999
21.04.12,1150.0,123,39.2,38.2,35.6,38.8,0,452.5116
21.04.12,1160.0,92,37.8,38,35.7,38.6,0,337.77810000000005
21.04.12,1170.0,68,36.4,37.5,35.7,38.4,0,251.95289999999997
21.04.12,1180.0,52,35.4,37,35.7,38.1,0,185.407
21.04.12,1190.0,36,34.3,35.6,35.7,36.5,0,127.34699999999998
21.04.12,1200.0,23,32.6,33.6,35.6,34.1,0,78.1389
21.04.12,1210.0,12,31.4,33,35.5,33.5,195,36.0766
21.04.12,1220.0,4,30.6,32.3,35.4,32.7,1149,6.2634
21.04.12,1230.0,0,29.8,31.7,35.4,32.1,1218,1.9240000000000002
21.04.12,1240.0,0,29.3,31,35.3,31.5,1545,1.9132
21.04.12,1250.0,0,28.8,30.5,35.2,31,1803,2.3800000000000003
21.04.12,1260.0,0,28.3,29.9,35.1,30.4,1935,2.3725
21.04.12,1270.0,0,27.8,29.3,35,29.8,2088,2.8373999999999997
21.04.12,1280.0,0,27.2,28.8,34.9,29.2,2151,2.8302
21.04.12,1290.0,0,26.7,28.4,34.9,28.9,2196,2.8242
21.04.12,1300.0,0,26.3,28.1,34.8,28.5,2223,2.8187999999999995
21.04.12,1310.0,0,26,27.8,34.8,28.3,2208,2.8145999999999995
21.04.12,1320.0,0,25.7,27.4,34.7,27.9,2271,2.808
21.04.12,1330.0,0,25.3,27.1,34.6,27.5,2214,2.8049999999999997
21.04.12,1340.0,0,24.9,26.8,34.6,27.2,2202,2.8013999999999997
21.04.12,1350.0,0,24.4,26.6,34.5,27,2181,2.3315
21.04.12,1360.0,0,24.1,26.5,34.5,26.9,2259,2.7906
21.04.12,1370.0,0,23.9,26.2,34.4,26.7,2235,2.787
21.04.12,1380.0,0,23.7,26.1,34.2,26.5,2226,2.7828
21.04.12,1390.0,0,23.5,25.9,34.2,26.4,2235,2.7779999999999996
21.04.12,1400.0,0,23.4,25.8,34.1,26.3,2259,2.7720000000000002
21.04.12,1410.0,0,23.1,25.8,34.1,26.3,2244,2.7678000000000003
21.04.12,1420.0,0,23,25.7,34.1,26.2,2196,2.7647999999999997
21.04.12,1430.0,0,23,25.6,34,26.1,2169,2.7612
21.04.12,1440.0,0,23,25.6,33.8,26.2,2136,2.7576
22.04.12,10.0,0,23,25.7,33.8,26.2,2070,2.7552
22.04.12,20.0,0,23,25.7,33.7,26.3,2004,2.7528
22.04.12,30.0,0,23,25.7,33.6,26.3,1944,2.7504
22.04.12,40.0,0,23,25.6,33.5,26.3,1905,2.29
22.04.12,50.0,0,22.8,25.5,33.4,26.2,1896,2.2864999999999998
22.04.12,60.0,0,22.8,25.5,33.4,26.2,1875,2.283
22.04.12,70.0,0,22.9,25.4,33.2,26.2,1827,2.2805
22.04.12,80.0,0,22.9,25.4,33,26.1,1794,2.278
22.04.12,90.0,0,22.9,25.3,32.9,26.1,1782,2.2745
22.04.12,100.0,0,22.8,25.2,32.8,26,1740,2.2715
22.04.12,110.0,0,22.5,25,32.7,25.8,1710,1.8148
22.04.12,120.0,0,22.3,24.9,32.6,25.6,1701,1.8116
22.04.12,130.0,0,22.1,24.7,32.5,25.5,1683,1.8084
22.04.12,140.0,0,21.9,24.5,32.5,25.3,1653,1.8056
22.04.12,150.0,0,21.5,24.2,32.4,25,1539,2.2565000000000004
22.04.12,160.0,0,21.5,24.2,32.2,24.8,1434,1.8052000000000001
22.04.12,170.0,0,21.3,24,32,24.8,1503,2.2485
22.04.12,180.0,0,20.9,23.8,32.1,24.5,1491,1.7952000000000001
22.04.12,190.0,0,20.7,23.6,32,24.3,1485,2.2385
22.04.12,200.0,0,20.6,23.6,31.9,24.3,1476,2.2325
22.04.12,210.0,0,20.4,23.4,31.8,24.1,1467,2.2265
22.04.12,220.0,0,19.9,23.1,31.8,23.8,1464,2.2195
22.04.12,230.0,0,19.7,22.9,31.7,23.6,1458,2.2125
22.04.12,240.0,0,19.5,22.8,31.7,23.5,1455,2.204
22.04.12,250.0,0,19.3,22.4,31.5,23.2,1452,2.1955
22.04.12,260.0,0,18.8,21.5,31.5,22.6,1455,2.186
22.04.12,270.0,0,18.2,20.9,31.4,22,1446,2.176
22.04.12,280.0,0,17.9,21.2,31.2,21.9,1176,2.1815
22.04.12,290.0,0,18.3,21.3,31.1,21.9,0,1.3614
22.04.12,300.0,0,18.1,21.3,31.1,21.9,0,1.3698
22.04.12,310.0,0,18.3,21.6,30.9,22.1,0,1.3746
22.04.12,320.0,0,18.1,21,30.8,21.8,0,1.3781999999999999
22.04.12,330.0,0,17.5,20.6,30.7,21.4,0,1.3806
22.04.12,340.0,0,17.2,20.1,30.6,21.1,0,1.3827
22.04.12,350.0,0,16.9,19.6,30.5,20.8,0,1.3841999999999999
22.04.12,360.0,0,16.6,19.4,30.3,20.6,0,1.3854
22.04.12,370.0,0,16.3,19.4,30.3,20.5,0,1.3865999999999998
22.04.12,380.0,0,16.3,19.7,30.1,20.4,0,1.3875
22.04.12,390.0,0,16.3,19.2,30,20.4,0,1.3881000000000001
22.04.12,400.0,0,16.2,18.8,29.9,20.3,0,1.3886999999999998
22.04.12,410.0,0,16.1,19.2,29.8,20.3,0,1.3893
22.04.12,420.0,0,16.3,19.2,29.7,20.4,0,1.3896
22.04.12,430.0,0,16.2,18.4,29.5,20,0,1.3899
22.04.12,440.0,0,15.8,18.6,29.5,19.2,0,1.3902
22.04.12,450.0,0,15.7,18.6,29.4,19.1,0,1.3905
22.04.12,460.0,0,15.8,18.8,29.2,19.2,0,1.3908
22.04.12,470.0,3,15.7,18.9,29.1,19.4,0,6.957
22.04.12,480.0,11,16,18.9,29,19.3,0,34.41
22.04.12,490.0,24,16.4,19.1,29,19.3,0,79.49199999999999
22.04.12,500.0,41,16.9,19.4,28.9,19.5,0,137.386
22.04.12,510.0,60,17.8,20.1,28.8,19.8,0,208.8008
22.04.12,520.0,83,19.2,21,28.7,20.4,0,293.0346
22.04.12,530.0,110,21,22.1,28.6,21.5,0,391.21500000000003
22.04.12,540.0,142,23.2,23.2,28.5,22.7,0,506.56320000000005
22.04.12,550.0,179,25.1,24.2,28.5,23.4,0,640.5504
22.04.12,560.0,217,26.9,25.1,28.4,24.2,0,777.8687
22.04.12,570.0,256,28.5,25.7,28.4,24.6,0,921.2159999999999
22.04.12,580.0,296,30.2,26.5,28.4,25.1,0,1072.5231999999999
22.04.12,590.0,337,32.5,27.1,28.3,25.9,0,1221.2991
22.04.12,600.0,377,34.2,27.7,28.4,26.4,0,1375.0568
22.04.12,610.0,418,36.7,28.2,28.5,27.4,579,1508.058
22.04.12,620.0,461,39.4,29.1,28.6,28.2,1137,1647.3912
22.04.12,630.0,501,41.2,30.5,28.8,28.5,1104,1804.1184
22.04.12,640.0,540,42.5,29.9,28.8,29.4,1053,1954.4840000000002
22.04.12,650.0,576,44.2,31.5,29,30.3,1065,2086.992
22.04.12,660.0,612,46.7,31.5,29.1,31.5,1086,2231.0741
22.04.12,670.0,644,48,32.1,29.3,31.8,1080,2353.692
22.04.12,680.0,675,49,33.1,29.4,32.1,1089,2476.0924999999997
22.04.12,690.0,704,50.2,33.3,29.5,33.1,1053,2586.5954
22.04.12,700.0,732,51.6,33.7,29.7,33.4,996,2697.0312000000004
22.04.12,710.0,760,53.7,35.2,29.8,34.7,969,2816.9752
22.04.12,720.0,788,55.7,35.9,29.9,35.5,975,2918.025
22.04.12,730.0,811,56.3,36.2,30.2,35.8,996,3013.5336
22.04.12,740.0,834,55.9,35.9,30.5,36,1059,3110.9804
22.04.12,750.0,855,57,36.6,30.7,36.5,1068,3184.7760000000003
22.04.12,760.0,874,57.9,37.4,30.9,36.8,1074,3270.0368
22.04.12,770.0,891,58.9,37.7,31.1,37.6,1050,3325.9760000000006
22.04.12,780.0,904,59.3,37.8,31.3,37.5,1032,3384.9997
22.04.12,790.0,914,59,38.2,31.6,38.3,1098,3435.6324
22.04.12,800.0,922,59.2,38.9,31.9,38.4,1137,3459.3648000000003
22.04.12,810.0,931,60.3,39.3,32.1,38.9,1050,3495.4227000000005
22.04.12,820.0,939,61.3,40,32.4,39.6,960,3542.0252
22.04.12,830.0,942,61.3,40.4,32.7,40,960,3549.8384
22.04.12,840.0,944,60.5,41.2,32.8,39.7,996,3568.0721999999996
22.04.12,850.0,943,61.3,41.3,33.3,40.4,1029,3564.2688
22.04.12,860.0,939,60.2,41.2,33.5,40,1056,3557.0817
22.04.12,870.0,936,60.8,40.5,33.8,40.7,990,3565.144
22.04.12,880.0,933,61.8,41.4,34,41.4,984,3549.917
22.04.12,890.0,929,62.1,41.3,34.2,41.6,981,3528.5051999999996
22.04.12,900.0,914,62.2,41.6,34.4,42,1011,3483.8225999999995
22.04.12,910.0,902,61.5,41.7,34.6,41.7,1071,3428.2316
22.04.12,920.0,887,60.6,42.6,34.7,41.5,1077,3384.0216
22.04.12,930.0,870,61.5,41.7,35,42.6,1095,3305.582
22.04.12,940.0,851,61.1,42.9,35.1,42.4,1080,3238.7913
22.04.12,950.0,774,60,42.4,35.3,42.7,1026,2954.3316
22.04.12,960.0,718,57.9,42.1,35.5,42.7,1017,2730.3033
22.04.12,970.0,665,57.3,41.7,35.7,42.7,996,2524.252
22.04.12,980.0,762,57.9,42.8,35.8,42.7,948,2918.0607999999997
22.04.12,990.0,733,59,42.6,36.1,43.4,933,2799.7194999999997
22.04.12,1000.0,689,58.8,42.6,36.1,43.6,1029,2627.5347
22.04.12,1010.0,618,56.5,42.2,36.4,43.2,996,2344.7879000000003
22.04.12,1020.0,631,55.7,41.9,36.5,43.5,1020,2397.899
22.04.12,1030.0,568,55.9,42.4,36.5,44.4,1062,2154.651
22.04.12,1040.0,520,54.1,42.2,36.7,43.5,1107,1961.1788000000001
22.04.12,1050.0,512,52.6,41.6,36.8,43.6,1155,1925.6041
22.04.12,1060.0,466,52.3,42,36.9,43.7,1317,1744.5483
22.04.12,1070.0,447,51.8,42,36.9,44,1293,1665.1228
22.04.12,1080.0,420,51.6,42.3,36.9,43.9,1410,1554.0732
22.04.12,1090.0,378,50.4,41.9,37.1,43.6,1353,1388.115
22.04.12,1100.0,332,48.8,41.6,37.2,43.4,1389,1209.9362
22.04.12,1110.0,293,48,41.5,37.1,44.1,1428,1064.8438
22.04.12,1120.0,252,46.6,41.2,37.2,43.5,1422,910.498
22.04.12,1130.0,202,44.9,40.8,37.3,42.9,1458,717.7808
22.04.12,1140.0,156,42.9,40.4,37.3,42.3,1470,551.2493
22.04.12,1150.0,135,41.9,40.6,37.3,42.1,1485,469.9435
22.04.12,1160.0,107,40.8,40.8,37.3,42.1,1458,388.74240000000003
22.04.12,1170.0,81,39.6,40.2,37.3,41.6,1392,284.9443
22.04.12,1180.0,53,38.2,39.4,37.2,41.1,1452,182.567
22.04.12,1190.0,36,37,38.8,37.2,40.3,1443,124.5042
22.04.12,1200.0,33,36,38.5,37.2,40,1422,111.17850000000001
22.04.12,1210.0,21,35.2,38,37.2,39.6,1416,69.4428
22.04.12,1220.0,6,34.3,37.6,37.2,39,1434,14.145
22.04.12,1230.0,2,33.6,37.1,37.2,38.6,1554,3.2914000000000003
22.04.12,1240.0,0,32.5,36.2,37.1,37.7,1809,2.3405
22.04.12,1250.0,0,31.8,35.6,37.1,36.9,2022,2.7971999999999997
22.04.12,1260.0,0,31.5,34.3,37,35.9,2124,2.7894
22.04.12,1270.0,0,31.4,33.5,36.9,34.5,2169,2.7828
22.04.12,1280.0,0,31.5,33.2,36.8,33.8,2112,2.7798
22.04.12,1290.0,0,31.1,32.7,36.7,33.3,2235,2.7714
22.04.12,1300.0,0,30.6,32.3,36.7,32.9,2325,2.7624
22.04.12,1310.0,0,30.3,32.2,36.7,32.7,2211,2.7612
22.04.12,1320.0,0,30,32,36.6,32.6,2268,2.754
22.04.12,1330.0,0,29.8,31.7,36.6,32.3,2226,2.2920000000000003
22.04.12,1340.0,0,29.4,31.4,36.6,32,2220,2.2875
22.04.12,1350.0,0,28.9,31.2,36.6,31.8,2217,2.283
22.04.12,1360.0,0,29,31.7,36.5,32.3,2184,2.279
22.04.12,1370.0,0,29.6,31.9,36.4,32.7,2124,2.2760000000000002
22.04.12,1380.0,0,29.5,31.7,36.4,32.5,2085,2.727
22.04.12,1390.0,0,29.4,31.5,36.3,32.3,2109,2.7204
22.04.12,1400.0,0,29,31.1,36.3,31.9,2094,2.262
22.04.12,1410.0,0,28.6,30.8,36.2,31.5,2064,2.258
22.04.12,1420.0,0,28.4,30.6,36.2,31.3,2037,2.253
22.04.12,1430.0,0,28.1,30.4,36.1,31.1,1983,2.249
22.04.12,1440.0,0,27.8,30.1,36,30.8,1956,2.2435
23.04.12,10.0,0,27.4,29.8,36,30.5,1956,2.2375000000000003
23.04.12,20.0,0,27,29.4,35.9,30.2,1953,2.2295000000000003
23.04.12,30.0,0,26.7,29.3,35.8,30,1962,2.6652
23.04.12,40.0,0,26.4,29.1,35.8,29.8,1938,2.655
23.04.12,50.0,0,26.2,28.9,35.6,29.6,1836,2.206
23.04.12,60.0,0,26,28.8,35.5,29.5,1701,2.202
23.04.12,70.0,0,25.8,28.6,35.4,29.4,1659,2.193
23.04.12,80.0,0,25.8,28.7,35.2,29.3,1632,2.183
23.04.12,90.0,0,26.1,28.4,35.2,29.2,1599,2.172
23.04.12,100.0,0,25.8,28.1,35.2,28.8,1035,2.1940000000000004
23.04.12,110.0,0,26,28.3,35.1,29,0,1.8184
23.04.12,120.0,0,26.1,28.1,35,28.8,0,1.3713
23.04.12,130.0,0,26,28,34.9,28.6,0,1.3760999999999999
23.04.12,140.0,0,25.9,27.9,34.8,28.5,0,1.3797
23.04.12,150.0,0,25.8,27.9,34.6,28.6,0,1.8428
23.04.12,160.0,0,25.8,27.9,34.6,28.6,0,1.8452000000000002
23.04.12,170.0,0,25.7,27.8,34.4,28.4,0,1.8468
23.04.12,180.0,0,25.3,27.6,34.3,28.3,0,1.8484
23.04.12,190.0,0,24.9,27.5,34.2,28.2,0,1.8496000000000001
23.04.12,200.0,0,24.7,27.4,34.1,28.1,0,1.8504
23.04.12,210.0,0,24.5,27.2,34.1,27.9,0,1.8512000000000002
23.04.12,220.0,0,24.4,27.3,33.9,27.9,0,1.8519999999999999
23.04.12,230.0,0,24.4,27.2,33.8,27.9,0,1.8524
23.04.12,240.0,0,24.3,27.1,33.6,27.8,0,1.8528
23.04.12,250.0,0,24.5,27.1,33.6,27.8,0,1.8532
23.04.12,260.0,0,24.6,26.8,33.5,27.5,0,1.3899
23.04.12,270.0,0,24.6,26.8,33.4,27.5,0,1.8536000000000001
23.04.12,280.0,0,24.2,26.8,33.2,27.4,0,1.3902
23.04.12,290.0,0,24,26.7,32.9,27.3,0,1.3905
23.04.12,300.0,0,23.9,26.6,32.8,27.2,0,1.3905
23.04.12,310.0,0,23.8,26.3,33,27,0,1.3905
23.04.12,320.0,0,23.8,26.3,32.9,26.9,0,1.3908
23.04.12,330.0,0,23.9,26.4,32.8,26.9,0,1.3908
23.04.12,340.0,0,24.1,26.1,32.6,27,0,1.3908
23.04.12,350.0,0,24,26.1,32.5,27,0,1.3908
23.04.12,360.0,0,23.4,26,32.5,26.8,0,1.3908
23.04.12,370.0,0,22.8,25.5,32.4,26.5,0,1.3908
23.04.12,380.0,0,22.2,25,32.3,26.2,0,1.3908
23.04.12,390.0,0,22,25.2,32.2,25.9,0,1.3910999999999998
23.04.12,400.0,0,21.8,24.9,32.1,25.9,0,1.3908
23.04.12,410.0,0,21.5,24.5,32.2,25.6,0,1.3910999999999998
23.04.12,420.0,0,21.1,24.5,31.9,25.3,0,1.3910999999999998
23.04.12,430.0,0,21,24.2,31.8,25.3,0,1.3910999999999998
23.04.12,440.0,0,20.9,24.2,31.7,24.9,0,1.3910999999999998
23.04.12,450.0,0,20.9,24,31.7,25,0,1.8548
23.04.12,460.0,0,20.7,23.9,31.6,24.8,0,1.8548
23.04.12,470.0,3,20.8,23.9,31.3,24.6,0,5.5656
23.04.12,480.0,13,21.4,24,31.2,24.6,0,40.463699999999996
23.04.12,490.0,31,21.7,24.1,31.2,24.6,0,103.94040000000001
23.04.12,500.0,52,21.9,23,31.1,24.1,0,181.2965
23.04.12,510.0,75,22.5,24.1,31,24.3,0,264.9042
23.04.12,520.0,97,23.6,24.8,31,24.9,0,346.0896
23.04.12,530.0,123,25.1,25.7,31,25.4,0,440.9216
23.04.12,540.0,157,27,26.7,31,26.2,0,563.35
23.04.12,550.0,190,29.1,27.5,31,27.1,0,686.9688
23.04.12,560.0,221,31,28.6,31,27.4,0,797.759
23.04.12,570.0,248,33.3,29.7,31,28.6,0,902.4359999999999
23.04.12,580.0,274,35,30.1,31.1,29.3,0,994.014
23.04.12,590.0,310,36.6,30.9,31.1,29.5,0,1129.5736
23.04.12,600.0,346,37.4,31.2,31.1,29.7,0,1267.032
23.04.12,610.0,384,38,31.6,31.1,29.8,0,1405.9141
23.04.12,620.0,428,39.4,32.4,31.2,30.1,918,1545.8655999999999
23.04.12,630.0,468,41.7,33.3,31.3,30.7,1242,1688.0249999999999
23.04.12,640.0,505,43.7,33.7,31.4,31.1,1227,1822.7132000000001
23.04.12,650.0,539,46.3,34.7,31.5,32.1,1182,1960.4627999999998
23.04.12,660.0,569,48.6,36.3,31.6,33.8,1116,2073.082
23.04.12,670.0,609,50.3,36.7,31.7,35,1077,2223.9056
23.04.12,680.0,647,52.6,37.6,31.8,36.6,1056,2378.496
23.04.12,690.0,681,53.6,37.3,32,37,1050,2505.4424
23.04.12,700.0,713,54.3,37.9,32.1,36.4,1062,2627.2405
23.04.12,710.0,746,56.3,39.2,32.2,37.3,1107,2762.8570000000004
23.04.12,720.0,784,56.6,38.8,32.4,36.9,1113,2902.4957
23.04.12,730.0,804,55.6,39.5,32.6,36.2,1092,2991.9979
23.04.12,740.0,805,58.6,39.4,32.8,37.9,1125,2986.9986
23.04.12,750.0,820,58.9,39.3,33,38.9,1092,3049.408
23.04.12,760.0,850,59.7,39.3,33.2,38.9,1068,3176.1041
23.04.12,770.0,864,60,40.7,33.3,38.9,1032,3221.3376000000003
23.04.12,780.0,866,60.5,41.3,33.6,40.5,1014,3236.7942
23.04.12,790.0,885,61.1,41.1,33.9,41.1,999,3325.6079999999997
23.04.12,800.0,909,62.1,41,34,41.4,975,3410.1863999999996
23.04.12,810.0,918,61.3,40.5,34.5,40.9,960,3465.228
23.04.12,820.0,916,60.9,40.9,34.7,41.1,975,3453.695
23.04.12,830.0,932,61.6,41,34.9,41.3,1077,3522.324
23.04.12,840.0,932,63.1,41.7,35,42,1074,3526.1892
23.04.12,850.0,928,63.3,42.3,35.3,41.9,1131,3502.0771000000004
23.04.12,860.0,926,62.9,41.9,35.5,42.3,1119,3501.5254999999997
23.04.12,870.0,920,62.1,42,35.7,42.7,1035,3498.8088
23.04.12,880.0,915,62.6,42.4,35.8,43.1,951,3472.4144
23.04.12,890.0,907,62.8,42.2,36.2,43.1,960,3452.0132
23.04.12,900.0,895,62.7,42.1,36.4,42.9,960,3396.3565
23.04.12,910.0,883,62.2,42.5,36.6,43.3,972,3360.1893
23.04.12,920.0,866,62.4,43,36.7,43.1,960,3305.6896
23.04.12,930.0,845,62.6,43.3,36.9,43.5,933,3218.593
23.04.12,940.0,830,62.2,43.5,37.1,43.5,933,3166.7200000000003
23.04.12,950.0,803,60.7,42.7,37.4,43.6,930,3075.1605
23.04.12,960.0,784,60.2,43.1,37.5,43.8,198,3030.0512
23.04.12,970.0,758,60.1,42.8,37.6,43.6,0,2951.91
23.04.12,980.0,730,59.4,42.8,37.8,44.2,0,2841.418
23.04.12,990.0,699,59.4,43,37.9,44.5,0,2720.6332
23.04.12,1000.0,668,58.1,43.1,38.1,44.4,0,2612.1654
23.04.12,1010.0,635,56.7,42.6,38.3,44.6,0,2478.52
23.04.12,1020.0,602,56.2,43,38.3,44.6,0,2350.2154
23.04.12,1030.0,571,55.6,43,38.4,44.3,0,2235.4813
23.04.12,1040.0,533,55,43.2,38.6,44.3,0,2084.1788
23.04.12,1050.0,493,54.2,42.9,38.6,44.5,0,1928.2403000000002
23.04.12,1060.0,458,53.2,43.2,38.8,44.4,0,1782.63
23.04.12,1070.0,418,52,42.5,38.9,44.7,0,1625.7289
23.04.12,1080.0,379,50.6,42.9,38.9,43.8,0,1473.066
23.04.12,1090.0,339,50.2,42.8,39,44.6,0,1313.13
23.04.12,1100.0,300,48.9,42.5,39.1,44.1,0,1154.9631000000002
23.04.12,1110.0,258,47.7,42.1,39.1,44,0,993.1133
23.04.12,1120.0,220,46.1,41.9,39.2,43.6,0,837.9591999999999
23.04.12,1130.0,181,44.9,41.7,39.2,43.3,0,669.6144
23.04.12,1140.0,151,43.6,41.3,39.2,43.1,0,553.9007
23.04.12,1150.0,120,42.2,41.1,39.2,42.7,0,461.56319999999994
23.04.12,1160.0,93,41,41,39.2,42.3,0,346.1793
23.04.12,1170.0,60,39.6,40.4,39.2,41.8,0,215.97409999999996
23.04.12,1180.0,43,38.4,39.9,39.2,41.1,0,154.28369999999998
23.04.12,1190.0,41,37.6,39.7,39.2,40.9,0,147.1165
23.04.12,1200.0,25,36.9,39.2,39.1,40.5,0,87.00999999999999
23.04.12,1210.0,14,35.9,38.8,39.1,40.1,0,43.117200000000004
23.04.12,1220.0,5,35.2,38.5,39.1,39.8,0,8.4048
23.04.12,1230.0,1,34.9,38.1,39.1,39.4,0,1.9747999999999999
23.04.12,1240.0,0,34,37.4,39.1,38.8,1227,1.9284000000000001
23.04.12,1250.0,0,33.2,36.4,39,37.8,1863,2.3845
23.04.12,1260.0,0,32.8,34.4,38.9,35.4,2031,2.8505999999999996
23.04.12,1270.0,0,31.7,33,38.7,33.5,2064,2.8446
23.04.12,1280.0,0,30.9,32.4,38.6,32.9,2100,2.8386
23.04.12,1290.0,0,30.3,32.2,38.5,32.6,2226,2.8289999999999997
23.04.12,1300.0,0,30,31.9,38.5,32.4,2220,2.8242
23.04.12,1310.0,0,29.7,31.7,38.5,32.2,2175,2.8212
23.04.12,1320.0,0,29.3,31.4,38.4,31.9,2160,2.8176
23.04.12,1330.0,0,29.3,31.4,38.4,31.9,2211,2.811
23.04.12,1340.0,0,29.3,31.4,38.3,31.9,2190,2.8074
23.04.12,1350.0,0,29.1,31.5,38.3,32,2157,2.3365
23.04.12,1360.0,0,29.3,31.6,38.3,32.1,2112,2.3345
23.04.12,1370.0,0,29.3,31.6,38.2,32.2,2076,2.3325
23.04.12,1380.0,0,29.4,31.7,38.2,32.3,2037,2.3305000000000002
23.04.12,1390.0,0,29.4,31.6,38.1,32.3,1956,2.3295000000000003
23.04.12,1400.0,0,29.3,31.5,38,32.2,1953,1.8612000000000002
23.04.12,1410.0,0,29.1,31.2,37.9,32,1914,2.3245
23.04.12,1420.0,0,28.7,30.9,37.7,31.6,1920,2.321
23.04.12,1430.0,0,28.2,30.7,37.7,31.4,1953,2.317
23.04.12,1440.0,0,28,30.6,37.5,31.3,1935,2.314
24.04.12,10.0,0,28.1,30.6,37.4,31.3,1944,2.31
24.04.12,20.0,0,28.2,30.4,37.3,31.1,1905,2.3075
24.04.12,30.0,0,27.8,30.1,37.2,30.8,1854,2.306
24.04.12,40.0,0,27.5,29.9,37,30.6,1767,2.305
24.04.12,50.0,0,27.5,29.8,36.9,30.5,1740,2.3030000000000004
24.04.12,60.0,0,27.2,29.4,36.7,30.1,1692,2.301
24.04.12,70.0,0,26.6,29.2,36.6,29.9,1671,1.8388
24.04.12,80.0,0,26.7,29.3,36.3,30,1668,1.8363999999999998
24.04.12,90.0,0,26.7,29.3,36.3,30,1518,1.8376
24.04.12,100.0,0,26.7,29,36.3,29.7,1566,1.834
24.04.12,110.0,0,26.2,28,36.2,29,1605,1.8304
24.04.12,120.0,0,25.4,27.4,35.8,28.3,1581,2.2855000000000003
24.04.12,130.0,0,25.2,27.9,35.9,28.7,1572,1.8256000000000001
24.04.12,140.0,0,25.1,28.1,35.7,28.9,1554,2.279
24.04.12,150.0,0,24.8,27.9,35.7,28.7,1527,1.8208000000000002
24.04.12,160.0,0,24.6,27.8,35.7,28.6,1602,2.27
24.04.12,170.0,0,24.1,27,35.6,28,1593,2.2655000000000003
24.04.12,180.0,0,23.7,26.9,35.6,27.8,1578,2.2615
24.04.12,190.0,0,23.8,27.1,35.5,27.8,1404,2.263
24.04.12,200.0,0,23.9,27.3,35.3,28.1,1521,2.254
24.04.12,210.0,0,23.9,27,35.3,27.8,1524,1.7984
24.04.12,220.0,0,23.7,26.8,35.2,27.6,1503,2.243
24.04.12,230.0,0,23.1,26.4,35.1,27.4,1491,2.2375000000000003
24.04.12,240.0,0,22.8,26.4,35,27.1,1479,2.232
24.04.12,250.0,0,22.9,26.6,34.7,27.2,1470,2.2260000000000004
24.04.12,260.0,0,22.9,26.4,34.7,27.1,1461,2.2190000000000003
24.04.12,270.0,0,22.5,26,34.6,26.9,1458,2.212
24.04.12,280.0,0,22.1,25.2,34.6,26.3,1452,2.2045000000000003
24.04.12,290.0,0,21.5,24.9,34.5,25.9,1452,2.196
24.04.12,300.0,0,21.2,24.5,34.5,25.6,1455,2.1870000000000003
24.04.12,310.0,0,20.8,23.6,34.3,24.8,1449,2.1774999999999998
24.04.12,320.0,0,20.3,23.9,34.3,24.7,1446,2.1670000000000003
24.04.12,330.0,0,20.1,23.6,34.2,24.7,42,1.8072
24.04.12,340.0,0,19.9,22.9,34,24.3,0,1.3668
24.04.12,350.0,0,19.6,23.2,33.9,24,0,1.3719
24.04.12,360.0,0,19.7,23.7,33.9,24.2,0,1.3752
24.04.12,370.0,0,19.8,23.1,33.7,24.2,0,1.3779
24.04.12,380.0,0,19.5,22.5,33.5,24,0,1.38
24.04.12,390.0,0,19.1,22.5,33.4,23.5,0,1.3815
24.04.12,400.0,0,19.3,22.6,33.3,23.2,0,1.383
24.04.12,410.0,0,19.3,22.9,33.3,23.3,0,1.3839000000000001
24.04.12,420.0,0,19.2,22.7,33.1,23.4,0,1.3847999999999998
24.04.12,430.0,0,19.4,22.8,33.1,23.5,0,1.3854
24.04.12,440.0,0,19.3,22.3,32.9,23.3,0,1.3862999999999999
24.04.12,450.0,0,18.8,21.4,32.8,23.1,0,1.3868999999999998
24.04.12,460.0,1,18.4,21.5,32.6,22.9,0,2.3120000000000003
24.04.12,470.0,5,18.2,21.4,32.5,22.5,0,13.4241
24.04.12,480.0,15,18.5,21.4,32.4,22.1,0,49.247600000000006
24.04.12,490.0,35,19.2,21.7,32.3,22.1,0,119.80799999999999
24.04.12,500.0,59,20.5,22.4,32.1,22.4,0,207.24
24.04.12,510.0,86,21.9,23.5,32.2,22.9,0,303.7532
24.04.12,520.0,105,23.4,24.4,32.1,23.8,0,373.43300000000005
24.04.12,530.0,112,24.9,25.2,32.1,24.5,0,399.3469999999999
24.04.12,540.0,111,25.7,25.8,32.1,25.4,0,393.3426
24.04.12,550.0,139,27,26.7,31.9,26.2,0,495.17640000000006
24.04.12,560.0,191,28.8,27.7,31.8,26.7,0,683.9128000000001
24.04.12,570.0,235,31.1,28.5,31.8,27.4,0,849.1728
24.04.12,580.0,272,33.2,29.1,31.7,28.1,0,983.3184
24.04.12,590.0,311,35.2,29.6,31.6,29.2,0,1129.869
24.04.12,600.0,354,36.8,30.4,31.7,30,0,1296.5865000000001
24.04.12,610.0,397,38.9,30.9,31.7,30.7,0,1451.9759999999999
24.04.12,620.0,376,39.4,31.6,31.8,31.2,0,1378.7712
24.04.12,630.0,452,40.7,31.8,31.8,31.4,924,1636.743
24.04.12,640.0,507,42.9,32.8,32,32,1197,1830.0687000000003
24.04.12,650.0,531,43.9,32.8,32,32.5,1140,1929.8330999999998
24.04.12,660.0,546,45.1,33.6,32.2,33,1113,1989.897
24.04.12,670.0,603,46.4,33.6,32.3,33.7,1083,2203.2816000000003
24.04.12,680.0,642,47.7,34,32.5,34.1,1080,2365.3576000000003
24.04.12,690.0,670,49,34.5,32.6,34.5,1050,2466.2064
24.04.12,700.0,704,50.5,35.2,32.8,35.1,1050,2608.326
24.04.12,710.0,723,52,36,32.9,35.8,1059,2677.9064
24.04.12,720.0,747,53.3,36,33.1,36.3,1017,2774.2437999999997
24.04.12,730.0,771,53.6,36.6,33.3,36.4,1023,2878.3152
24.04.12,740.0,793,54.5,36.8,33.4,37.1,1041,2957.5008
24.04.12,750.0,810,55.3,37.4,33.6,37.4,1032,3029.6028
24.04.12,760.0,825,57.2,38.4,33.7,38.2,1041,3097.5480000000002
24.04.12,770.0,840,57.8,38.7,34,38.5,1020,3148.3559999999998
24.04.12,780.0,858,57.8,38.7,34.2,38.5,1014,3230.471
24.04.12,790.0,872,58,39.3,34.4,39,1008,3280.7774999999997
24.04.12,800.0,879,58.8,39.6,34.6,39.6,960,3312.8835999999997
24.04.12,810.0,888,58.9,39.7,34.9,39.7,978,3365.0738
24.04.12,820.0,892,59.4,40.6,35,40.2,987,3380.4990000000003
24.04.12,830.0,893,60.2,40.4,35.2,40.5,984,3381.1652000000004
24.04.12,840.0,893,61,41.2,35.4,41,975,3392.7567
24.04.12,850.0,890,61.3,41.2,35.6,41.2,963,3376.2149999999997
24.04.12,860.0,884,60.6,41.3,35.9,41.2,954,3369.7445
24.04.12,870.0,884,60,41.4,36.1,41.2,960,3365.6227000000003
24.04.12,880.0,871,60,41.2,36.2,41.6,996,3317.9553000000005
24.04.12,890.0,871,60.2,42.1,36.4,41.7,969,3326.5307000000003
24.04.12,900.0,870,60.2,42.5,36.6,41.9,960,3316.724
24.04.12,910.0,859,61.5,43,36.7,42.7,987,3270.1914
24.04.12,920.0,841,62.1,42.6,37,43.2,981,3213.5612
24.04.12,930.0,812,60.1,42.2,37.2,43,960,3097.8734999999997
24.04.12,940.0,794,60.2,42.4,37.3,43.1,483,3059.6153000000004
24.04.12,950.0,773,58.9,42.1,37.4,43.2,0,2993.7375
24.04.12,960.0,757,58.6,42,37.6,43.5,0,2938.194
24.04.12,970.0,733,58.3,42.6,37.8,43.4,0,2852.85
24.04.12,980.0,693,57.7,42.7,37.9,42.9,0,2693.089
24.04.12,990.0,684,57.2,42.5,38,43.7,0,2659.8474
24.04.12,1000.0,594,56.8,42.6,38.2,44.1,0,2309.085
24.04.12,1010.0,652,55.8,42.8,38.3,43.6,0,2541.992
24.04.12,1020.0,477,54.6,42.1,38.5,43.3,0,1850.8473000000001
24.04.12,1030.0,497,52,42,38.5,43,0,1931.9716000000003
24.04.12,1040.0,530,52.7,42.4,38.6,43.7,0,2069.7534
24.04.12,1050.0,530,53.6,42.5,38.7,43.6,0,2077.56
24.04.12,1060.0,465,52.9,42.6,38.8,44,0,1816.3734000000002
24.04.12,1070.0,364,51.2,42.1,38.9,43.9,0,1413.7215
24.04.12,1080.0,369,49.7,42.1,38.9,43.8,0,1436.414
24.04.12,1090.0,345,49.3,41.8,39,44.1,0,1342.9138
24.04.12,1100.0,306,48.3,41.9,39.1,44.1,0,1190.0715
24.04.12,1110.0,262,47.2,41.8,39.1,43.5,0,1010.9172000000001
24.04.12,1120.0,220,45.6,41.3,39.1,43,0,838.4921999999999
24.04.12,1130.0,174,44,40.9,39.2,42.5,0,648.0843
24.04.12,1140.0,98,41.7,40.3,39.1,42,0,365.47249999999997
24.04.12,1150.0,75,39.6,40,39.1,41.3,0,279.05639999999994
24.04.12,1160.0,91,39.2,40.1,39.1,41.1,0,336.943
24.04.12,1170.0,86,39.2,39.9,39.1,40.9,0,318.71180000000004
24.04.12,1180.0,57,38.3,39.4,39.1,40.5,0,207.7075
24.04.12,1190.0,36,37.1,38.9,39.1,40.1,0,126.06989999999999
24.04.12,1200.0,22,36.2,38.6,39.1,39.7,459,72.2211
24.04.12,1210.0,12,35.5,38.2,39.1,39.4,1215,36.105000000000004
24.04.12,1220.0,4,34.8,37.8,39,39,1242,7.6896
24.04.12,1230.0,0,34.3,37.5,39,38.5,1407,2.395
24.04.12,1240.0,0,33.7,36.9,39,38,1737,2.3815000000000004
24.04.12,1250.0,0,33.2,36.6,38.9,37.6,2034,2.369
24.04.12,1260.0,0,33.1,36.4,38.9,37.3,2166,2.8331999999999997
24.04.12,1270.0,0,32.9,36.1,38.9,37.1,2226,2.8266
24.04.12,1280.0,0,32.6,35.9,38.8,36.8,2322,2.8187999999999995
24.04.12,1290.0,0,32.1,35.4,38.8,36.5,2343,2.8128
24.04.12,1300.0,0,32.3,35,38.7,35.9,2334,2.808
24.04.12,1310.0,0,32.2,34.5,38.7,35.3,2283,2.8049999999999997
24.04.12,1320.0,0,31.8,33.9,38.6,34.7,2262,2.8013999999999997
24.04.12,1330.0,0,31.3,33.6,38.5,34.4,2247,2.7971999999999997
24.04.12,1340.0,0,30.9,33.2,38.5,34,2223,2.7936
24.04.12,1350.0,0,30.7,32.9,38.4,33.6,2178,2.7906
24.04.12,1360.0,0,30.3,32.4,38.4,33.2,2169,2.7863999999999995
24.04.12,1370.0,0,29.8,32,38.2,32.7,2124,2.784
24.04.12,1380.0,0,29.4,31.6,38.1,32.3,2130,2.7792
24.04.12,1390.0,0,29,31.3,37.9,32.1,2091,2.7762000000000002
24.04.12,1400.0,0,28.6,31,37.8,31.7,2073,2.7725999999999997
24.04.12,1410.0,0,28.4,30.6,37.7,31.3,2049,2.7689999999999997
24.04.12,1420.0,0,28,30.2,37.6,30.9,2022,2.3045000000000004
24.04.12,1430.0,0,27.6,29.9,37.4,30.5,2013,2.301
24.04.12,1440.0,0,27.3,29.6,37.1,30.3,1995,2.298
25.04.12,10.0,0,27,29.4,37,30,1857,2.2985
25.04.12,20.0,0,26.8,29.2,36.8,29.9,1794,2.297
25.04.12,30.0,0,26.7,29.1,36.6,29.7,1701,1.8372
25.04.12,40.0,0,26.6,28.9,36.5,29.5,1668,1.8356000000000001
25.04.12,50.0,0,26.2,28.7,36.4,29.3,1614,1.8344
25.04.12,60.0,0,25.9,28.4,36.2,29,1572,1.8328
25.04.12,70.0,0,25.7,28.2,36.1,28.8,1554,1.8308000000000002
25.04.12,80.0,0,25.4,28,35.9,28.7,1548,1.8284
25.04.12,90.0,0,25.2,27.8,35.8,28.4,1548,1.8256000000000001
25.04.12,100.0,0,25.1,27.5,35.8,28.2,1539,1.8228
25.04.12,110.0,0,25.1,27.4,35.6,28,1563,2.274
25.04.12,120.0,0,25,27.2,35.4,27.8,1641,2.2670000000000003
25.04.12,130.0,0,24.8,27,35.3,27.6,1650,2.2615
25.04.12,140.0,0,24.5,26.9,35.2,27.5,1470,2.2625
25.04.12,150.0,0,24.1,26.3,35.2,27,1524,2.2565000000000004
25.04.12,160.0,0,23.4,25.7,35.1,26.5,1527,1.8004
25.04.12,170.0,0,23,25.7,35.1,26.4,1452,2.248
25.04.12,180.0,0,22.9,25.5,35,26.3,1449,2.2425
25.04.12,190.0,0,22.1,24.7,35,25.6,1437,1.7896
25.04.12,200.0,0,21.4,24.5,34.9,25.2,1437,1.7848
25.04.12,210.0,0,21,23.5,34.6,24.5,1431,2.2245000000000004
25.04.12,220.0,0,20.5,23.9,34.6,24.3,1428,2.2175000000000002
25.04.12,230.0,0,20.4,23.5,34.5,24.6,1419,2.2105
25.04.12,240.0,0,19.8,23.6,34.3,24.4,1407,2.2035
25.04.12,250.0,0,20.6,23.7,34.3,24.6,1398,2.1965
25.04.12,260.0,0,20.4,23.4,34.2,24.1,1395,2.188
25.04.12,270.0,0,20.4,23.9,34.1,24.5,1389,2.179
25.04.12,280.0,0,19.9,23.7,34.1,24.5,135,1.806
25.04.12,290.0,0,19.9,23.6,33.8,24.3,0,1.3685999999999998
25.04.12,300.0,0,19.9,23.2,33.8,23.9,0,1.3734
25.04.12,310.0,0,19.5,23.1,33.7,23.7,0,1.3767
25.04.12,320.0,0,19,21.9,33.6,23.2,0,1.3791
25.04.12,330.0,0,18.6,21.9,33.5,22.6,0,1.3812
25.04.12,340.0,0,17.9,21.2,33.3,22.4,0,1.3827
25.04.12,350.0,0,17.6,21.1,33.1,22,0,1.3839000000000001
25.04.12,360.0,0,18,22.2,33,22.6,0,1.3851
25.04.12,370.0,0,18.5,22.1,33,22.7,0,1.3860000000000001
25.04.12,380.0,0,18.6,21.9,32.8,22.5,0,1.3865999999999998
25.04.12,390.0,0,18.4,21.4,32.7,22.2,0,1.3872
25.04.12,400.0,0,17.7,20.5,32.5,21.5,0,1.3878
25.04.12,410.0,0,17.1,20.2,32.3,21.2,0,1.3881000000000001
25.04.12,420.0,0,16.9,20.4,32.2,21.4,0,1.3884
25.04.12,430.0,0,17.4,21.1,32.2,21.9,0,1.8519999999999999
25.04.12,440.0,0,17.2,20.5,32.1,21.8,0,1.8519999999999999
25.04.12,450.0,0,16.7,19.8,31.9,21.2,0,1.8524
25.04.12,460.0,0,16.5,20.2,31.8,20.9,0,1.3896
25.04.12,470.0,4,16.4,20.4,31.7,21.1,0,8.3412
25.04.12,480.0,12,16.8,20.7,31.6,21.2,0,37.6407
25.04.12,490.0,25,17.4,20.8,31.5,21.3,0,85.5159
25.04.12,500.0,42,18.2,20.9,31.4,21.5,0,145.1991
25.04.12,510.0,62,18.9,21.2,31.2,21.8,0,219.76559999999998
25.04.12,520.0,86,20,22.1,31.2,22.2,0,306.2448
25.04.12,530.0,112,21.7,23,31,22.7,0,403.25159999999994
25.04.12,540.0,142,23.8,24,30.9,23.2,0,515.0898
25.04.12,550.0,177,25.6,24.5,30.6,23.7,0,642.6707
25.04.12,560.0,214,27.4,25,30.5,24.2,0,779.2675999999999
25.04.12,570.0,250,29.3,25.3,30.3,24.7,0,915.4656000000001
25.04.12,580.0,292,31.1,26,30.2,25.2,0,1066.4514000000001
25.04.12,590.0,333,32.9,26.9,30.2,25.7,0,1224.1025
25.04.12,600.0,372,34.7,27.3,30.3,26.1,0,1370.569
25.04.12,610.0,411,36.8,27.9,30.3,26.9,0,1519.5486
25.04.12,620.0,449,38.4,28.7,30.4,27.2,1158,1633.9936000000002
25.04.12,630.0,488,40.2,28.9,30.6,27.7,1101,1774.9713
25.04.12,640.0,527,42,29.4,30.6,29,1128,1921.0397
25.04.12,650.0,565,43.4,30.1,30.7,29.3,1143,2070.8799999999997
25.04.12,660.0,600,45.3,30.9,30.8,29.6,1137,2200.4649
25.04.12,670.0,635,46.6,31.3,30.9,30.4,1107,2345.4528
25.04.12,680.0,667,48.5,32.3,31,30.9,1107,2465.6810000000005
25.04.12,690.0,698,49.8,31.6,31.2,31.8,1110,2586.6484
25.04.12,700.0,729,50.7,33.3,31.3,31.8,1104,2715.2814000000003
25.04.12,710.0,756,52.3,34.3,31.5,32.8,1077,2813.668
25.04.12,720.0,780,53.5,34.3,31.6,33,1026,2912.4324
25.04.12,730.0,801,53.6,35.5,31.7,32.5,1032,3003.2765999999997
25.04.12,740.0,822,53.5,35.7,31.9,33.3,1032,3081.7754999999997
25.04.12,750.0,844,55.7,36.2,32,34.4,1080,3172.5575000000003
25.04.12,760.0,861,54.4,36.4,32.2,33.5,1080,3234.4182
25.04.12,770.0,879,55.1,36.9,32.4,34.1,1080,3306.3386
25.04.12,780.0,891,55.6,37.5,32.5,34,1071,3363.8842999999997
25.04.12,790.0,902,58.5,38.4,32.7,35.9,1062,3396.7065000000002
25.04.12,800.0,914,57.5,38.7,32.9,35.5,1080,3446.235
25.04.12,810.0,917,58.3,38.9,33.1,36.4,1074,3473.7530999999994
25.04.12,820.0,926,59.9,39.2,33.3,36.8,1002,3498.7520000000004
25.04.12,830.0,929,59.5,39.5,33.5,37,996,3528.469
25.04.12,840.0,926,59,39.5,33.7,36.8,984,3510.0087
25.04.12,850.0,927,59,40.3,33.9,37.1,984,3517.5763
25.04.12,860.0,926,59.3,40.2,34,37.7,987,3524.6414000000004
25.04.12,870.0,916,58.6,41.1,34.2,37.5,1002,3487.5108
25.04.12,880.0,914,59.2,40.9,34.5,38.5,993,3478.2000000000003
25.04.12,890.0,906,59.8,41.4,34.6,38.5,990,3460.8468000000003
25.04.12,900.0,894,60.2,41.4,34.9,39.3,1002,3400.3955999999994
25.04.12,910.0,875,61.1,41.4,35,39.6,1014,3341.7969
25.04.12,920.0,859,60,41.9,35.3,39.8,1035,3273.3363
25.04.12,930.0,842,59.8,41.2,35.5,40,1035,3215.3300999999997
25.04.12,940.0,812,59.7,42,35.6,40.4,993,3110.652
25.04.12,950.0,767,59.6,42.3,35.7,40.7,1002,2927.5276000000003
25.04.12,960.0,787,57,41.4,35.8,39.7,24,3054.6144
25.04.12,970.0,756,57.5,42.5,36.1,40.8,0,2949.902
25.04.12,980.0,724,57.7,42.6,36.2,40.2,0,2821.2556
25.04.12,990.0,697,56,42.5,36.4,40.3,0,2725.3614
25.04.12,1000.0,659,56.1,42.4,36.6,41.1,0,2570.8794
25.04.12,1010.0,633,55.1,42,36.7,40.9,0,2471.3754
25.04.12,1020.0,600,52.2,41.8,36.8,40,0,2359.5597000000002
25.04.12,1030.0,565,52.4,41.8,37,40.9,0,2216.1978000000004
25.04.12,1040.0,529,52.6,41.9,37,40.5,0,2076.3562
25.04.12,1050.0,491,51.8,42,37.1,40.4,0,1930.3164
25.04.12,1060.0,453,50.8,42.2,37.2,41.1,0,1782.28
25.04.12,1070.0,414,49.3,41.9,37.3,40.3,0,1627.038
25.04.12,1080.0,376,48.6,41.6,37.4,41,0,1471.3191
25.04.12,1090.0,336,46.5,40.6,37.6,39.9,0,1311.912
25.04.12,1100.0,297,45.5,40.9,37.6,40.8,0,1157.2196999999999
25.04.12,1110.0,257,45.2,40.9,37.7,41,0,996.3285
25.04.12,1120.0,213,44.5,40.4,37.7,41.3,0,827.8928999999999
25.04.12,1130.0,167,42.3,40,37.8,40.1,0,641.4392
25.04.12,1140.0,134,40.5,39.7,37.8,39.5,0,541.4696
25.04.12,1150.0,119,39.4,39.6,37.8,38.9,0,436.44089999999994
25.04.12,1160.0,94,38.2,38.4,37.8,38.3,0,347.945
25.04.12,1170.0,76,35.3,35,37.7,35.1,0,280.95300000000003
25.04.12,1180.0,58,33.4,33.7,37.5,33.8,0,212.7632
25.04.12,1190.0,41,32.4,33.1,37.4,33.2,1077,143.67839999999998
25.04.12,1200.0,25,31.5,32.3,37.3,32.6,1326,85.707
25.04.12,1210.0,10,30.3,31.3,37.1,31.7,1326,28.836
25.04.12,1220.0,3,29.4,30.7,37,31.1,1302,4.801
25.04.12,1230.0,0,28.7,30.2,36.9,30.6,1419,1.9152000000000002
25.04.12,1240.0,0,28.1,29.7,36.8,30.1,1785,2.3795
25.04.12,1250.0,0,27.6,29.2,36.8,29.6,2085,2.3670000000000004
25.04.12,1260.0,0,27.2,28.9,36.7,29.3,2229,2.3585000000000003
25.04.12,1270.0,0,26.8,28.6,36.6,29,2286,2.8242
25.04.12,1280.0,0,26.5,28.2,36.6,28.6,2298,2.3489999999999998
25.04.12,1290.0,0,26.2,27.9,36.5,28.3,2319,2.8139999999999996
25.04.12,1300.0,0,26.1,27.9,36.5,28.3,2343,2.8074
25.04.12,1310.0,0,25.9,27.8,36.4,28.2,2313,2.8038
25.04.12,1320.0,0,25.7,27.6,36.4,28,2310,2.799
25.04.12,1330.0,0,25.6,27.5,36.3,27.9,2256,2.7965999999999998
25.04.12,1340.0,0,25.3,27.3,36.2,27.7,2247,2.3265000000000002
25.04.12,1350.0,0,25.3,27.3,36.1,27.7,2190,2.7894
25.04.12,1360.0,0,25.2,27,36,27.5,2142,2.7863999999999995
25.04.12,1370.0,0,24.9,26.8,35.8,27.2,2115,2.7834
25.04.12,1380.0,0,24.8,26.6,35.7,27,2133,2.7779999999999996
25.04.12,1390.0,0,24.5,26.4,35.5,26.8,2115,2.7744
25.04.12,1400.0,0,24.2,26,35.4,26.5,2100,2.7695999999999996
25.04.12,1410.0,0,23.8,25.8,35.3,26.2,2088,2.766
25.04.12,1420.0,0,23.4,25.7,35.3,26,2049,2.302
25.04.12,1430.0,0,23.4,25.6,35.1,26,2079,2.757
25.04.12,1440.0,0,23.4,25.5,34.9,25.9,2079,2.7521999999999998
26.04.12,10.0,0,23.2,25.2,34.9,25.6,2040,2.7479999999999998
26.04.12,20.0,0,22.9,25,34.7,25.4,1953,2.7468
26.04.12,30.0,0,22.8,24.8,34.6,25.2,1941,2.7426
26.04.12,40.0,0,22.8,24.6,34.4,25,1878,2.283
26.04.12,50.0,0,22.6,24.5,34.4,24.9,1845,2.7365999999999997
26.04.12,60.0,0,22.3,24.3,34.3,24.7,1776,2.2785
26.04.12,70.0,0,22,24.3,34.2,24.7,1647,2.279
26.04.12,80.0,0,21.9,24.2,34.1,24.6,1620,2.2760000000000002
26.04.12,90.0,0,21.8,24.2,34,24.6,1602,2.273
26.04.12,100.0,0,21.7,24.1,33.9,24.5,1593,2.2695000000000003
26.04.12,110.0,0,21.7,24.1,33.7,24.5,1668,2.2625
26.04.12,120.0,0,21.8,24.2,33.5,24.6,1647,2.258
26.04.12,130.0,0,21.9,24.1,33.3,24.5,1482,2.2585
26.04.12,140.0,0,21.7,23.9,33.3,24.3,1521,1.8016
26.04.12,150.0,0,21.2,23.7,33.3,24.1,1518,2.2465
26.04.12,160.0,0,20.9,23.5,33.2,23.9,1512,2.2415
26.04.12,170.0,0,20.9,23.3,33.1,23.8,1497,2.2355
26.04.12,180.0,0,20.8,23.1,33,23.6,1491,2.2295000000000003
26.04.12,190.0,0,20.4,22.9,32.9,23.3,1485,2.2230000000000003
26.04.12,200.0,0,20.3,22.8,32.8,23.2,1485,2.2155
26.04.12,210.0,0,19.7,22.4,32.8,22.9,1476,2.2079999999999997
26.04.12,220.0,0,19.3,22.3,32.6,22.7,1470,2.1995
26.04.12,230.0,0,19.3,22.3,32.5,22.7,1464,2.1910000000000003
26.04.12,240.0,0,19.3,22.1,32.5,22.5,1443,2.1825
26.04.12,250.0,0,19.3,22,32.4,22.4,1440,2.1725000000000003
26.04.12,260.0,0,19.1,21.7,32.3,22.2,216,1.7988
26.04.12,270.0,0,18.8,21.5,32.2,21.9,0,1.3677000000000001
26.04.12,280.0,0,18.6,21.4,32.1,21.8,0,1.3731
26.04.12,290.0,0,18.1,21,32,21.5,0,1.3767
26.04.12,300.0,0,17.7,20.7,31.9,21.4,0,1.3794
26.04.12,310.0,0,17.5,20.5,31.7,21.1,0,1.3815
26.04.12,320.0,0,17.8,20.6,31.5,21.1,0,1.3833
26.04.12,330.0,0,18.1,20.5,31.4,20.9,0,1.3844999999999998
26.04.12,340.0,0,18,20.3,31.2,20.7,0,1.3857
26.04.12,350.0,0,17.8,20.2,31.2,20.6,0,1.3865999999999998
26.04.12,360.0,0,17.5,20.2,31.1,20.6,0,1.3872
26.04.12,370.0,0,17.1,19.8,30.9,20.4,0,1.3881000000000001
26.04.12,380.0,0,16.5,19.6,30.9,20.1,0,1.3884
26.04.12,390.0,0,16.2,19.5,30.8,19.9,0,1.3889999999999998
26.04.12,400.0,0,16.1,19.5,30.7,19.9,0,1.3893
26.04.12,410.0,0,16,19.2,30.5,20,0,1.3896
26.04.12,420.0,0,15.6,18.9,30.3,20.2,0,1.3899
26.04.12,430.0,0,15.4,19,30.2,19.8,0,1.3902
26.04.12,440.0,0,15.5,19.2,30.2,19.9,0,1.3905
26.04.12,450.0,0,15.7,19.2,30.1,19.7,0,1.3905
26.04.12,460.0,1,15.7,19,29.9,19.7,0,2.318
26.04.12,470.0,6,15.9,19,29.8,19.5,0,14.851199999999999
26.04.12,480.0,16,16.3,19.3,29.6,19.6,0,53.1126
26.04.12,490.0,30,17.2,19.6,29.6,19.7,0,101.7079
26.04.12,500.0,44,18.1,20.1,29.5,20.1,0,153.4808
26.04.12,510.0,68,19.2,20.9,29.4,20.5,0,242.39249999999998
26.04.12,520.0,90,20.2,21.1,29.2,20.8,0,321.776
26.04.12,530.0,115,21.5,21.9,28.9,21.3,0,411.90599999999995
26.04.12,540.0,146,22.9,22.6,28.8,21.8,0,527.8361
26.04.12,550.0,181,24.7,23.3,28.7,22.4,0,657.0935
26.04.12,560.0,206,26.2,23.9,28.7,22.7,0,751.2648
26.04.12,570.0,257,28.2,24.6,28.8,23,0,938.9685999999999
26.04.12,580.0,292,30.6,25.7,28.9,23.9,0,1072.3005
26.04.12,590.0,341,33.1,25.9,28.9,24.6,0,1258.8108
26.04.12,600.0,381,35.1,26.9,28.8,25.2,0,1409.4065
26.04.12,610.0,423,36.8,27.3,28.8,26.3,792,1542.3986
26.04.12,620.0,461,39.1,27.9,28.9,27,1206,1675.0439999999999
26.04.12,630.0,499,39,27.9,29,25.4,1158,1816.0064000000002
26.04.12,640.0,533,39.4,28.9,29,25.9,1074,1956.5591999999997
26.04.12,650.0,574,40.9,29.6,29.2,26.9,1062,2109.1212
26.04.12,660.0,607,40.3,30,29.3,27.1,993,2242.4527999999996
26.04.12,670.0,642,41.3,29.7,29.4,27.6,990,2383.3888
26.04.12,680.0,673,44,31.1,29.5,28.5,999,2498.3228
26.04.12,690.0,705,45.2,31.5,29.6,28.8,975,2627.8320000000003
26.04.12,700.0,732,46.5,31.9,29.8,29.6,963,2743.8463
26.04.12,710.0,760,46.8,32.2,29.9,29.5,963,2846.592
26.04.12,720.0,789,49,32.7,30,30.6,957,2971.04
26.04.12,730.0,805,50.6,33.7,30.1,30.6,954,3027.948
26.04.12,740.0,829,52.2,34.2,30.3,31.4,957,3122.2331999999997
26.04.12,750.0,842,54,34.5,30.4,32.3,966,3183.089
26.04.12,760.0,855,57.3,36.1,30.6,33.3,960,3219.1423999999997
26.04.12,770.0,863,56.4,35,30.8,32.6,963,3257.6856000000002
26.04.12,780.0,876,54.2,35.2,30.9,32.9,960,3326.8419999999996
26.04.12,790.0,895,58.3,36.5,31.1,35.3,972,3386.0397
26.04.12,800.0,908,56.9,37.1,31.3,34,972,3452.8927999999996
26.04.12,810.0,913,55.6,37.4,31.5,34,981,3468.4823999999994
26.04.12,820.0,908,56.3,37.9,31.7,34.4,972,3444.2128
26.04.12,830.0,929,58.8,38.7,31.9,35.9,972,3538.0884
26.04.12,840.0,925,57.4,38.2,32,35.1,972,3517.5168000000003
26.04.12,850.0,920,56.7,38.6,32.3,35.2,963,3502.4808000000003
26.04.12,860.0,922,58.4,39.2,32.4,35.8,969,3519.7183999999997
26.04.12,870.0,912,58.8,39.4,32.7,36.7,996,3470.5482
26.04.12,880.0,908,59.8,39.1,33,37.1,1035,3465.9456000000005
26.04.12,890.0,890,59.8,40.5,33.1,37.2,966,3388.3268
26.04.12,900.0,878,59.9,39.9,33.2,37.4,963,3342.3360000000002
26.04.12,910.0,878,55,39,33.4,36,945,3375.1718
26.04.12,920.0,867,55.9,40.1,33.6,37,1017,3319.8671999999997
26.04.12,930.0,822,56.5,40.7,33.8,37.3,1002,3144.3958
26.04.12,940.0,825,59.5,41.1,33.9,39.7,999,3160.08
26.04.12,950.0,805,59.3,39.8,34.2,40,1014,3076.8
26.04.12,960.0,798,60.7,40.4,34.4,41.3,1008,3062.0005
26.04.12,970.0,769,60.8,41,34.5,41.4,1080,2936.052
26.04.12,980.0,731,60.1,40.8,34.6,40.9,90,2827.4885999999997
26.04.12,990.0,663,57.6,41.2,34.8,40.1,0,2584.1096
26.04.12,1000.0,593,56.5,40.3,34.9,41,0,2298.92
26.04.12,1010.0,685,55.6,41.2,35.1,39.3,0,2681.7
26.04.12,1020.0,575,52.9,40.5,35.2,38.7,0,2254.5875
26.04.12,1030.0,562,50.6,40.5,35.4,38.3,0,2207.7146000000002
26.04.12,1040.0,499,52.5,40.9,35.4,40.3,0,1956.6918
26.04.12,1050.0,507,50.1,39.6,35.7,39.3,0,1991.4123
26.04.12,1060.0,488,49.2,40.4,35.8,38.4,0,1922.778
26.04.12,1070.0,463,49.8,40.4,35.8,39.5,0,1827.9828
26.04.12,1080.0,366,48.1,40.2,36,39.2,0,1427.4459
26.04.12,1090.0,344,46.3,39.6,36,39.4,0,1345.4517
26.04.12,1100.0,299,44.4,39.1,36.1,38.4,0,1167.1755
26.04.12,1110.0,261,43.2,39,36.2,38.2,0,1009.5150000000001
26.04.12,1120.0,191,42,38.8,36.3,38.5,0,811.0096
26.04.12,1130.0,146,39.6,38.5,36.5,38,0,599.5618000000001
26.04.12,1140.0,142,38.8,37.9,36.4,37.8,0,512.6637
26.04.12,1150.0,119,37.3,36.6,36.4,36.4,0,430.27520000000004
26.04.12,1160.0,95,35.7,35.8,36.4,35.5,0,348.933
26.04.12,1170.0,73,34.4,34.7,36.3,34.5,0,269.533
26.04.12,1180.0,55,33,33.5,36.1,33.5,0,199.294
26.04.12,1190.0,39,31.7,32.4,35.9,32.6,0,140.6124
26.04.12,1200.0,26,30.8,31.7,35.9,32,0,88.7864
26.04.12,1210.0,13,30.1,31.2,35.9,31.5,0,42.2535
26.04.12,1220.0,5,29.3,30.5,35.8,30.9,0,9.4202
26.04.12,1230.0,1,28.7,30.1,35.7,30.5,768,1.9468
26.04.12,1240.0,0,28.3,29.9,35.6,30.3,1533,1.9176
26.04.12,1250.0,0,27.9,29.5,35.6,30,1947,2.381
26.04.12,1260.0,0,27.6,29.2,35.5,29.6,2118,2.372
26.04.12,1270.0,0,27.3,28.9,35.4,29.3,2238,2.3645
26.04.12,1280.0,0,26.9,28.3,35.3,28.8,2322,2.8289999999999997
26.04.12,1290.0,0,26.2,27.6,35.2,28,2352,2.8224
26.04.12,1300.0,0,25.5,27,35.1,27.4,2334,2.8182
26.04.12,1310.0,0,25,26.6,35,26.9,2304,2.8139999999999996
26.04.12,1320.0,0,24.7,26.1,34.9,26.5,2289,2.8097999999999996
26.04.12,1330.0,0,24.3,25.9,34.8,26.2,2283,2.8049999999999997
26.04.12,1340.0,0,24,25.6,34.7,25.9,2280,2.8007999999999997
26.04.12,1350.0,0,23.9,25.5,34.7,25.8,2244,2.7971999999999997
26.04.12,1360.0,0,23.7,25.3,34.4,25.7,2232,2.7929999999999997
26.04.12,1370.0,0,23.5,25.2,34.3,25.5,2235,2.7882
26.04.12,1380.0,0,23.3,25,34.3,25.4,2196,2.7852
26.04.12,1390.0,0,23.1,24.8,34.1,25.1,2172,2.7816
26.04.12,1400.0,0,22.8,24.7,34,25,2121,2.7792
26.04.12,1410.0,0,22.8,24.6,33.9,24.9,2085,2.7762000000000002
26.04.12,1420.0,0,22.7,24.4,33.8,24.8,2049,2.7731999999999997
26.04.12,1430.0,0,22.7,24.3,33.5,24.7,2025,2.7695999999999996
26.04.12,1440.0,0,22.6,24.2,33.4,24.6,2028,2.7654
27.04.12,10.0,0,22.6,24.1,33.1,24.5,2025,2.7605999999999997
27.04.12,20.0,0,22.5,23.9,33,24.3,2007,2.2975000000000003
27.04.12,30.0,0,22.2,23.8,33,24.2,1980,2.2945
27.04.12,40.0,0,22.1,23.7,32.9,24.1,1935,2.2920000000000003
27.04.12,50.0,0,22,23.6,32.7,24,1917,2.2885000000000004
27.04.12,60.0,0,21.9,23.5,32.6,23.9,1860,2.2864999999999998
27.04.12,70.0,0,21.8,23.4,32.4,23.8,1794,2.285
27.04.12,80.0,0,21.6,23.2,32.4,23.6,1776,2.2815000000000003
27.04.12,90.0,0,21.4,23.1,32.2,23.5,1722,2.2795
27.04.12,100.0,0,21.3,22.9,32,23.4,1638,2.2785
27.04.12,110.0,0,21,22.7,32,23.2,1668,2.274
27.04.12,120.0,0,20.7,22.5,31.9,23,1605,2.272
27.04.12,130.0,0,20.8,22.5,31.6,23,1545,2.27
27.04.12,140.0,0,20.7,22.4,31.5,22.9,1545,2.266
27.04.12,150.0,0,20.7,22.3,31.2,22.8,1626,2.2585
27.04.12,160.0,0,20.7,22.3,31.1,22.8,1506,2.257
27.04.12,170.0,0,20.7,22.3,30.9,22.7,1521,2.2520000000000002
27.04.12,180.0,0,20.6,22.2,30.9,22.6,1536,2.2455
27.04.12,190.0,0,20.4,22.1,31,22.5,1524,2.2405000000000004
27.04.12,200.0,0,20.4,22.1,30.9,22.5,1518,2.2345
27.04.12,210.0,0,20.4,22,31,22.4,1512,2.228
27.04.12,220.0,0,20.2,22,31,22.3,1512,2.221
27.04.12,230.0,0,20.4,22,30.8,22.4,1503,2.2135000000000002
27.04.12,240.0,0,20.8,22.2,30.9,22.5,1497,2.2055000000000002
27.04.12,250.0,0,20.9,22.2,30.6,22.5,1494,2.1965
27.04.12,260.0,0,20.8,22.2,30.6,22.5,1488,2.1870000000000003
27.04.12,270.0,0,20.8,22.3,30.5,22.6,1479,2.177
27.04.12,280.0,0,20.7,22.4,30.5,22.7,1326,1.7396
27.04.12,290.0,0,20.4,22.3,30.3,22.8,0,1.3605
27.04.12,300.0,0,20.3,22.2,30.1,22.7,0,1.3695
27.04.12,310.0,0,20,22.1,30,22.5,0,1.3743
27.04.12,320.0,0,19.8,21.9,30,22.4,0,1.3779
27.04.12,330.0,0,19.7,21.8,29.9,22.2,0,1.3806
27.04.12,340.0,0,19.4,21.6,29.9,22.1,0,1.3827
27.04.12,350.0,0,19,21.5,29.9,22,0,1.3841999999999999
27.04.12,360.0,0,18.8,21.4,29.7,21.9,0,1.3854
27.04.12,370.0,0,18.7,21.2,29.7,21.7,0,1.3865999999999998
27.04.12,380.0,0,18.8,21.1,29.6,21.5,0,1.3875
27.04.12,390.0,0,18.6,21,29.5,21.5,0,1.3884
27.04.12,400.0,0,18.6,20.9,29.4,21.4,0,1.3889999999999998
27.04.12,410.0,0,18.4,20.8,29.3,21.2,0,1.3893
27.04.12,420.0,0,18.2,20.8,29.3,21.2,0,1.3899
27.04.12,430.0,0,17.9,20.4,29.2,21,0,1.3902
27.04.12,440.0,0,17.9,20.4,29.1,20.9,0,0.927
27.04.12,450.0,0,17.5,20.3,29,20.8,0,1.3908
27.04.12,460.0,0,17.2,20.3,28.9,20.7,0,1.3910999999999998
27.04.12,470.0,4,17,20.3,28.8,20.8,0,8.815999999999999
27.04.12,480.0,14,17.2,20.3,28.7,20.8,0,43.2915
27.04.12,490.0,25,17.5,19.8,28.6,20.6,0,82.87140000000001
27.04.12,500.0,37,17.8,20.2,28.6,20.4,0,127.9488
27.04.12,510.0,70,18.8,21.2,28.5,20.8,0,249.79680000000002
27.04.12,520.0,106,20.8,21.9,28.4,21.6,0,383.0829
27.04.12,530.0,137,22.8,22.8,28.4,22,0,497.8485
27.04.12,540.0,162,24.4,23.2,28.3,22.3,0,586.2022
27.04.12,550.0,193,25.7,23.7,28,22.7,0,699.8684000000001
27.04.12,560.0,240,27.4,24.3,28,23.3,0,877.302
27.04.12,570.0,256,29.2,24.8,27.8,24,0,934.1835
27.04.12,580.0,275,30.5,25.1,27.8,24.5,0,1008.533
27.04.12,590.0,291,31.4,25.9,27.9,24.7,0,1071.4104
27.04.12,600.0,283,31.2,25.8,27.8,24.9,0,1038.8225
27.04.12,610.0,377,32.8,26.5,27.8,25.2,324,1387.5543
27.04.12,620.0,473,36.7,27.7,28,26.2,1107,1721.2832
27.04.12,630.0,489,38.2,27.3,28,26.7,1026,1783.6799999999998
27.04.12,640.0,615,41.2,28.9,28.1,27.1,999,2276.9616
27.04.12,650.0,483,42.5,29.1,28.3,28,987,1767.012
27.04.12,660.0,385,38.5,28.5,28.3,27.6,978,1398.7820000000002
27.04.12,670.0,480,38.1,29.2,28.4,27.6,972,1758.9016000000001
27.04.12,680.0,708,43.6,30.7,28.6,28.6,978,2628.9426000000003
27.04.12,690.0,642,45.7,31,28.8,29.3,1029,2383.88
27.04.12,700.0,612,45.8,31.4,28.9,29.8,972,2268.5697999999998
27.04.12,710.0,637,45.1,32.2,29,29.7,963,2364.2716
27.04.12,720.0,673,47.7,32.3,29.1,31.1,948,2516.5994
27.04.12,730.0,582,46.4,32.3,29.3,31.5,990,2154.6304
27.04.12,740.0,722,49.8,33.4,29.4,32.4,1032,2697.524
27.04.12,750.0,812,52.9,35.2,29.5,33.1,1038,3060.6447000000003
27.04.12,760.0,847,56.4,35.3,29.7,34.2,1023,3187.612
27.04.12,770.0,913,57.3,35.9,29.9,34.1,1020,3454.8929999999996
27.04.12,780.0,927,58.9,35.9,30.2,35.3,1023,3501.886
27.04.12,790.0,932,60,37.1,30.4,36.5,1026,3517.2219999999998
27.04.12,800.0,895,60.4,37.8,30.6,36.9,1038,3382.0095
27.04.12,810.0,784,57.8,37.7,30.8,36.3,1089,2952.7706000000003
27.04.12,820.0,810,57.7,37.5,31,37,1068,3060.0843
27.04.12,830.0,504,52.1,36.9,31.1,36.2,1038,1885.29
27.04.12,840.0,689,51,37.1,31.2,36.7,942,2593.76
27.04.12,850.0,988,58.4,39.2,31.5,37.3,945,3775.6728000000003
27.04.12,860.0,976,61.4,40.4,31.8,38.3,957,3705.4433000000004
27.04.12,870.0,783,60.3,39.1,32,39.4,966,2966.4523
27.04.12,880.0,629,56.7,38.9,32.2,39,954,2380.3278
27.04.12,890.0,627,53.4,39,32.3,38.6,942,2370.8416
27.04.12,900.0,605,52.2,38.2,32.5,38.5,945,2278.0883999999996
27.04.12,910.0,885,58.7,39.8,32.7,40.3,939,3391.6548999999995
27.04.12,920.0,827,60.3,40.1,32.9,40.7,933,3153.8745
27.04.12,930.0,810,60.2,40.4,33,40.4,924,3092.6839999999997
27.04.12,940.0,729,60,41,33.1,40,918,2771.8871999999997
27.04.12,950.0,642,57.1,40.5,33.3,40.5,579,2439.0984
27.04.12,960.0,693,59.4,41.9,33.3,42,0,2678.0184
27.04.12,970.0,377,53.4,39.5,33.6,40.5,0,1433.4371999999998
27.04.12,980.0,781,53.7,41,33.6,39.1,0,3037.905
27.04.12,990.0,716,55.8,41.2,33.8,39.1,0,2785.4372
27.04.12,1000.0,545,52.6,40.5,34,38.6,0,2104.1064
27.04.12,1010.0,337,48.2,39.7,34.1,39.5,0,1291.0784999999998
27.04.12,1020.0,378,46.7,39.5,34.2,39.8,0,1449.0013999999999
27.04.12,1030.0,396,48.5,39.9,34.3,39,0,1525.797
27.04.12,1040.0,439,47.3,39.9,34.4,39.5,0,1693.5462000000002
27.04.12,1050.0,535,51.9,40.6,34.6,40.6,0,2076.1006
27.04.12,1060.0,532,53.7,41.6,34.7,41.8,0,2061.6007999999997
27.04.12,1070.0,500,53.4,41.5,34.8,41.2,0,1945.1408
27.04.12,1080.0,385,51.4,40.9,35.1,41.9,0,1481.5108
27.04.12,1090.0,371,47.5,40.3,35.2,40.2,0,1436.5848
27.04.12,1100.0,403,48.2,41.2,35.3,40.6,201,1556.6031
27.04.12,1110.0,320,48.3,40.2,35.4,42.5,1059,1195.7976
27.04.12,1120.0,222,46.6,40.3,35.5,41.4,1119,903.3756000000001
27.04.12,1130.0,204,43.1,40.1,35.6,40.2,1128,697.4652
27.04.12,1140.0,189,42.1,39.2,35.6,39.4,1080,645.6204
27.04.12,1150.0,134,37.7,35.9,35.7,35.8,1035,478.368
27.04.12,1160.0,119,35.2,34.9,35.6,34.5,1044,428.67580000000004
27.04.12,1170.0,108,34.4,34.3,35.5,34.2,1032,392.5855
27.04.12,1180.0,86,33.6,33.7,35.4,33.6,1005,308.25690000000003
27.04.12,1190.0,65,32.5,32.8,35.3,32.9,984,232.84849999999997
27.04.12,1200.0,44,31.4,31.9,35.2,32.1,984,154.8139
27.04.12,1210.0,20,30.2,31.1,35.1,31.5,984,67.4403
27.04.12,1220.0,5,29.2,30.3,35,30.7,999,11.9375
27.04.12,1230.0,1,28.4,29.7,34.8,30,1101,1.9056
27.04.12,1240.0,0,27.8,29.3,34.8,29.7,1380,1.8968
27.04.12,1250.0,0,27.2,28.6,34.7,29.1,1677,2.359
27.04.12,1260.0,0,26.8,28.2,34.5,28.5,1905,2.8194
27.04.12,1270.0,0,26.4,27.9,34.5,28.2,1998,2.3435
27.04.12,1280.0,0,26,27.4,34.4,27.8,2121,2.8032
27.04.12,1290.0,0,25.6,27.1,34.3,27.5,2154,2.7971999999999997
27.04.12,1300.0,0,25.4,26.8,34.3,27.3,2127,2.7936
27.04.12,1310.0,0,25.1,26.6,34.2,27,2142,2.7882
27.04.12,1320.0,0,24.8,26.3,34.1,26.7,2187,2.7821999999999996
27.04.12,1330.0,0,24.7,26.2,34,26.6,2172,2.7779999999999996
27.04.12,1340.0,0,24.5,26.1,33.9,26.5,2157,2.7737999999999996
27.04.12,1350.0,0,24.3,25.9,33.9,26.3,2142,2.7689999999999997
27.04.12,1360.0,0,24.2,25.7,33.7,26.1,2151,2.7641999999999998
27.04.12,1370.0,0,24.1,25.5,33.6,25.9,2151,2.7588
27.04.12,1380.0,0,23.9,25.3,33.6,25.7,2157,2.754
27.04.12,1390.0,0,23.6,25.1,33.6,25.5,2103,2.7504
27.04.12,1400.0,0,23.4,25,33.5,25.4,2097,2.7455999999999996
27.04.12,1410.0,0,23.3,24.9,33.3,25.3,2100,2.7402
27.04.12,1420.0,0,23.2,24.8,33.2,25.2,2097,2.7342
27.04.12,1430.0,0,23.1,24.6,33,25.1,2019,2.7318
27.04.12,1440.0,0,22.9,24.5,32.8,25,1977,2.273
28.04.12,10.0,0,22.8,24.5,32.8,24.9,1965,2.2685
28.04.12,20.0,0,22.6,24.4,32.8,24.8,2019,2.2615
28.04.12,30.0,0,22.4,24.3,32.8,24.8,2055,2.2545
28.04.12,40.0,0,22.3,24.4,32.7,24.8,1914,2.2525
28.04.12,50.0,0,22.4,24.4,32.6,24.8,1896,2.248
28.04.12,60.0,0,22.2,24.1,32.5,24.6,1887,2.6892
28.04.12,70.0,0,22.1,23.9,32.3,24.3,1686,2.6904
28.04.12,80.0,0,21.8,23.6,32.2,24.1,1557,2.241
28.04.12,90.0,0,21.7,23.4,32,23.8,1434,2.2405000000000004
28.04.12,100.0,0,21.4,23.1,31.9,23.5,1410,2.2355
28.04.12,110.0,0,21.1,22.9,31.7,23.3,1383,2.2305
28.04.12,120.0,0,21.1,22.8,31.6,23.2,1371,2.2245000000000004
28.04.12,130.0,0,20.9,22.8,31.5,23.1,1365,2.218
28.04.12,140.0,0,20.8,22.6,31.3,23,1350,2.2105
28.04.12,150.0,0,20.5,22.5,31.3,22.8,1338,2.2030000000000003
28.04.12,160.0,0,20.4,22.4,31.1,22.8,1335,2.1945
28.04.12,170.0,0,20.4,22.3,31,22.7,1329,2.1855
28.04.12,180.0,0,20.4,22.2,31,22.6,555,1.7824000000000002
28.04.12,190.0,0,20.3,22.2,31,22.5,0,1.3682999999999998
28.04.12,200.0,0,20.4,22.2,30.9,22.5,0,1.3739999999999999
28.04.12,210.0,0,20.4,22.1,30.7,22.5,0,1.3779
28.04.12,220.0,0,20.6,22.2,30.6,22.5,0,1.3806
28.04.12,230.0,0,20.6,22.3,30.7,22.6,0,1.3827
28.04.12,240.0,0,20.3,22.2,30.6,22.5,0,1.3841999999999999
28.04.12,250.0,0,19.9,22,30.6,22.4,0,1.3854
28.04.12,260.0,0,19.7,21.9,30.5,22.3,0,1.3865999999999998
28.04.12,270.0,0,19.4,21.7,30.4,22.2,0,1.3875
28.04.12,280.0,0,19.1,21.6,30.3,22,0,1.3881000000000001
28.04.12,290.0,0,18.8,21.4,30.2,21.9,0,1.3886999999999998
28.04.12,300.0,0,18.2,20.9,30.1,21.6,0,1.3893
28.04.12,310.0,0,18,21,30,21.4,0,1.3899
28.04.12,320.0,0,17.6,21,29.9,21.5,0,1.3902
28.04.12,330.0,0,17.5,20.9,29.9,21.5,0,1.3905
28.04.12,340.0,0,17.1,20.6,29.7,21.4,0,1.3908
28.04.12,350.0,0,16.8,20.1,29.6,21.1,0,1.3910999999999998
28.04.12,360.0,0,16.6,19.8,29.5,20.6,0,1.3910999999999998
28.04.12,370.0,0,16.1,19.6,29.4,20.3,0,1.3914
28.04.12,380.0,0,16.1,19.4,29.3,20.1,0,1.3914
28.04.12,390.0,0,16.3,19.4,29.2,19.8,0,1.3917
28.04.12,400.0,0,16.6,19.5,29.1,19.9,0,1.3917
28.04.12,410.0,0,16.7,19.5,29.1,20.1,0,1.3917
28.04.12,420.0,0,16.5,19.7,29,20.4,0,1.3917
28.04.12,430.0,0,16.1,19.5,28.9,20.5,0,1.392
28.04.12,440.0,0,15.7,19.2,28.8,20.1,0,1.392
28.04.12,450.0,0,16,19.2,28.7,19.9,0,1.392
28.04.12,460.0,1,16.3,19.3,28.5,20,0,1.8559999999999999
28.04.12,470.0,5,16.4,18.8,28.4,19.6,0,13.003200000000001
28.04.12,480.0,19,16.9,19.3,28.3,19.7,0,62.0578
28.04.12,490.0,33,17.9,20,28.2,20.2,0,111.78859999999999
28.04.12,500.0,46,18.7,20.5,28.2,20.6,0,160.344
28.04.12,510.0,65,19.6,21.2,28.1,20.8,0,231.1992
28.04.12,520.0,91,20.9,21.7,28,21.4,0,327.3958
28.04.12,530.0,122,22.4,22.5,27.9,22.1,0,443.5566
28.04.12,540.0,158,23.9,23.3,27.7,22.7,0,576.7993
28.04.12,550.0,178,25.4,24.1,27.7,23.1,0,649.4692
28.04.12,560.0,180,26.1,24.6,27.7,23.8,0,656.15
28.04.12,570.0,251,28,25.3,27.5,24.4,0,919.1028000000001
28.04.12,580.0,302,30.8,26.4,27.6,25.4,0,1112.8755999999998
28.04.12,590.0,334,32.7,27.1,27.6,26.1,0,1231.8048000000001
28.04.12,600.0,372,34.3,27.7,27.7,26.7,0,1375.663
28.04.12,610.0,413,35.7,28.3,27.8,27.2,1038,1503.9723
28.04.12,620.0,455,37.6,29.4,28,28,1107,1652.2814
28.04.12,630.0,498,38.9,29.8,28.1,28.3,1077,1818.72
28.04.12,640.0,539,40.8,30.5,28.2,29.1,1089,1980.4668
28.04.12,650.0,557,42.5,30.8,28.4,29.8,1077,2045.3256
28.04.12,660.0,614,44.3,31.9,28.6,30.4,1074,2275.452
28.04.12,670.0,636,45.2,32.4,28.7,30.8,1074,2358.0412
28.04.12,680.0,666,46.4,33,28.9,31.4,1059,2477.7805999999996
28.04.12,690.0,676,47.9,33.4,29.1,32.4,1053,2527.4456999999998
28.04.12,700.0,729,49.7,34.3,29.3,32.9,1044,2729.004
28.04.12,710.0,769,51.3,35,29.6,33.9,1032,2887.5638999999996
28.04.12,720.0,768,52,35.2,29.8,34,1053,2894.5332
28.04.12,730.0,810,54.2,36.3,29.9,35.2,1050,3054.7967999999996
28.04.12,740.0,827,54.1,35.9,30.3,35.3,987,3138.9696000000004
28.04.12,750.0,813,53.7,37.4,30.5,35.6,975,3080.4165000000003
28.04.12,760.0,864,55.2,37.5,30.8,36.1,966,3283.7792
28.04.12,770.0,887,56.5,38.3,31,36.8,960,3387.5480000000002
28.04.12,780.0,892,57.6,38.6,31.2,37.4,960,3397.2996
28.04.12,790.0,904,58,38.5,31.5,37.7,966,3449.8604
28.04.12,800.0,912,58.7,39.1,31.7,38.3,969,3493.6535999999996
28.04.12,810.0,920,58.9,39,32,38.3,972,3523.3856
28.04.12,820.0,919,59.5,39,32.2,39,1020,3528.7021999999997
28.04.12,830.0,908,59.9,39.9,32.4,39.7,1059,3473.5281
28.04.12,840.0,923,61.1,40.3,32.6,40.2,1056,3537.5499999999997
28.04.12,850.0,912,60.2,40.9,33,39.6,1044,3507.0671999999995
28.04.12,860.0,899,60.7,40.8,33,40.1,1035,3447.9438000000005
28.04.12,870.0,897,61.6,41,33.3,41,1047,3440.2594999999997
28.04.12,880.0,899,62,42.1,33.3,41,1038,3459.1096000000002
28.04.12,890.0,891,61.5,41,33.7,41.4,1038,3427.1705
28.04.12,900.0,880,61.9,42,33.8,41.4,1041,3394.1376
28.04.12,910.0,873,61.2,42.1,34.1,41.5,1062,3362.7993000000006
28.04.12,920.0,858,61.3,42.7,34.2,41.7,1074,3303.4576
28.04.12,930.0,828,61.9,42.3,34.4,42.6,1089,3194.4125
28.04.12,940.0,808,61,42.6,34.7,42.5,195,3153.9648
28.04.12,950.0,785,60.5,43.3,35,42.4,0,3076.086
28.04.12,960.0,757,59.5,43.1,35.1,42.2,0,2984.9295
28.04.12,970.0,734,58.8,43.6,35.3,42.5,0,2891.8757
28.04.12,980.0,701,59,43.1,35.6,42.8,0,2778.3437
28.04.12,990.0,689,58.8,43,35.8,43.3,0,2733.3552
28.04.12,1000.0,645,57.7,42.4,36,43.7,0,2563.4895
28.04.12,1010.0,599,56.3,43.2,35.9,42.8,0,2388.6666
28.04.12,1020.0,558,55.5,42.9,36.2,43.6,0,2220.5528
28.04.12,1030.0,544,55.4,42.9,36.3,43.8,0,2169.958
28.04.12,1040.0,510,54.5,42.7,36.5,43.8,0,2036.6958
28.04.12,1050.0,443,52.9,42.2,36.7,43.7,0,1761.765
28.04.12,1060.0,420,51.7,42.3,36.7,43.5,0,1674.1471999999999
28.04.12,1070.0,384,50.9,42.5,36.8,43.2,0,1523.1480000000001
28.04.12,1080.0,336,49.6,42,36.9,43.6,0,1327.7003
28.04.12,1090.0,303,48.8,42,37,43.6,0,1199.1721
28.04.12,1100.0,215,46.5,41.7,37.1,42.9,0,838.961
28.04.12,1110.0,193,45.1,41.3,37.2,42.7,0,751.1042000000001
28.04.12,1120.0,176,43.9,41,37.2,42.4,0,686.9943
28.04.12,1130.0,165,43.4,41.1,37.3,42.4,0,631.7025
28.04.12,1140.0,129,42.6,40.9,37.3,42.2,0,492.6152
28.04.12,1150.0,106,41.5,40.5,37.3,41.8,0,403.06500000000005
28.04.12,1160.0,68,40.5,40.2,37.4,41.4,0,253.91520000000003
28.04.12,1170.0,31,39.1,39.9,37.4,40.9,0,110.4558
28.04.12,1180.0,28,38.3,39.7,37.4,40.6,0,99.76
28.04.12,1190.0,26,38.1,39.6,37.4,40.5,0,89.15990000000001
28.04.12,1200.0,16,37.9,39.5,37.5,40.3,342,51.2616
28.04.12,1210.0,7,37.1,37.7,37.4,38.9,1104,18.8292
28.04.12,1220.0,2,33.4,33.5,37.1,33.9,1251,2.407
28.04.12,1230.0,0,31.9,32.6,36.8,32.9,1458,1.9180000000000001
28.04.12,1240.0,0,31.3,32.1,36.7,32.4,1788,1.9068
28.04.12,1250.0,0,31.4,32.1,36.7,32.3,2073,2.371
28.04.12,1260.0,0,31.7,32.4,36.7,32.6,2220,2.363
28.04.12,1270.0,0,31.8,32.4,36.8,32.6,2298,2.8278
28.04.12,1280.0,0,31.8,32.5,36.7,32.7,2271,2.8236
28.04.12,1290.0,0,31.9,32.6,36.8,32.8,2250,2.8194
28.04.12,1300.0,0,31.9,32.6,36.7,32.9,2244,2.8145999999999995
28.04.12,1310.0,0,31.9,32.7,36.8,32.9,2223,2.811
28.04.12,1320.0,0,31.9,32.7,36.7,32.9,2205,2.339
28.04.12,1330.0,0,32,32.7,36.8,33,2145,2.8044000000000002
28.04.12,1340.0,0,32.1,32.8,36.8,33,2121,2.8013999999999997
28.04.12,1350.0,0,32.2,32.9,36.8,33.1,2106,2.3315
28.04.12,1360.0,0,32.1,32.6,36.7,33,2085,2.3285
28.04.12,1370.0,0,31.9,32.5,36.6,32.8,2079,2.3255
28.04.12,1380.0,0,31.6,32.1,36.4,32.4,2082,2.322
28.04.12,1390.0,0,31.3,31.9,36.3,32.1,2022,2.32
28.04.12,1400.0,0,31.2,31.8,36.2,32,2013,2.317
28.04.12,1410.0,0,31.1,31.7,36.2,32,1992,2.314
28.04.12,1420.0,0,31.1,31.8,36.3,32.1,1941,2.3125
28.04.12,1430.0,0,31.2,31.8,36.3,32.1,1917,2.3095
28.04.12,1440.0,0,31.2,31.8,36.3,32.1,1926,2.306
29.04.12,10.0,0,31.2,31.9,36.2,32.2,1917,2.3030000000000004
29.04.12,20.0,0,31.3,32,36.3,32.4,1899,2.2995
29.04.12,30.0,0,31.5,32.3,36.3,32.6,1878,1.8372
29.04.12,40.0,0,31.7,32.5,36.3,32.8,1842,1.8352000000000002
29.04.12,50.0,0,32.3,33.8,36.3,34.1,1827,1.8328
29.04.12,60.0,0,33.3,35.1,36.4,35.4,1767,2.289
29.04.12,70.0,0,34.2,35.6,36.4,36.1,1704,1.83
29.04.12,80.0,0,34.6,35.7,36.4,36.3,1668,1.828
29.04.12,90.0,0,34.7,35.7,36.4,36.2,1674,2.2815000000000003
29.04.12,100.0,0,34.7,35.7,36.4,36.3,1617,2.2795
29.04.12,110.0,0,34.8,35.8,36.4,36.3,1608,2.2760000000000002
29.04.12,120.0,0,34.9,35.9,36.4,36.4,1662,1.8163999999999998
29.04.12,130.0,0,35.1,36.1,36.4,36.5,1662,1.8128
29.04.12,140.0,0,35.2,36.2,36.4,36.6,1443,1.8152000000000001
29.04.12,150.0,0,35.2,36.1,36.4,36.6,1482,2.2635
29.04.12,160.0,0,35.1,36.1,36.4,36.6,1449,1.808
29.04.12,170.0,0,35.1,36,36.4,36.5,1437,1.8044
29.04.12,180.0,0,35.1,36.1,36.4,36.5,1434,1.8004
29.04.12,190.0,0,35.1,36,36.4,36.5,1422,1.7964
29.04.12,200.0,0,35,35.9,36.4,36.4,1422,1.7919999999999998
29.04.12,210.0,0,34.8,35.8,36.4,36.3,1395,1.7884
29.04.12,220.0,0,34.7,35.7,36.3,36.2,1395,2.2295000000000003
29.04.12,230.0,0,34.5,35.5,36.3,36,1395,1.7788
29.04.12,240.0,0,34.4,35.5,36.3,36,1392,2.2165
29.04.12,250.0,0,34.4,35.4,36.3,35.9,1386,2.2100000000000004
29.04.12,260.0,0,34.3,35.3,36.2,35.8,1383,2.2030000000000003
29.04.12,270.0,0,34.1,35.2,36.3,35.7,1380,2.195
29.04.12,280.0,0,33.8,35,36.2,35.5,1374,2.1865
29.04.12,290.0,0,33.7,34.9,36.2,35.4,1365,2.1780000000000004
29.04.12,300.0,0,33.2,33.6,36.2,34.8,180,1.3512
29.04.12,310.0,0,31.4,31.2,35.7,32.1,0,1.3668
29.04.12,320.0,0,29.4,29.6,35,30.2,0,1.3719
29.04.12,330.0,0,28.4,29.1,34.9,29.4,0,1.3758
29.04.12,340.0,0,28,28.9,34.8,29.2,0,1.3785
29.04.12,350.0,0,27.6,28.6,34.7,28.9,0,1.3806
29.04.12,360.0,0,27.3,28.3,34.5,28.5,0,1.8432
29.04.12,370.0,0,27,28,34.3,28.3,0,1.8448
29.04.12,380.0,0,26.8,27.9,34.4,28.2,0,1.8463999999999998
29.04.12,390.0,0,26.7,27.8,34.4,28.2,0,1.8476
29.04.12,400.0,0,26.6,27.7,34.2,28,0,1.8488
29.04.12,410.0,0,26.5,27.6,34.1,27.9,0,1.3872
29.04.12,420.0,0,26.3,27.5,34.1,27.8,0,1.3878
29.04.12,430.0,0,26.3,27.4,33.9,27.7,0,1.8508000000000002
29.04.12,440.0,0,26.2,27.3,33.7,27.6,0,1.8516
29.04.12,450.0,0,26.2,27.3,33.7,27.6,0,1.3889999999999998
29.04.12,460.0,0,26.1,27.2,33.6,27.5,0,1.3893
29.04.12,470.0,3,26.1,27.1,33.4,27.4,0,4.632000000000001
29.04.12,480.0,11,26.2,27.1,33.3,27.4,0,28.7804
29.04.12,490.0,18,26.4,27.1,33.2,27.3,0,51.260000000000005
29.04.12,500.0,21,26.4,27.1,33.2,27.3,0,62.6182
29.04.12,510.0,28,26.4,27,33.1,27.2,0,84.7623
29.04.12,520.0,46,26.7,27,33,27.1,0,143.3195
29.04.12,530.0,68,27.2,27.1,33,27,0,211.5688
29.04.12,540.0,84,27.7,27.3,33,27,0,262.6812
29.04.12,550.0,96,28.2,27.5,32.9,27.1,0,301.88800000000003
29.04.12,560.0,108,28.6,27.6,32.8,27.2,0,337.8088
29.04.12,570.0,125,29.2,27.9,32.7,27.4,0,393.9816
29.04.12,580.0,152,30,28.3,32.7,27.5,0,480.02760000000006
29.04.12,590.0,170,30.9,28.7,32.6,27.7,0,535.2588999999999
29.04.12,600.0,189,31.7,29,32.6,27.9,0,596.6
29.04.12,610.0,202,32.3,29.3,32.6,28.2,0,640.6332000000001
29.04.12,620.0,230,33.5,29.8,32.7,28.6,0,728.5504
29.04.12,630.0,250,34.7,30.4,32.7,29,0,796.1813999999999
29.04.12,640.0,254,35.6,30.9,32.7,29.5,0,808.3269999999999
29.04.12,650.0,286,36.6,31.4,32.8,29.8,0,911.9097
29.04.12,660.0,316,38.6,32.2,32.9,30.4,0,1012.986
29.04.12,670.0,344,41.3,33.5,33,32.2,0,1102.0555
29.04.12,680.0,344,42.6,33.6,33.1,32.9,0,1104.6464
29.04.12,690.0,358,43.4,34.3,33.2,33.7,0,1154.5919
29.04.12,700.0,415,45.4,34.4,33.3,34.9,0,1339.0749
29.04.12,710.0,409,46.7,35.1,33.3,35,0,1328.0853
29.04.12,720.0,438,47.8,35.7,33.5,36.4,1074,1392.7328
29.04.12,730.0,457,47.3,35.5,33.6,36.4,1194,1445.9362
29.04.12,740.0,466,47.1,36,33.7,36.7,1221,1479.9655000000002
29.04.12,750.0,494,47.6,36.3,33.8,37.3,1173,1587.2215
29.04.12,760.0,525,48.2,36.9,34,37.7,1155,1697.0083999999997
29.04.12,770.0,550,49.5,37.4,34.1,38,1152,1791.4667
29.04.12,780.0,552,50.6,38.1,34.3,39,1179,1826.5809000000002
29.04.12,790.0,526,49.5,37.8,34.5,38.8,1155,1756.8000000000002
29.04.12,800.0,537,49.7,38.2,34.5,39.1,1134,1801.9323000000002
29.04.12,810.0,534,50.2,38.6,34.6,39.5,1113,1795.1406
29.04.12,820.0,524,49.7,38.8,34.8,39.4,1023,1767.6294999999998
29.04.12,830.0,524,50.1,39.2,34.8,40,1020,1762.9378
29.04.12,840.0,547,51.2,39.5,35.1,40.4,1038,1842.516
29.04.12,850.0,548,51.5,39.7,35.1,40.8,1089,1849.5891000000001
29.04.12,860.0,546,51.2,39.7,35.2,40.8,1026,1843.3494
29.04.12,870.0,538,51.2,39.7,35.5,40.6,1026,1838.6775000000002
29.04.12,880.0,481,50.3,39.7,35.5,40.9,1023,1636.8356999999999
29.04.12,890.0,477,49.7,39.6,35.7,40.8,1005,1626.744
29.04.12,900.0,510,50.3,40,35.7,41.1,990,1748.684
29.04.12,910.0,536,51.2,40.1,36,41.2,1017,1833.8412
29.04.12,920.0,530,51.2,40.3,36,41.5,1026,1822.0815
29.04.12,930.0,521,51.7,40.8,36,41.9,996,1792.233
29.04.12,940.0,506,51.4,40.7,36.2,41.9,978,1736.5056
29.04.12,950.0,488,50.8,40.4,36.3,41.7,969,1676.2262
29.04.12,960.0,486,51,40.8,36.5,42,978,1663.6084
29.04.12,970.0,471,51.4,41.2,36.5,42.7,972,1613.5950000000003
29.04.12,980.0,412,50.5,40.9,36.5,42.7,954,1406.7872000000002
29.04.12,990.0,416,50,41.2,36.6,42.6,963,1414.897
29.04.12,1000.0,381,49.2,41,36.6,42.5,948,1298.7205
29.04.12,1010.0,347,48,40.5,36.7,42.1,948,1174.8047
29.04.12,1020.0,323,47.2,40.1,36.9,41.8,945,1090.2276
29.04.12,1030.0,290,46,40.2,36.8,41.6,945,976.5533999999999
29.04.12,1040.0,272,45.3,39.7,36.9,41.3,990,911.5145000000001
29.04.12,1050.0,245,44.5,39.4,37,41,996,820.9062
29.04.12,1060.0,162,42.6,39,36.9,40.5,990,540.6247
29.04.12,1070.0,231,42.7,39.1,37,40.4,993,769.758
29.04.12,1080.0,207,43.4,39.1,37.1,40.5,1110,690.1932
29.04.12,1090.0,138,41.8,38.6,37.1,40,1008,457.97619999999995
29.04.12,1100.0,106,40.3,38.3,37.1,39.6,1032,350.3415
29.04.12,1110.0,94,39.6,38.3,37,39.5,1053,309.1584
29.04.12,1120.0,82,39.2,38.2,37,39.4,1062,268.1319
29.04.12,1130.0,75,38.9,38.2,37,39.2,1089,245.867
29.04.12,1140.0,62,38.6,38.1,37,39.2,1098,201.868
29.04.12,1150.0,51,38.2,38,37.1,39.2,1086,163.6188
29.04.12,1160.0,42,37.8,37.9,37.1,38.8,1107,135.6222
29.04.12,1170.0,31,37.3,37.7,37.1,38.8,1122,97.5836
29.04.12,1180.0,25,36.8,37.5,37.1,38.7,1134,77.16239999999999
29.04.12,1190.0,19,36.4,37.2,37.1,38.6,1209,57.6954
29.04.12,1200.0,11,35.9,37,37.1,38.3,1248,31.498499999999996
29.04.12,1210.0,4,35.4,36.8,37.1,38,1269,9.104000000000001
29.04.12,1220.0,0,35,36.7,37.1,37.8,1398,1.8128
29.04.12,1230.0,0,34.6,36.5,37.2,37.6,1518,1.804
29.04.12,1240.0,0,34.4,36.4,37.2,37.3,1716,1.7916
29.04.12,1250.0,0,34.3,36.2,37.2,37.1,1926,2.2205
29.04.12,1260.0,0,34.2,36,37.2,37,2082,2.6394
29.04.12,1270.0,0,34,35.7,37.2,36.9,2088,2.6184
29.04.12,1280.0,0,33.9,35.6,37.2,36.7,2100,2.5932
29.04.12,1290.0,0,33.8,35.6,37.3,36.5,2136,2.5608
29.04.12,1300.0,0,33.8,35.1,37.3,36.4,783,2.2
29.04.12,1310.0,0,33.5,34.8,37.3,36,0,1.8163999999999998
29.04.12,1320.0,0,33.6,34.4,37.2,35.4,0,1.3689
29.04.12,1330.0,0,32.1,32.2,36.6,32.6,0,1.3725
29.04.12,1340.0,0,30.9,31.4,36.3,31.7,0,1.3746
29.04.12,1350.0,0,30.3,31,36.2,31.3,0,1.3764
29.04.12,1360.0,0,29.8,30.6,36.1,30.9,0,1.3785
29.04.12,1370.0,0,29.4,30.2,35.9,30.6,0,1.3802999999999999
29.04.12,1380.0,0,29,29.8,35.6,30.2,0,1.3815
29.04.12,1390.0,0,28.7,29.6,35.6,30,0,1.3823999999999999
29.04.12,1400.0,0,28.5,29.5,35.6,29.9,0,1.3833
29.04.12,1410.0,0,28.3,29.4,35.4,29.8,0,1.3839000000000001
29.04.12,1420.0,0,28.2,29.2,35.2,29.6,0,1.3844999999999998
29.04.12,1430.0,0,28,28.9,35,29.3,0,1.3851
29.04.12,1440.0,0,27.8,28.7,34.8,29.2,0,1.3854
30.04.12,10.0,0,27.7,28.6,34.8,29.1,0,1.3857
30.04.12,20.0,0,27.5,28.5,34.8,28.9,0,1.3860000000000001
30.04.12,30.0,0,27.4,28.4,34.7,28.8,0,1.8484
30.04.12,40.0,0,27.3,28.3,34.5,28.7,0,1.8488
30.04.12,50.0,0,27.2,28.2,34.3,28.6,0,1.8488
30.04.12,60.0,0,27,28,34.2,28.4,0,1.8492
30.04.12,70.0,0,26.8,27.8,34.1,28.2,0,1.3872
30.04.12,80.0,0,26.7,27.7,34.1,28.1,0,1.8496000000000001
30.04.12,90.0,0,26.6,27.7,34,28.1,0,1.85
30.04.12,100.0,0,26.5,27.6,34.1,28,0,1.3875
30.04.12,110.0,0,26.4,27.6,34.1,28,0,1.3875
30.04.12,120.0,0,26.4,27.6,33.9,28,0,1.3878
30.04.12,130.0,0,26.3,27.5,33.7,27.9,0,1.3878
30.04.12,140.0,0,26.3,27.4,33.6,27.8,0,1.3878
30.04.12,150.0,0,26.2,27.3,33.6,27.8,0,1.3878
30.04.12,160.0,0,26.1,27.3,33.5,27.8,0,1.3881000000000001
30.04.12,170.0,0,26.1,27.3,33.4,27.8,0,1.3881000000000001
30.04.12,180.0,0,25.9,27.2,33.5,27.7,0,1.3881000000000001
30.04.12,190.0,0,25.7,27,33.5,27.5,0,1.3881000000000001
30.04.12,200.0,0,25.8,27,33.2,27.5,0,1.3881000000000001
30.04.12,210.0,0,26,27.1,33.1,27.5,0,1.3884
30.04.12,220.0,0,25.9,27,33.2,27.5,0,1.3884
30.04.12,230.0,0,25.9,27.1,33.2,27.5,0,1.3884
30.04.12,240.0,0,25.9,27.1,33.2,27.5,0,1.3884
30.04.12,250.0,0,26.1,27.2,33.1,27.5,0,1.3884
30.04.12,260.0,0,26.2,27.2,33.1,27.5,0,1.3884
30.04.12,270.0,0,26.3,27.2,33,27.5,0,1.3884
30.04.12,280.0,0,26.2,27.1,33,27.5,0,1.3886999999999998
30.04.12,290.0,0,26.1,27.2,33,27.5,0,1.3886999999999998
30.04.12,300.0,0,26,27.2,32.9,27.6,0,1.3886999999999998
30.04.12,310.0,0,26,27.3,32.9,27.6,0,1.3886999999999998
30.04.12,320.0,0,26.1,27.3,32.8,27.7,0,1.3886999999999998
30.04.12,330.0,0,26.2,27.3,32.7,27.7,0,1.3886999999999998
30.04.12,340.0,0,26,27.2,32.7,27.7,0,1.3886999999999998
30.04.12,350.0,0,25.9,27.1,32.6,27.6,0,1.8516
30.04.12,360.0,0,25.6,27,32.6,27.5,0,1.3886999999999998
30.04.12,370.0,0,25.2,26.8,32.6,27.4,0,1.8519999999999999
30.04.12,380.0,0,24.9,26.5,32.5,27.2,0,1.3889999999999998
30.04.12,390.0,0,24.7,26.3,32.3,26.9,0,1.3889999999999998
30.04.12,400.0,0,24.4,26.3,32.3,26.8,0,1.3889999999999998
30.04.12,410.0,0,24.1,26,32.3,26.6,0,1.3889999999999998
30.04.12,420.0,0,23.8,25.8,32.2,26.4,0,1.8519999999999999
30.04.12,430.0,0,23.6,25.6,32.1,26.2,0,1.8519999999999999
30.04.12,440.0,0,23.5,25.6,32.1,26.1,0,1.3889999999999998
30.04.12,450.0,0,23.6,25.6,32,26.2,0,1.3889999999999998
30.04.12,460.0,0,23.7,25.7,32,26.2,0,1.3889999999999998
30.04.12,470.0,3,23.8,25.7,31.9,26.2,0,4.1679
30.04.12,480.0,9,23.8,25.7,31.9,26.1,0,23.6538
30.04.12,490.0,19,24.1,25.8,31.8,26.2,0,59.6224
30.04.12,500.0,30,24.5,26,31.8,26.2,0,96.3874
30.04.12,510.0,43,25,26,31.7,26.2,0,139.911
30.04.12,520.0,61,25.6,26.3,31.6,26.3,0,198.97920000000002
30.04.12,530.0,80,26.6,26.9,31.6,26.9,0,262.8738
30.04.12,540.0,100,27.6,27.3,31.5,27.2,0,327.2904
30.04.12,550.0,121,28.7,27.8,31.5,27.4,0,401.625
30.04.12,560.0,145,30,28.5,31.5,27.9,0,478.6074
30.04.12,570.0,164,31.3,29.2,31.5,28.4,0,545.56
30.04.12,580.0,194,33,30.1,31.5,29.4,0,646.952
30.04.12,590.0,220,34.9,30.8,31.5,30.3,0,734.4259999999999
30.04.12,600.0,248,36.3,31.7,31.5,31.5,0,834.1552
30.04.12,610.0,281,37.4,32,31.6,32.1,0,949.7221
30.04.12,620.0,311,38.9,32.5,31.7,32.7,0,1055.2288
30.04.12,630.0,334,39.8,33,31.8,33.1,0,1142.7876
30.04.12,640.0,359,40.7,33.2,31.9,33.4,0,1233.2574
30.04.12,650.0,404,42,33.5,32,33.8,0,1395.8802
30.04.12,660.0,428,43.2,34.1,32.2,34.3,1272,1446.9852
30.04.12,670.0,455,43.7,34.1,32.3,34.5,1332,1542.8583999999998
30.04.12,680.0,471,44.9,35,32.5,35.2,1296,1608.3456
30.04.12,690.0,503,45.7,35.2,32.6,35.5,1296,1716.3083
30.04.12,700.0,542,47.3,35.6,32.7,36,1266,1856.2530000000002
30.04.12,710.0,567,48.5,36.2,32.9,36.6,1257,1952.1167999999998
30.04.12,720.0,589,49.5,37,33,37.2,1314,2024.6399999999999
30.04.12,730.0,627,50.9,37.4,33.2,37.9,1293,2160.806
30.04.12,740.0,654,52.3,37.8,33.3,38.2,1239,2262.1992999999998
30.04.12,750.0,681,53.9,38.4,33.5,38.7,1248,2346.4255000000003
30.04.12,760.0,703,54.8,39.1,33.7,39.4,1215,2434.0131
30.04.12,770.0,738,55.6,39.2,33.9,39.7,1209,2552.4464000000003
30.04.12,780.0,727,56.9,39.5,34.1,40.1,1212,2513.4096000000004
30.04.12,790.0,715,56.7,39.8,34.3,40.5,1200,2484.609
30.04.12,800.0,733,56.3,40.2,34.5,40.8,1179,2563.3208
30.04.12,810.0,738,56.7,40.2,34.7,41,1203,2581.1172
30.04.12,820.0,751,57.2,40.6,35,41.4,1188,2639.58
30.04.12,830.0,705,56.6,40.9,35.2,41.8,1197,2469.2148
30.04.12,840.0,580,53.7,40.4,35.3,41.5,1176,2036.7026999999998
30.04.12,850.0,670,54.2,40.9,35.4,41.7,1185,2349.55
30.04.12,860.0,717,56.3,41.4,35.6,42.3,1188,2517.0915
30.04.12,870.0,711,56.1,41,35.8,42.2,1098,2508.4152
30.04.12,880.0,720,55.9,41.3,36.1,42,1086,2540.148
30.04.12,890.0,694,56,41.9,36.1,42.9,1047,2460.6179999999995
30.04.12,900.0,678,55.8,41.9,36.2,42.8,1074,2396.9134999999997
30.04.12,910.0,668,56.7,42.2,36.4,43.3,1113,2357.496
30.04.12,920.0,660,56.8,42.7,36.4,43.8,1059,2338.6165
30.04.12,930.0,646,55.7,42.7,36.6,43.8,1050,2282.8374
30.04.12,940.0,617,55.1,42.6,36.7,43.9,1032,2185.762
30.04.12,950.0,610,55.2,42.1,37,43.6,366,2184.4992
30.04.12,960.0,589,55,43.3,36.8,44.1,0,2126.5006
30.04.12,970.0,564,54.4,43.1,37,44.4,0,2038.5456
30.04.12,980.0,516,53.6,43.2,37,44.5,0,1857.7951
30.04.12,990.0,530,53.1,42.9,37,44.1,0,1911.2654000000002
30.04.12,1000.0,502,52.9,42.6,37.4,44.1,0,1816.176
30.04.12,1010.0,470,53.2,42.9,37.5,44.6,0,1696.4219999999998
30.04.12,1020.0,420,52.1,43.1,37.5,45.1,0,1516.2243
30.04.12,1030.0,417,50.9,42.7,37.6,44.5,0,1509.513
30.04.12,1040.0,408,51.2,42.9,37.7,44.6,0,1476.0339999999999
30.04.12,1050.0,379,50.9,42.8,37.7,44.8,0,1370.6428
30.04.12,1060.0,338,49.1,41.9,38,43.9,0,1222.5212
30.04.12,1070.0,321,49.5,42.8,37.9,44.5,0,1162.8697
30.04.12,1080.0,277,48.4,42.4,37.9,43.9,0,1001.976
30.04.12,1090.0,198,46.6,41.8,38,44.2,0,713.5832
30.04.12,1100.0,217,45.2,41.5,38,43,0,781.5384
30.04.12,1110.0,205,45.3,41.7,38.1,43.1,0,741.2209999999999
30.04.12,1120.0,116,43.3,40.9,38.1,42.1,0,413.44800000000004
30.04.12,1130.0,137,41.6,40.6,38.2,41.1,0,488.6592
30.04.12,1140.0,139,41.7,40.6,38.3,40.6,0,497.0448
30.04.12,1150.0,106,41.2,40.5,38.2,41.3,0,377.6256
30.04.12,1160.0,87,40.4,40.3,38.2,41.3,0,310.61310000000003
30.04.12,1170.0,68,39.7,39.9,38.2,41.1,0,241.42209999999997
30.04.12,1180.0,52,38.8,39.5,38.2,40.7,0,182.24779999999998
30.04.12,1190.0,45,38.3,39.3,38.2,40.4,0,159.1206
30.04.12,1200.0,32,37.7,39,38.3,40.2,0,109.1328
30.04.12,1210.0,18,37,38.5,38.3,39.7,0,58.818099999999994
30.04.12,1220.0,5,36,37.8,38.3,38.9,0,10.185
30.04.12,1230.0,0,35.3,37.2,38.3,38.3,996,2.3800000000000003
30.04.12,1240.0,0,34.8,36,38.3,37.2,1674,2.3489999999999998
30.04.12,1250.0,0,32.3,32.7,37.5,33.2,1944,2.3355
30.04.12,1260.0,0,30.8,31.7,37,32.1,2052,2.7923999999999998
30.04.12,1270.0,0,30.3,31.4,37,31.8,2076,2.7852
30.04.12,1280.0,0,30,31.2,36.9,31.6,2124,2.3145000000000002
30.04.12,1290.0,0,29.8,31,36.7,31.4,2160,2.7702
30.04.12,1300.0,0,29.5,30.8,36.6,31.2,2103,2.7666
30.04.12,1310.0,0,29.4,30.7,36.4,31.1,2064,2.7624
30.04.12,1320.0,0,29.2,30.5,36.5,31,2067,2.7563999999999997
30.04.12,1330.0,0,29,30.3,36.4,30.8,2046,2.293
30.04.12,1340.0,0,28.8,30.1,36.2,30.6,2040,2.2885000000000004
30.04.12,1350.0,0,28.7,29.9,36,30.4,2016,2.285
30.04.12,1360.0,0,28.6,29.8,35.9,30.3,1992,2.281
30.04.12,1370.0,0,28.5,29.7,35.8,30.2,1971,2.2765
30.04.12,1380.0,0,28.3,29.6,35.7,30.1,1932,2.273
30.04.12,1390.0,0,28.2,29.5,35.6,30,1884,2.2695000000000003
30.04.12,1400.0,0,28.1,29.3,35.5,29.8,1836,2.2665
30.04.12,1410.0,0,28,29.1,35.2,29.6,1806,2.262
30.04.12,1420.0,0,27.9,29,35.1,29.5,1854,2.2550000000000003
30.04.12,1430.0,0,27.7,28.9,34.9,29.4,1857,2.2485
30.04.12,1440.0,0,27.6,28.8,34.8,29.3,1791,2.2445
01.05.12,10.0,0,27.6,28.7,34.9,29.2,1788,2.238
01.05.12,20.0,0,27.5,28.6,34.9,29.1,1713,2.233
01.05.12,30.0,0,27.3,28.5,34.9,28.9,1680,2.2265
01.05.12,40.0,0,27.1,28.3,34.7,28.8,1656,2.2190000000000003
01.05.12,50.0,0,26.9,28.1,34.5,28.6,1620,2.211
01.05.12,60.0,0,26.7,28,34.3,28.5,1614,2.6412
01.05.12,70.0,0,26.7,27.8,34.2,28.3,1599,2.19
01.05.12,80.0,0,26.5,27.7,34.2,28.2,1542,2.1805
01.05.12,90.0,0,26.4,27.6,34.2,28.1,1533,2.168
01.05.12,100.0,0,26.3,27.5,34.1,28,708,2.2115
01.05.12,110.0,0,26.2,27.4,34,27.9,0,1.8216
01.05.12,120.0,0,26,27.3,34,27.8,0,1.83
01.05.12,130.0,0,25.9,27.2,33.8,27.7,0,1.8356000000000001
01.05.12,140.0,0,25.9,27.1,33.6,27.6,0,1.3794
01.05.12,150.0,0,25.8,27,33.6,27.4,0,1.3815
01.05.12,160.0,0,25.7,26.9,33.5,27.3,0,1.3827
01.05.12,170.0,0,25.7,26.8,33.3,27.2,0,1.3839000000000001
01.05.12,180.0,0,25.6,26.7,33.2,27.1,0,1.3847999999999998
01.05.12,190.0,0,25.6,26.6,33,27.1,0,1.3857
01.05.12,200.0,0,25.6,26.6,33,27,0,1.3862999999999999
01.05.12,210.0,0,25.5,26.5,32.9,26.9,0,1.3868999999999998
01.05.12,220.0,0,25.4,26.4,32.7,26.8,0,1.3872
01.05.12,230.0,0,25.3,26.3,32.6,26.8,0,1.3875
01.05.12,240.0,0,25.1,26.3,32.7,26.7,0,1.3878
01.05.12,250.0,0,24.9,26.1,32.6,26.6,0,1.3881000000000001
01.05.12,260.0,0,24.9,26,32.5,26.5,0,1.3884
01.05.12,270.0,0,24.8,25.9,32.4,26.3,0,1.3884
01.05.12,280.0,0,24.7,25.8,32.2,26.2,0,1.3886999999999998
01.05.12,290.0,0,24.6,25.7,32.1,26.1,0,1.3886999999999998
01.05.12,300.0,0,24.5,25.5,32.1,25.9,0,1.3889999999999998
01.05.12,310.0,0,24.4,25.4,32,25.8,0,1.8519999999999999
01.05.12,320.0,0,24.3,25.4,32,25.7,0,1.3889999999999998
01.05.12,330.0,0,24.2,25.2,31.8,25.6,0,1.8519999999999999
01.05.12,340.0,0,24,25.1,31.8,25.5,0,1.3893
01.05.12,350.0,0,23.9,25,31.6,25.4,0,1.3893
01.05.12,360.0,0,23.6,24.9,31.7,25.3,0,1.3893
01.05.12,370.0,0,23.3,24.8,31.6,25.2,0,1.3893
01.05.12,380.0,0,23.1,24.7,31.5,25.2,0,1.3893
01.05.12,390.0,0,23.1,24.7,31.4,25.2,0,1.3893
01.05.12,400.0,0,23.1,24.6,31.2,25.1,0,1.3893
01.05.12,410.0,0,23.1,24.6,31.1,25,0,1.3893
01.05.12,420.0,0,23.1,24.5,31,24.9,0,1.3893
01.05.12,430.0,0,23.1,24.4,30.8,24.9,0,1.3893
01.05.12,440.0,0,23,24.4,30.8,24.9,0,1.3893
01.05.12,450.0,0,22.9,24.3,30.8,24.8,0,1.3893
01.05.12,460.0,1,22.7,24.3,30.8,24.8,0,1.3893
01.05.12,470.0,4,22.6,24.3,30.8,24.7,0,8.8046
01.05.12,480.0,11,22.8,24.3,30.7,24.8,0,34.845
01.05.12,490.0,20,23.2,24.5,30.6,24.9,0,66.243
01.05.12,500.0,33,23.6,24.6,30.5,24.9,0,110.566
01.05.12,510.0,46,24.1,24.8,30.5,25,0,156.4434
01.05.12,520.0,59,24.6,25,30.4,25.1,0,203.21280000000002
01.05.12,530.0,76,25.2,25.2,30.3,25.2,0,260.463
01.05.12,540.0,97,25.8,25.5,30.1,25.3,0,332.0768
01.05.12,550.0,119,26.6,25.8,30.1,25.5,0,411.24899999999997
01.05.12,560.0,139,27.4,26.2,30,25.6,0,481.1776
01.05.12,570.0,162,28.3,26.6,30,25.9,0,564.0624
01.05.12,580.0,185,29.3,27.1,30,26.1,0,646.884
01.05.12,590.0,211,30.4,27.6,30,26.4,0,738.8604
01.05.12,600.0,238,32,28.1,30.2,26.9,0,837.2462999999999
01.05.12,610.0,266,33.7,28.8,30.2,27.4,0,938.1153999999999
01.05.12,620.0,295,35.4,29.3,30.3,28,0,1044.1088
01.05.12,630.0,324,36.2,30,30.4,28.4,0,1149.778
01.05.12,640.0,339,36.8,30.7,30.4,29.1,0,1202.2685999999999
01.05.12,650.0,374,38.7,31.5,30.5,30.1,0,1331.366
01.05.12,660.0,400,41,32.2,30.6,31,909,1397.3796
01.05.12,670.0,421,42.6,32.9,30.7,31.5,1260,1457.4778
01.05.12,680.0,446,44,32.9,30.8,32.5,1206,1550.3392
01.05.12,690.0,476,46.1,34.4,30.9,33.4,1173,1655.5791
01.05.12,700.0,499,46.6,34.1,31,33.6,1158,1743.8817999999999
01.05.12,710.0,527,46.8,35.1,31.1,33.2,1143,1844.16
01.05.12,720.0,555,48.3,35.3,31.2,34.2,1122,1941.251
01.05.12,730.0,580,49.9,35.6,31.3,35.9,1110,2038.0761
01.05.12,740.0,602,51.3,36,31.5,36.8,1110,2113.389
01.05.12,750.0,621,52.4,36.2,31.6,36.9,1089,2178.3272
01.05.12,760.0,639,53,37,31.8,37.3,1110,2248.5292
01.05.12,770.0,648,53.6,36.9,32,37.6,1155,2273.3160000000003
01.05.12,780.0,661,54.5,37.5,32,37.4,1161,2323.3797999999997
01.05.12,790.0,671,55.3,38.2,32.3,38.5,1152,2351.1432
01.05.12,800.0,684,55.4,38.2,32.5,38.8,1155,2398.0605
01.05.12,810.0,710,56.3,38.5,32.7,39,1143,2498.699
01.05.12,820.0,710,56.1,38.4,32.9,39.2,1095,2492.9640000000004
01.05.12,830.0,702,55.7,38.8,33.2,39.7,1095,2466.9152999999997
01.05.12,840.0,701,56,39.5,33.2,40.3,1086,2470.4064000000003
01.05.12,850.0,730,57.9,39.8,33.4,40.4,1062,2565.417
01.05.12,860.0,731,57.3,40.1,33.7,41,1059,2577.96
01.05.12,870.0,696,56.5,40.9,33.7,41.8,1095,2448.7562
01.05.12,880.0,685,56.4,40.3,34,41.2,1122,2403.8320000000003
01.05.12,890.0,721,56.8,40.9,34.1,41.8,1173,2537.3163
01.05.12,900.0,686,57.1,41.6,34.3,42.5,1164,2404.3052000000002
01.05.12,910.0,682,57,41.5,34.3,42.7,1191,2387.0187
01.05.12,920.0,690,57.9,42,34.5,43.4,1197,2423.0544
01.05.12,930.0,669,58.5,42.1,34.6,43.2,1182,2340.0575999999996
01.05.12,940.0,633,57.4,41.4,34.9,42.8,222,2250.466
01.05.12,950.0,608,57.8,41.8,35,43.1,0,2158.404
01.05.12,960.0,591,56.4,41.6,35.2,43.1,0,2102.6682
01.05.12,970.0,571,55.1,41.4,35.4,43.2,0,2042.0162
01.05.12,980.0,542,54.7,41.5,35.5,43.5,0,1930.3388
01.05.12,990.0,516,54.4,41.2,35.6,43.2,0,1836.8006
01.05.12,1000.0,489,53.1,41.1,35.8,43.2,0,1750.5486
01.05.12,1010.0,442,51.9,40.7,35.9,42.6,0,1577.5973000000001
01.05.12,1020.0,423,50.8,40.8,36,42.9,0,1516.6459000000002
01.05.12,1030.0,414,50.6,41,36.1,43.1,0,1476.7236
01.05.12,1040.0,385,50.7,41.5,36.1,43.9,0,1374.5214
01.05.12,1050.0,354,49.5,40.6,36.4,43.3,0,1268.2935
01.05.12,1060.0,341,48.8,40.9,36.4,43.3,0,1217.9006
01.05.12,1070.0,311,48,41,36.4,43.7,0,1110.8314
01.05.12,1080.0,278,47.4,41.2,36.5,43.9,0,995.2032000000002
01.05.12,1090.0,252,46,40.6,36.5,42.6,0,897.84
01.05.12,1100.0,225,45,40.5,36.5,42.2,0,802.1169
01.05.12,1110.0,192,44,40.3,36.6,41.6,0,682.9625
01.05.12,1120.0,165,42.5,39.7,36.6,40.8,0,580.726
01.05.12,1130.0,145,41.4,39.6,36.6,40.7,0,515.9721
01.05.12,1140.0,126,40.8,39.3,36.8,41.2,0,444.91380000000004
01.05.12,1150.0,102,40,39.1,36.8,40.7,0,360.09059999999994
01.05.12,1160.0,79,39,38.7,36.8,40.3,0,276.11060000000003
01.05.12,1170.0,59,38,38.5,36.8,40,0,206.78
01.05.12,1180.0,45,37.1,38.1,36.8,39.8,0,155.502
01.05.12,1190.0,33,36.4,37.7,36.8,39.2,0,111.26399999999998
01.05.12,1200.0,22,35.7,37.4,36.8,38.7,0,71.589
01.05.12,1210.0,11,34.8,36.8,36.8,38.3,0,32.076
01.05.12,1220.0,4,33.9,36.3,36.8,37.8,39,5.8188
01.05.12,1230.0,0,33.7,36.3,36.8,37.6,1251,1.892
01.05.12,1240.0,0,33.4,35.8,36.8,37.3,1611,1.8792
01.05.12,1250.0,0,33,35.5,36.8,36.9,2007,2.3325
01.05.12,1260.0,0,32.5,35,36.8,36.3,2118,2.324
01.05.12,1270.0,0,32.1,34.6,36.8,35.6,2100,2.3190000000000004
01.05.12,1280.0,0,31.9,34.2,36.8,35.2,2142,2.7756
01.05.12,1290.0,0,31.5,33.8,36.8,34.8,2202,2.7678000000000003
01.05.12,1300.0,0,31.6,33.3,36.8,34,2199,2.3015000000000003
01.05.12,1310.0,0,31.3,32.5,36.6,33,2187,2.2975000000000003
01.05.12,1320.0,0,30.9,32.2,36.6,32.7,2124,2.2945
01.05.12,1330.0,0,30.7,32.1,36.6,32.5,2052,2.2925
01.05.12,1340.0,0,30.2,31.8,36.5,32.3,2025,2.289
01.05.12,1350.0,0,29.8,31.2,36.1,31.8,2004,2.285
01.05.12,1360.0,0,29.5,30.6,35.9,31.2,2004,2.2805
01.05.12,1370.0,0,29.1,30.4,35.6,30.9,1956,2.2775
01.05.12,1380.0,0,29,30.4,35.5,30.9,1935,2.2735
01.05.12,1390.0,0,29,30.2,35.4,30.7,1905,2.2695000000000003
01.05.12,1400.0,0,28.8,30,35.1,30.5,1926,2.2635
01.05.12,1410.0,0,28.6,29.9,35.1,30.4,1938,2.2575
01.05.12,1420.0,0,28.5,29.8,35.2,30.3,1920,2.2525
01.05.12,1430.0,0,28.4,29.7,35.1,30.2,1884,2.247
01.05.12,1440.0,0,28.2,29.5,35,30.1,1884,2.2405000000000004
02.05.12,10.0,0,28.1,29.4,35,29.9,1896,2.2325
02.05.12,20.0,0,27.9,29.2,34.9,29.8,1854,2.2255
02.05.12,30.0,0,27.7,29.1,34.8,29.7,1779,2.2195
02.05.12,40.0,0,27.6,29,34.7,29.6,1776,2.2100000000000004
02.05.12,50.0,0,27.5,28.8,34.7,29.4,1791,2.1975000000000002
02.05.12,60.0,0,27.3,28.7,34.7,29.2,1755,2.1855
02.05.12,70.0,0,27.1,28.5,34.7,29.1,1740,2.1710000000000003
02.05.12,80.0,0,27,28.4,34.6,29,1626,2.16
02.05.12,90.0,0,26.8,28.2,34.5,28.8,0,1.8148
02.05.12,100.0,0,26.7,28.1,34.4,28.7,0,1.8292
02.05.12,110.0,0,26.6,28,34.3,28.6,0,1.8356000000000001
02.05.12,120.0,0,26.5,27.9,34.3,28.5,0,1.84
02.05.12,130.0,0,26.4,27.8,34.2,28.4,0,1.8432
02.05.12,140.0,0,26.1,27.6,34.2,28.2,0,1.8456000000000001
02.05.12,150.0,0,25.7,27.4,34.2,28,0,1.8472
02.05.12,160.0,0,25.5,27.3,34.2,27.9,0,1.8488
02.05.12,170.0,0,25.3,27.2,34.2,27.8,0,1.3872
02.05.12,180.0,0,25,26.8,34.1,27.5,0,1.8504
02.05.12,190.0,0,24.7,26.6,34,27.3,0,1.3884
02.05.12,200.0,0,24.3,26.4,34,27,0,1.3886999999999998
02.05.12,210.0,0,24.1,26.4,33.9,26.9,0,1.3893
02.05.12,220.0,0,24.1,26.2,33.8,26.9,0,1.3893
02.05.12,230.0,0,24,26,33.7,26.7,0,1.3896
02.05.12,240.0,0,23.8,26,33.7,26.6,0,1.3899
02.05.12,250.0,0,23.7,25.9,33.6,26.5,0,1.3899
02.05.12,260.0,0,23.7,26,33.6,26.5,0,1.3899
02.05.12,270.0,0,23.7,26,33.5,26.5,0,1.3902
02.05.12,280.0,0,23.5,26,33.5,26.5,0,1.3902
02.05.12,290.0,0,23.4,25.9,33.4,26.5,0,1.3902
02.05.12,300.0,0,23.3,25.7,33.3,26.3,0,1.3902
02.05.12,310.0,0,23,25.6,33.3,26.2,0,1.3902
02.05.12,320.0,0,23.1,25.9,33.2,26.4,0,1.3905
02.05.12,330.0,0,23.1,25.8,33.1,26.3,0,1.3905
02.05.12,340.0,0,22.9,25.1,32.9,26,0,1.3905
02.05.12,350.0,0,22.5,24.9,32.9,25.7,0,1.3905
02.05.12,360.0,0,22.1,24.6,32.9,25.8,0,1.3905
02.05.12,370.0,0,21.7,24.5,32.8,25.7,0,1.854
02.05.12,380.0,0,21.4,24.5,32.7,25.5,0,1.3905
02.05.12,390.0,0,21.3,24.5,32.6,25.4,0,1.3905
02.05.12,400.0,0,21.1,24.5,32.5,25.3,0,1.854
02.05.12,410.0,0,21.1,24,32.5,25.1,0,1.3905
02.05.12,420.0,0,20.9,23.9,32.4,24.9,0,1.3905
02.05.12,430.0,0,20.8,23.8,32.3,24.7,0,1.3905
02.05.12,440.0,0,20.8,23.7,32.2,24.5,0,1.854
02.05.12,450.0,0,20.8,23.9,32,24.6,0,1.3905
02.05.12,460.0,1,20.9,24,32,24.8,0,1.854
02.05.12,470.0,5,20.9,23.7,31.9,24.8,0,11.1312
02.05.12,480.0,13,21.1,23.5,31.8,24.5,0,39.5335
02.05.12,490.0,24,21.5,24.2,31.8,24.6,0,78.9568
02.05.12,500.0,38,22.1,24.2,31.8,24.9,0,126.63000000000001
02.05.12,510.0,55,22.8,24.5,31.7,25.3,0,187.64970000000002
02.05.12,520.0,77,23.9,25.2,31.6,25.7,0,264.8144
02.05.12,530.0,100,25.5,26.3,31.5,26.3,0,346.44800000000004
02.05.12,540.0,122,27.5,27.8,31.2,27.3,0,425.227
02.05.12,550.0,150,29.7,29.4,31.3,28.8,0,522.5684
02.05.12,560.0,180,32,30.7,31.3,30.3,0,629.6944000000001
02.05.12,570.0,208,34,31.7,31.4,31.3,0,732.195
02.05.12,580.0,237,35.7,32.3,31.6,32,0,838.1568000000001
02.05.12,590.0,270,37.2,32.9,31.7,32.7,0,962.8799999999999
02.05.12,600.0,312,38.8,33.4,31.8,33.2,0,1113.6708999999998
02.05.12,610.0,342,40.3,33.9,32,33.8,0,1226.6395
02.05.12,620.0,382,41.6,34.5,32.1,34.3,0,1384.1605
02.05.12,630.0,419,42.7,34.7,32.3,34.6,894,1507.59
02.05.12,640.0,450,44.1,35.2,32.4,35,1170,1605.3492
02.05.12,650.0,480,44.6,35,32.5,35.1,1143,1727.0015999999998
02.05.12,660.0,507,45.9,35.7,32.6,35.6,1125,1821.4392
02.05.12,670.0,533,47,36.1,32.8,36.1,1116,1922.2383999999997
02.05.12,680.0,563,48.4,36.6,33,36.6,1134,2023.9180000000001
02.05.12,690.0,577,49.2,36.8,33.1,37,1152,2072.2311
02.05.12,700.0,604,49.8,37.1,33.2,37.3,1158,2195.3318999999997
02.05.12,710.0,635,50.4,37.1,33.4,37.4,1164,2309.0074
02.05.12,720.0,650,51,37.7,33.6,38,1155,2362.4388
02.05.12,730.0,675,51.6,37.9,33.8,38.3,1149,2463.0012
02.05.12,740.0,687,52.2,38.1,33.9,38.4,1137,2497.8765
02.05.12,750.0,722,53.1,38.1,34,38.7,1146,2635.688
02.05.12,760.0,732,54.9,39.2,34.1,39.6,1116,2666.6899
02.05.12,770.0,755,56,39.6,34.3,40.1,1104,2745.8340000000003
02.05.12,780.0,763,57.1,39.9,34.5,40.2,1101,2785.0240000000003
02.05.12,790.0,780,58,41,34.7,41,1098,2839.2149999999997
02.05.12,800.0,775,58.6,40.7,34.9,41.4,1089,2820.3285
02.05.12,810.0,797,58.7,40.5,35.1,41.2,1074,2911.3700000000003
02.05.12,820.0,798,58.8,41,35.3,41.8,1071,2914.47
02.05.12,830.0,808,58.7,41.1,35.5,41.8,1080,2954.579
02.05.12,840.0,802,59.3,42.2,35.6,42.5,1083,2922.4029
02.05.12,850.0,804,59.9,42,35.7,43,1050,2932.1724
02.05.12,860.0,799,59.5,42.2,35.9,42.8,1032,2924.2542000000003
02.05.12,870.0,782,59.9,42.8,36,43.4,1032,2851.0544
02.05.12,880.0,767,59.4,41.8,36.3,42.9,1077,2797.2945
02.05.12,890.0,758,59.7,42.9,36.4,43.6,1092,2772.8766
02.05.12,900.0,745,59.8,42.8,36.5,44,993,2718.13
02.05.12,910.0,739,60.4,43.1,36.7,44.2,1008,2703.6984
02.05.12,920.0,722,60.6,43.5,36.9,44.5,1080,2626.2187000000004
02.05.12,930.0,720,59.6,42.8,37.1,44.4,1074,2620.8178000000003
02.05.12,940.0,718,59.7,42.7,37.3,44.2,963,2623.0886
02.05.12,950.0,706,60.6,43.5,37.3,44.7,0,2612.2257
02.05.12,960.0,681,60.2,43.5,37.6,45.2,0,2519.4914
02.05.12,970.0,660,59,43.4,37.8,44.5,0,2454.7736
02.05.12,980.0,614,58.5,43.1,37.8,44.9,0,2276.6611999999996
02.05.12,990.0,602,57.4,43.1,38,44.7,0,2239.3976000000002
02.05.12,1000.0,571,56.4,43,38.2,44.8,0,2119.7988
02.05.12,1010.0,546,56.5,43.8,38.2,45.3,0,2024.2144
02.05.12,1020.0,500,55.1,42.9,38.5,45.5,0,1857.7008
02.05.12,1030.0,470,55.5,43.9,38.4,45.6,0,1739.1036000000001
02.05.12,1040.0,423,53.1,42.7,38.6,44.8,0,1569.9708
02.05.12,1050.0,403,52.6,43.3,38.7,44.9,0,1496.2449
02.05.12,1060.0,377,51.9,43,38.7,45.7,0,1398.375
02.05.12,1070.0,344,50.8,42.8,38.8,45.6,0,1281.9425
02.05.12,1080.0,313,49.8,43.2,38.9,45.9,0,1162.8765
02.05.12,1090.0,291,48.6,42.2,39,45.2,0,1082.2556
02.05.12,1100.0,248,47.5,42.4,39.1,45,0,925.4364
02.05.12,1110.0,212,46.4,42.3,39.1,45.1,0,786.8484000000001
02.05.12,1120.0,167,45.2,41.9,39.1,44.4,0,612.0998000000001
02.05.12,1130.0,135,43.8,41.7,39.1,44.1,0,498.3014
02.05.12,1140.0,109,42.2,41.3,39.1,44,0,398.7378
02.05.12,1150.0,81,40.8,40.9,39.1,43.7,0,296.6678
02.05.12,1160.0,59,39.3,40.4,39.1,43.1,0,214.613
02.05.12,1170.0,53,38.3,40,39.1,41.6,0,191.13930000000002
02.05.12,1180.0,42,37.7,39.3,39.1,40.2,0,152.337
02.05.12,1190.0,32,36.8,38.7,39.1,39.7,0,113.16
02.05.12,1200.0,27,35.8,38,39.1,39.1,0,96.8058
02.05.12,1210.0,16,34.9,37.4,39.1,38.5,0,53.4536
02.05.12,1220.0,6,33.8,36.8,39,38.1,0,13.700400000000002
02.05.12,1230.0,2,32.6,36.2,39,37.4,471,2.4210000000000003
02.05.12,1240.0,0,31.5,35.7,38.9,37,1425,2.375
02.05.12,1250.0,0,30.9,35.2,38.9,36.5,1662,2.3649999999999998
02.05.12,1260.0,0,30.8,34.6,38.9,35.7,1794,2.8284
02.05.12,1270.0,0,32,34,38.5,35,1842,2.8224
02.05.12,1280.0,0,31.1,32.2,38,32.8,1890,2.8164
02.05.12,1290.0,0,30.4,31.9,37.9,32.5,1992,2.8086
02.05.12,1300.0,0,29.9,31.4,37.8,32,2028,2.8026
02.05.12,1310.0,0,29.2,30.6,37.4,31.1,2001,2.799
02.05.12,1320.0,0,28.5,29.8,37,30.3,2013,2.7942
02.05.12,1330.0,0,28,29.4,36.9,29.9,1950,2.327
02.05.12,1340.0,0,27.7,29,36.6,29.5,1935,2.324
02.05.12,1350.0,0,27.3,28.7,36.5,29.2,1914,2.321
02.05.12,1360.0,0,27,28.5,36.4,29,1908,2.3175000000000003
02.05.12,1370.0,0,26.6,28.1,36.2,28.6,1875,2.3155
02.05.12,1380.0,0,26.3,27.5,35.9,28,1842,2.313
02.05.12,1390.0,0,25.9,27.2,35.7,27.6,1821,2.31
02.05.12,1400.0,0,25.6,26.9,35.5,27.3,1821,2.3065
02.05.12,1410.0,0,25.3,26.7,35.3,27.1,1869,2.302
02.05.12,1420.0,0,25,26.3,35.1,26.7,1887,2.2975000000000003
02.05.12,1430.0,0,24.7,26.1,34.8,26.5,1881,2.294
02.05.12,1440.0,0,24.5,25.9,34.7,26.3,1824,2.2915
03.05.12,10.0,0,24.2,25.7,34.5,26.1,1797,2.289
03.05.12,20.0,0,23.9,25.5,34.5,25.9,1761,2.286
03.05.12,30.0,0,23.7,25.3,34.2,25.7,1734,2.283
03.05.12,40.0,0,23.6,25.1,33.8,25.5,1716,2.2800000000000002
03.05.12,50.0,0,23.4,24.9,33.8,25.3,1689,2.2765
03.05.12,60.0,0,23.2,24.8,33.6,25.2,1683,2.2725000000000004
03.05.12,70.0,0,23.1,24.6,33.4,25,1668,2.269
03.05.12,80.0,0,23,24.5,33.2,24.9,1572,2.2680000000000002
03.05.12,90.0,0,22.9,24.4,33.3,24.9,1467,2.2670000000000003
03.05.12,100.0,0,22.8,24.3,33.1,24.8,1455,2.262
03.05.12,110.0,0,22.6,24.1,33,24.6,1404,1.8072
03.05.12,120.0,0,22.5,24.1,32.7,24.5,1335,2.2565000000000004
03.05.12,130.0,0,22.5,24,32.7,24.4,1290,1.8024000000000002
03.05.12,140.0,0,22.4,23.9,32.5,24.4,1245,2.2495000000000003
03.05.12,150.0,0,22.3,23.8,32.4,24.3,1278,2.243
03.05.12,160.0,0,22.1,23.8,32.5,24.2,1329,2.2345
03.05.12,170.0,0,22.1,23.7,32.4,24.1,1314,2.228
03.05.12,180.0,0,22.1,23.6,32.2,24,1314,2.221
03.05.12,190.0,0,22,23.4,32.1,23.9,1305,2.2145
03.05.12,200.0,0,21.8,23.4,32.1,23.8,1266,2.2085000000000004
03.05.12,210.0,0,21.7,23.2,32.1,23.6,1125,2.2085000000000004
03.05.12,220.0,0,21.4,23,32,23.5,1224,1.7572
03.05.12,230.0,0,21.1,22.9,32.1,23.4,1203,2.1885000000000003
03.05.12,240.0,0,21.1,22.8,31.9,23.3,582,1.7784
03.05.12,250.0,0,21.1,22.7,31.8,23.2,0,1.3659
03.05.12,260.0,0,20.9,22.6,31.8,23.1,0,1.3713
03.05.12,270.0,0,20.8,22.5,31.7,23,0,1.3748999999999998
03.05.12,280.0,0,20.7,22.3,31.4,22.8,0,1.3776
03.05.12,290.0,0,20.5,22.2,31.3,22.7,0,1.3794
03.05.12,300.0,0,20.4,22.1,31.2,22.6,0,1.3812
03.05.12,310.0,0,20.1,21.9,31.2,22.5,0,1.3823999999999999
03.05.12,320.0,0,20,21.9,31.1,22.4,0,1.3836
03.05.12,330.0,0,19.8,21.8,30.9,22.3,0,1.3844999999999998
03.05.12,340.0,0,19.7,21.7,30.9,22.3,0,1.3851
03.05.12,350.0,0,19.6,21.6,30.7,22.2,0,1.3857
03.05.12,360.0,0,19.6,21.6,30.6,22.2,0,1.3862999999999999
03.05.12,370.0,0,19.5,21.5,30.6,22.1,0,1.3868999999999998
03.05.12,380.0,0,19.3,21.4,30.6,22,0,1.3872
03.05.12,390.0,0,18.9,21.2,30.6,21.9,0,1.3875
03.05.12,400.0,0,18.7,21.1,30.5,21.8,0,1.3878
03.05.12,410.0,0,18.6,21.2,30.4,21.7,0,1.3881000000000001
03.05.12,420.0,0,18.6,21.1,30.4,21.7,0,1.3881000000000001
03.05.12,430.0,0,18.8,21.1,30.2,21.7,0,1.3884
03.05.12,440.0,0,18.9,21.2,30.1,21.7,0,1.3886999999999998
03.05.12,450.0,0,19,21.1,29.9,21.6,0,1.3886999999999998
03.05.12,460.0,1,19,21,29.7,21.6,0,1.3886999999999998
03.05.12,470.0,5,18.9,21,29.7,21.5,0,12.9724
03.05.12,480.0,15,19.2,21.2,29.7,21.5,0,48.3704
03.05.12,490.0,28,19.7,21.4,29.5,21.6,0,94.47540000000001
03.05.12,500.0,43,20.3,21.7,29.5,21.8,0,149.8981
03.05.12,510.0,62,21.2,22.2,29.4,22.1,0,218.6832
03.05.12,520.0,82,22.1,22.7,29.2,22.5,0,294.05600000000004
03.05.12,530.0,105,23.2,23.3,29.1,23,0,377.7672
03.05.12,540.0,130,24.4,23.9,29,23.5,0,470.3841
03.05.12,550.0,157,25.7,24.6,29,24.1,0,570.9499999999999
03.05.12,560.0,189,27,25.3,29,24.7,0,691.8779999999999
03.05.12,570.0,222,28.5,26.3,29,25.3,0,813.2481000000001
03.05.12,580.0,255,30.1,27,29.1,25.9,0,935.415
03.05.12,590.0,291,31.8,27.9,29.2,26.5,0,1073.2635
03.05.12,600.0,329,33.2,28.6,29.2,27.1,0,1208.7333
03.05.12,610.0,364,35,29.5,29.3,27.8,0,1338.6000000000001
03.05.12,620.0,400,36.7,30.5,29.4,28.5,327,1468.6365
03.05.12,630.0,436,39.5,31.7,29.6,29.6,960,1579.5285
03.05.12,640.0,471,42.6,32.2,29.7,31,918,1711.5409999999997
03.05.12,650.0,504,44.7,32.9,29.8,31.7,918,1827.1589999999999
03.05.12,660.0,534,45.9,33.4,29.9,31.9,912,1936.7348
03.05.12,670.0,566,47.5,34.5,30,32.8,879,2058.4584
03.05.12,680.0,597,49.2,34.6,30.2,34,864,2163.1679999999997
03.05.12,690.0,627,50.5,35.4,30.4,34.6,858,2273.8739
03.05.12,700.0,654,51.5,35.3,30.5,35.2,852,2380.3965
03.05.12,710.0,678,52.1,35.6,30.8,35.5,840,2461.476
03.05.12,720.0,702,52.2,35.8,31,35.9,843,2561.2394
03.05.12,730.0,725,52.1,36.2,31.4,36.3,855,2648.1291
03.05.12,740.0,746,54.2,37,31.4,37.1,954,2717.6039
03.05.12,750.0,765,55.9,37.5,31.6,37.5,948,2792.25
03.05.12,760.0,781,55.9,37.5,31.9,37.8,951,2844.6306
03.05.12,770.0,798,56.6,37.9,32,38.2,966,2909.8296
03.05.12,780.0,807,57.4,38.7,32.2,38.6,936,2955.7255
03.05.12,790.0,820,59,39.7,32.4,39.4,924,2995.2848
03.05.12,800.0,828,59.7,39.9,32.7,39.5,936,3034.3846
03.05.12,810.0,829,60.2,40,32.9,40,927,3034.0950000000003
03.05.12,820.0,835,60.1,40.3,33.1,40.6,921,3059.1618000000003
03.05.12,830.0,842,59.3,40.3,33.4,40.8,918,3095.5027999999998
03.05.12,840.0,841,60.7,40.9,33.5,41.1,921,3083.4243
03.05.12,850.0,841,61.1,41.3,33.8,41.4,924,3084.1600000000003
03.05.12,860.0,839,60.5,40.9,34,41.5,936,3087.8199999999997
03.05.12,870.0,831,61.2,41.9,34.2,42.2,936,3049.6365
03.05.12,880.0,823,61.4,41.8,34.3,42.4,912,3026.3728
03.05.12,890.0,813,60.8,41.9,34.5,42.5,927,2982.336
03.05.12,900.0,805,60.8,41.9,34.8,42.8,927,2950.6788
03.05.12,910.0,789,60.9,42.8,34.9,42.6,918,2901.6327
03.05.12,920.0,771,61.7,43.6,34.9,43.7,939,2818.1475
03.05.12,930.0,755,60.7,43.2,35.2,43.9,900,2766.5313
03.05.12,940.0,740,60.4,43,35.3,43.9,0,2756.044
03.05.12,950.0,722,61.2,43.4,35.5,44.2,0,2680.1304
03.05.12,960.0,677,59.2,42.6,35.8,43.7,0,2519.341
03.05.12,970.0,681,59.8,43.3,35.8,44,0,2530.8288000000002
03.05.12,980.0,657,59.4,43.4,36.1,44.4,0,2442.8846
03.05.12,990.0,630,57.6,42.7,36.4,44.2,0,2361.9057000000003
03.05.12,1000.0,600,57.3,43.1,36.5,44.6,0,2246.5668
03.05.12,1010.0,569,56.3,42.6,36.7,45.1,0,2130.7044
03.05.12,1020.0,534,55,42.7,36.8,45.1,0,2005.3512000000003
03.05.12,1030.0,506,54.6,43,36.8,44.8,0,1898.9396000000002
03.05.12,1040.0,431,53.8,42.6,36.9,45.3,0,1614.3944
03.05.12,1050.0,431,53.2,42.7,37,44.8,0,1611.1872
03.05.12,1060.0,403,52.4,42.6,37.2,45.3,0,1508.0601000000001
03.05.12,1070.0,358,50.1,41.7,37.4,44.4,0,1347.276
03.05.12,1080.0,327,49.5,42.3,37.3,45.1,0,1227.798
03.05.12,1090.0,287,48.2,41.8,37.2,44.3,0,1076.4838
03.05.12,1100.0,233,45.4,41.1,37.3,41.7,0,874.8256
03.05.12,1110.0,181,43.1,40.5,37.5,40.8,0,674.8420000000001
03.05.12,1120.0,176,42.1,40.4,37.6,40.3,0,653.6519000000001
03.05.12,1130.0,164,41.9,40.4,37.7,39.9,0,612.6003000000001
03.05.12,1140.0,133,40.2,38.8,37.7,38.5,0,496.72319999999996
03.05.12,1150.0,114,38.3,37.7,37.7,37.4,0,422.4365
03.05.12,1160.0,97,36.8,36.7,37.5,36.5,0,360.1491
03.05.12,1170.0,83,35.7,35.7,37.4,35.7,0,305.2308
03.05.12,1180.0,68,34.5,34.6,37.3,34.7,0,250.99999999999997
03.05.12,1190.0,53,33.2,33.5,37.2,33.6,0,193.9554
03.05.12,1200.0,37,32,32.5,37.1,32.8,0,134.687
03.05.12,1210.0,23,30.9,31.7,36.9,32,0,78.7527
03.05.12,1220.0,11,30,30.9,36.8,31.3,0,35.568
03.05.12,1230.0,4,29.3,30.6,36.8,30.9,462,7.8032
03.05.12,1240.0,0,29,30.4,36.7,30.7,1293,1.9144
03.05.12,1250.0,0,28.6,30.1,36.6,30.5,1530,1.906
03.05.12,1260.0,0,28.4,30,36.5,30.4,1863,2.369
03.05.12,1270.0,0,28.3,29.9,36.5,30.3,1977,2.362
03.05.12,1280.0,0,28.2,29.7,36.4,30.1,2043,2.3565
03.05.12,1290.0,0,27.9,29.4,36.3,29.8,2043,2.8229999999999995
03.05.12,1300.0,0,27.3,29,36,29.5,2067,2.8176
03.05.12,1310.0,0,27,28.9,36,29.4,2100,2.3435
03.05.12,1320.0,0,27,28.7,35.8,29.1,2109,2.339
03.05.12,1330.0,0,26.9,28.6,35.9,29,2094,2.336
03.05.12,1340.0,0,26.7,28.4,36,28.9,2079,2.3329999999999997
03.05.12,1350.0,0,26.5,28.3,35.8,28.7,2034,2.3305000000000002
03.05.12,1360.0,0,26.1,28.1,35.8,28.5,2013,2.3280000000000003
03.05.12,1370.0,0,26,27.8,35.5,28.3,1986,2.3255
03.05.12,1380.0,0,25.9,27.6,35.4,28,1947,2.323
03.05.12,1390.0,0,25.7,27.3,35.3,27.8,1932,2.784
03.05.12,1400.0,0,25.4,27,35.3,27.4,1917,2.781
03.05.12,1410.0,0,25,26.9,35.2,27.3,1917,2.314
03.05.12,1420.0,0,24.8,26.7,35.1,27.3,1917,2.3105
03.05.12,1430.0,0,24.2,26.5,35.1,27.1,1938,2.3065
03.05.12,1440.0,0,24.2,26.5,35.1,27,1881,2.7654
04.05.12,10.0,0,24,26.2,35,26.9,1824,2.763
04.05.12,20.0,0,24,26.6,34.9,27.2,1833,2.299
04.05.12,30.0,0,24.3,26.7,34.9,27.3,1830,2.2955
04.05.12,40.0,0,24.4,26.8,34.8,27.4,1815,2.2925
04.05.12,50.0,0,24.4,26.6,34.7,27.3,1773,2.29
04.05.12,60.0,0,24.1,26.3,34.6,27,1647,2.2905
04.05.12,70.0,0,23.8,26,34.5,26.7,1554,2.29
04.05.12,80.0,0,23.7,25.8,34.3,26.5,1518,2.2885000000000004
04.05.12,90.0,0,23.8,25.8,34.2,26.4,1515,2.2855000000000003
04.05.12,100.0,0,23.6,25.7,34.2,26.1,1464,1.8268000000000002
04.05.12,110.0,0,23.3,25.4,34.1,25.9,1458,2.2805
04.05.12,120.0,0,22.9,25.2,34.1,25.7,1443,2.2775
04.05.12,130.0,0,22.6,25,33.9,25.5,1434,2.274
04.05.12,140.0,0,22.5,25.1,33.8,25.6,1410,2.2710000000000004
04.05.12,150.0,0,22.6,25.2,33.7,25.6,1461,2.265
04.05.12,160.0,0,22.5,25,33.6,25.6,1473,2.2595
04.05.12,170.0,0,22.2,24.7,33.6,25.3,1353,2.259
04.05.12,180.0,0,22,24.5,33.5,25.1,1398,2.2525
04.05.12,190.0,0,21.6,24.3,33.4,24.8,1407,2.246
04.05.12,200.0,0,21.3,24,33.3,24.6,1374,1.7924000000000002
04.05.12,210.0,0,20.9,23.9,33.3,24.4,1359,2.2350000000000003
04.05.12,220.0,0,20.8,23.7,33.2,24.4,1350,1.7824000000000002
04.05.12,230.0,0,20.7,23.3,33,24.1,1347,2.222
04.05.12,240.0,0,20.4,23.2,33,23.8,1350,2.214
04.05.12,250.0,0,20.1,23.2,32.9,23.8,1341,1.7652
04.05.12,260.0,0,20.3,23.2,32.8,23.8,1347,2.198
04.05.12,270.0,0,20.1,22.9,32.7,23.6,1341,1.7512
04.05.12,280.0,0,19.9,22.8,32.6,23.3,1239,1.7476
04.05.12,290.0,0,19.6,22.5,32.5,23.2,0,1.3619999999999999
04.05.12,300.0,0,19.4,22.3,32.4,22.9,0,1.3703999999999998
04.05.12,310.0,0,19,22.3,32.3,22.9,0,1.3746
04.05.12,320.0,0,19.1,22.4,32.2,22.9,0,1.3779
04.05.12,330.0,0,19,22,32.1,22.7,0,1.3802999999999999
04.05.12,340.0,0,19,21.9,32,22.4,0,1.3820999999999999
04.05.12,350.0,0,18.9,21.6,31.9,22.3,0,1.3836
04.05.12,360.0,0,18.9,21.8,31.8,22.3,0,1.3847999999999998
04.05.12,370.0,0,18.8,21.9,31.7,22.4,0,1.3857
04.05.12,380.0,0,18.9,21.7,31.6,22.3,0,1.3865999999999998
04.05.12,390.0,0,18.8,21.6,31.4,22.2,0,1.3872
04.05.12,400.0,0,18.8,21.5,31.3,22.1,0,1.3878
04.05.12,410.0,0,18.6,21.3,31.2,22,0,1.3884
04.05.12,420.0,0,18.6,21.3,31.1,22,0,1.3886999999999998
04.05.12,430.0,0,18.7,21.2,31,22,0,1.3889999999999998
04.05.12,440.0,0,18.1,20.3,30.9,21.1,0,1.3893
04.05.12,450.0,0,17.6,20.4,30.8,20.9,0,1.3896
04.05.12,460.0,2,17.5,20.2,30.7,20.8,0,2.3165
04.05.12,470.0,6,17.5,20.2,30.6,20.8,0,18.092100000000002
04.05.12,480.0,16,17.8,20.6,30.4,20.9,0,53.10119999999999
04.05.12,490.0,29,18.3,21,30.4,21.1,0,100.23760000000001
04.05.12,500.0,46,19.2,21.6,30.3,21.6,0,160.4746
04.05.12,510.0,64,20.5,22.4,30.2,22.1,0,229.7666
04.05.12,520.0,85,21.9,23.1,30.1,22.6,0,306.18
04.05.12,530.0,109,23.5,24.2,30.1,23.5,0,397.0987
04.05.12,540.0,135,25.3,25.3,30,24.6,0,495.64349999999996
04.05.12,550.0,165,27,26.1,29.8,25.2,0,607.9445999999999
04.05.12,560.0,198,28.7,27,29.8,25.8,0,732.9792
04.05.12,570.0,232,30.6,27.7,29.8,26.5,0,858.0096000000001
04.05.12,580.0,267,32.5,28.5,29.8,27.2,0,987.7023999999999
04.05.12,590.0,304,34.6,29,29.8,28.1,0,1127.3836
04.05.12,600.0,339,36.7,30.1,29.9,28.8,0,1253.301
04.05.12,610.0,378,38.6,30.9,30,29.7,0,1401.2445
04.05.12,620.0,413,40.3,31.8,30.2,30.8,759,1511.0238000000002
04.05.12,630.0,448,42.4,32.4,30.3,31.9,969,1627.4412000000002
04.05.12,640.0,482,43.9,33.2,30.5,32.6,939,1760.0940000000003
04.05.12,650.0,516,45.4,34,30.7,33.2,906,1879.5404
04.05.12,660.0,548,46.4,34.4,30.9,33.9,891,1998.9750000000001
04.05.12,670.0,579,47.8,35,31.1,34.6,894,2118.9099
04.05.12,680.0,608,49,35.4,31.2,35.3,891,2219.0676
04.05.12,690.0,635,50.2,35.6,31.4,35.7,891,2324.217
04.05.12,700.0,661,51.4,36.5,31.6,36.4,873,2413.26
04.05.12,710.0,686,52.2,37,31.9,37,846,2505.2810999999997
04.05.12,720.0,710,52.8,37.7,32.2,37.6,837,2603.2464
04.05.12,730.0,733,53.9,37.9,32.3,38.2,828,2683.8427
04.05.12,740.0,751,54.4,39.1,32.6,38.8,822,2751.429
04.05.12,750.0,771,56.9,40.1,32.7,39.9,954,2827.5675
04.05.12,760.0,789,56.5,39.4,33.2,39.9,1017,2891.1335999999997
04.05.12,770.0,804,57.5,40.4,33.2,40.3,1032,2952.642
04.05.12,780.0,816,58.5,41.1,33.3,41,1035,2987.513
04.05.12,790.0,826,59.4,41.1,33.6,41.5,1035,3026.3946
04.05.12,800.0,834,61.3,42.4,33.6,42.2,1026,3066.0089000000003
04.05.12,810.0,840,61.3,41.6,33.9,42.2,1011,3086.1830999999997
04.05.12,820.0,844,61.5,41.8,34.2,42.3,1053,3095.1726
04.05.12,830.0,845,61.8,43.3,34.4,43.2,1137,3101.5872
04.05.12,840.0,842,62.3,43.3,34.7,43.6,1173,3083.6196999999997
04.05.12,850.0,841,62,44.1,34.8,44,1128,3090.2619999999997
04.05.12,860.0,833,63,43.7,35,44.2,1164,3052.0112
04.05.12,870.0,829,62.7,44.5,35.3,44.4,1077,3040.5232
04.05.12,880.0,828,62.9,44.3,35.6,44.9,1050,3048.9802000000004
04.05.12,890.0,819,61.3,45,35.6,45.1,987,3014.8377
04.05.12,900.0,807,60.8,44.6,35.9,45,978,2965.9848
04.05.12,910.0,792,61.9,45.4,35.8,45.3,966,2918.0853
04.05.12,920.0,778,61.6,45.2,36,45.2,963,2860.3792
04.05.12,930.0,752,60.5,45,36.4,45.3,957,2775.6614
04.05.12,940.0,732,59.2,45,36.4,45.3,939,2725.0636
04.05.12,950.0,712,60.1,45.4,36.7,46.2,669,2660.543
04.05.12,960.0,691,59.4,45,36.8,46.2,0,2620.2936
04.05.12,970.0,660,58.7,44.5,37.4,45.9,0,2496.0822
04.05.12,980.0,636,58.1,44.9,37.3,46.3,0,2405.7896
04.05.12,990.0,614,57.9,44.7,37.2,45.9,0,2331.8680000000004
04.05.12,1000.0,581,56.5,44.6,37.3,45.9,0,2204.0134
04.05.12,1010.0,553,56.3,44.6,37.4,45.7,0,2100.7448
04.05.12,1020.0,524,55.9,44.7,37.6,46.1,0,1986.084
04.05.12,1030.0,484,55.2,44.4,37.7,46.5,0,1837.0828000000001
04.05.12,1040.0,456,54.7,44.2,38,46.7,0,1737.2143999999998
04.05.12,1050.0,417,54.5,44.3,38,47.2,0,1586.9166
04.05.12,1060.0,384,53,44.2,38.1,46.3,0,1461.3387
04.05.12,1070.0,348,52.2,43.7,38.2,46.5,0,1332.2994
04.05.12,1080.0,312,50.6,43.4,38.3,46,0,1196.921
04.05.12,1090.0,282,49,43.4,38.4,45.8,0,1100.0864000000001
04.05.12,1100.0,247,47.9,43.2,38.4,45.5,0,962.5077
04.05.12,1110.0,214,47.1,43.1,38.4,45.5,0,830.9528999999999
04.05.12,1120.0,184,45.9,42.8,38.5,45,0,715.9680000000001
04.05.12,1130.0,158,44.7,42.5,38.5,44.4,0,611.8283
04.05.12,1140.0,134,43.6,42.2,38.6,44.2,0,517.0242000000001
04.05.12,1150.0,112,42.5,42.1,38.6,43.5,0,431.75660000000005
04.05.12,1160.0,91,41.6,41.7,38.6,43.3,0,348.4574
04.05.12,1170.0,71,40,39.5,38.7,40.8,0,267.714
04.05.12,1180.0,52,36,35.7,38.5,36,0,196.947
04.05.12,1190.0,37,33.9,34.2,38.2,34.4,0,137.172
04.05.12,1200.0,24,32.4,33.1,38,33.4,0,85.1916
04.05.12,1210.0,13,31.3,32.2,37.7,32.6,0,41.4708
04.05.12,1220.0,5,30.3,31.4,37.4,31.8,0,10.3425
04.05.12,1230.0,1,29.5,30.8,37.2,31.1,525,1.4589
04.05.12,1240.0,0,28.9,30.3,36.9,30.7,1392,1.9112
04.05.12,1250.0,0,28.5,29.9,36.7,30.3,1632,1.9028
04.05.12,1260.0,0,28.1,29.6,36.6,30,1746,2.371
04.05.12,1270.0,0,27.6,28.9,36.3,29.3,1905,2.363
04.05.12,1280.0,0,27.1,28.3,35.9,28.7,1965,2.3575
04.05.12,1290.0,0,26.7,28,35.7,28.4,2085,2.35
04.05.12,1300.0,0,26.3,27.5,35.7,27.9,2118,2.3455
04.05.12,1310.0,0,25.8,27,35.3,27.3,2136,2.341
04.05.12,1320.0,0,25.5,26.7,35.1,27.1,2124,2.3375
04.05.12,1330.0,0,25.2,26.6,35,26.9,2106,2.3345
04.05.12,1340.0,0,25.1,26.4,34.8,26.8,2103,2.331
04.05.12,1350.0,0,25,26.3,34.7,26.7,2082,2.3280000000000003
04.05.12,1360.0,0,24.8,26.3,34.6,26.7,2058,2.325
04.05.12,1370.0,0,24.7,26.2,34.5,26.6,2037,2.322
04.05.12,1380.0,0,24.6,25.9,34.1,26.4,2001,2.3195
04.05.12,1390.0,0,24.4,25.8,34,26.2,1998,2.3160000000000003
04.05.12,1400.0,0,24.3,25.7,33.7,26.1,1992,2.3125
04.05.12,1410.0,0,24.1,25.5,33.7,25.9,1959,2.31
04.05.12,1420.0,0,23.9,25.4,33.7,25.8,1899,2.308
04.05.12,1430.0,0,23.8,25.3,33.5,25.7,1875,2.3055
04.05.12,1440.0,0,23.7,25.2,33.4,25.6,1842,2.3030000000000004
05.05.12,10.0,0,23.6,25,33.1,25.5,1845,2.2995
05.05.12,20.0,0,23.4,24.9,33,25.4,1779,2.2975000000000003
05.05.12,30.0,0,23.4,24.8,32.9,25.2,1761,2.295
05.05.12,40.0,0,23.3,24.7,32.9,25.2,1749,2.2915
05.05.12,50.0,0,23.1,24.6,32.8,25,1728,2.2885000000000004
05.05.12,60.0,0,23,24.5,32.6,24.9,1671,2.2870000000000004
05.05.12,70.0,0,22.9,24.4,32.4,24.8,1611,2.2855000000000003
05.05.12,80.0,0,22.8,24.2,32.2,24.7,1554,2.2840000000000003
05.05.12,90.0,0,22.7,24.1,32.1,24.6,1530,2.281
05.05.12,100.0,0,22.5,24,32,24.4,1500,2.279
05.05.12,110.0,0,22.4,23.9,31.9,24.4,1482,1.8204
05.05.12,120.0,0,22.3,23.8,31.9,24.2,1470,1.818
05.05.12,130.0,0,22.2,23.6,31.7,24.1,1458,1.8148
05.05.12,140.0,0,22.1,23.5,31.4,24,1434,1.8119999999999998
05.05.12,150.0,0,22,23.4,31.3,23.9,1425,1.8088
05.05.12,160.0,0,21.8,23.3,31.2,23.8,1428,1.8044
05.05.12,170.0,0,21.7,23.2,31,23.7,1251,1.8052000000000001
05.05.12,180.0,0,21.7,23.1,31,23.6,1374,1.7975999999999999
05.05.12,190.0,0,21.5,23.1,31,23.5,1347,1.7932
05.05.12,200.0,0,21.3,22.9,31,23.4,1338,1.7888
05.05.12,210.0,0,21.3,22.8,30.8,23.3,1332,1.784
05.05.12,220.0,0,21.3,22.7,30.7,23.3,1320,1.7792
05.05.12,230.0,0,21,22.7,30.7,23.2,1323,1.7736
05.05.12,240.0,0,21,22.6,30.5,23.1,1323,1.7672
05.05.12,250.0,0,20.9,22.5,30.4,23,1317,1.7612
05.05.12,260.0,0,20.7,22.4,30.4,22.9,1320,1.7544
05.05.12,270.0,0,20.7,22.3,30.3,22.8,1311,1.7468000000000001
05.05.12,280.0,0,20.7,22.3,30.2,22.8,357,1.7932
05.05.12,290.0,0,20.5,22.1,30.2,22.7,0,1.3682999999999998
05.05.12,300.0,0,20.2,22.1,30.1,22.6,0,1.3731
05.05.12,310.0,0,19.9,21.9,30.2,22.5,0,1.3767
05.05.12,320.0,0,19.6,21.8,30.2,22.4,0,1.3794
05.05.12,330.0,0,19.5,21.7,30,22.3,0,1.3815
05.05.12,340.0,0,19.4,21.6,30,22.2,0,1.383
05.05.12,350.0,0,19.2,21.5,30,22.1,0,1.3841999999999999
05.05.12,360.0,0,19.1,21.5,29.8,22,0,1.3854
05.05.12,370.0,0,19.1,21.4,29.7,22,0,1.3862999999999999
05.05.12,380.0,0,18.9,21.3,29.7,21.9,0,1.3868999999999998
05.05.12,390.0,0,18.9,21.3,29.6,21.9,0,1.3878
05.05.12,400.0,0,19,21.4,29.3,21.9,0,1.3881000000000001
05.05.12,410.0,0,19.2,21.4,29.1,22,0,1.3886999999999998
05.05.12,420.0,0,19.3,21.3,29,21.9,0,1.3889999999999998
05.05.12,430.0,0,19.1,21.1,28.9,21.8,0,1.3893
05.05.12,440.0,0,19,21.2,28.8,21.7,0,1.3896
05.05.12,450.0,0,19.1,21.3,28.6,21.8,0,1.3899
05.05.12,460.0,2,19.2,21.3,28.4,21.8,0,2.7804
05.05.12,470.0,7,19.3,21.2,28.5,21.8,0,20.8845
05.05.12,480.0,17,19.4,21.3,28.3,21.7,0,55.943999999999996
05.05.12,490.0,29,19.8,21.4,28.2,21.8,0,100.32320000000001
05.05.12,500.0,44,20.4,21.7,28,21.9,0,158.7607
05.05.12,510.0,61,21.2,22.1,27.9,22.1,0,221.981
05.05.12,520.0,82,22,22.5,27.8,22.3,0,301.774
05.05.12,530.0,105,22.9,22.9,27.7,22.5,0,389.46360000000004
05.05.12,540.0,129,23.8,23.2,27.5,22.8,0,480.8711
05.05.12,550.0,156,24.6,23.6,27.3,22.9,0,585.004
05.05.12,560.0,187,25.5,23.9,27.2,23.2,0,705.745
05.05.12,570.0,218,26.6,24.4,27.2,23.4,0,823.88
05.05.12,580.0,251,27.7,25,27.2,23.8,0,952.7474
05.05.12,590.0,288,29.1,25.6,27.3,24.1,0,1091.6712
05.05.12,600.0,324,30.5,26.3,27.4,24.6,0,1229.868
05.05.12,610.0,360,31.5,26.7,27.4,24.7,0,1372.464
05.05.12,620.0,396,32.9,27.2,27.5,25.2,1161,1473.0768
05.05.12,630.0,431,33.8,27.6,27.6,25.4,1206,1598.4339000000002
05.05.12,640.0,466,35.2,28.3,27.7,25.8,1161,1737.6444
05.05.12,650.0,499,36.2,28.7,27.8,26.1,1146,1858.7452
05.05.12,660.0,534,37.4,29.5,27.9,26.6,1092,1999.0656
05.05.12,670.0,566,38.6,29.9,28,27,1089,2117.016
05.05.12,680.0,598,40.6,30.8,28.2,27.6,1095,2234.7312
05.05.12,690.0,628,42,31.4,28.4,28.2,1095,2354.1504
05.05.12,700.0,655,42.8,31.9,28.6,28.7,1092,2448.8757
05.05.12,710.0,683,43.6,32.2,28.7,28.9,1098,2557.8318999999997
05.05.12,720.0,709,45.5,32.9,28.9,29.5,1089,2660.097
05.05.12,730.0,734,47,33.8,29.1,30.3,1083,2743.6084
05.05.12,740.0,754,49.4,34.4,29.2,31.2,1092,2830.9343999999996
05.05.12,750.0,777,52.1,35.2,29.3,32.1,1110,2909.5759999999996
05.05.12,760.0,787,52.4,35.3,29.5,32,1077,2949.9984
05.05.12,770.0,803,53.3,36.1,29.7,32.5,1047,3022.6877999999997
05.05.12,780.0,810,52.5,36.1,29.9,32.5,1074,3039.4089999999997
05.05.12,790.0,825,54,36.6,30.1,33.2,1107,3094.7616
05.05.12,800.0,833,55.4,36.9,30.3,33.9,1095,3139.1403000000005
05.05.12,810.0,843,55.5,37.7,30.6,33.8,1071,3165.612
05.05.12,820.0,843,57,38.5,30.6,34.7,1101,3174.4215999999997
05.05.12,830.0,847,58.9,39.1,30.7,37.2,1152,3177.1932
05.05.12,840.0,846,61.4,40.2,31,37.9,1128,3159.966
05.05.12,850.0,843,58.6,39.6,31.3,36.1,1131,3170.4096000000004
05.05.12,860.0,841,59.1,39.9,31.5,36.9,1137,3154.2545999999998
05.05.12,870.0,838,61.3,40.5,31.7,38.9,1110,3146.115
05.05.12,880.0,830,62.7,40.8,31.8,39.3,1095,3123.4266000000002
05.05.12,890.0,816,60.5,41.1,32,38,1098,3058.6714
05.05.12,900.0,805,61.2,42.2,32.2,39.7,1098,3027.5822
05.05.12,910.0,794,62,41.7,32.4,41.2,1125,2973.3375
05.05.12,920.0,781,61.4,42,32.6,42.1,1053,2928.8682
05.05.12,930.0,760,61.6,41.4,32.8,41.4,894,2870.2569000000003
05.05.12,940.0,740,61.1,41.9,33.1,41.2,0,2826.1636
05.05.12,950.0,707,60.4,41,33.3,42.5,0,2702.8232
05.05.12,960.0,680,60.1,42.1,33.4,42.1,0,2608.3364
05.05.12,970.0,640,58,41.7,33.8,43.3,0,2447.388
05.05.12,980.0,623,58.3,42.5,33.8,44.1,0,2391.4484
05.05.12,990.0,609,57.1,41.9,33.9,42.4,0,2333.8687999999997
05.05.12,1000.0,576,56.4,41.5,34.2,41.9,0,2210.4426000000003
05.05.12,1010.0,547,54.6,41.7,34.4,42.3,0,2103.4857
05.05.12,1020.0,519,55.2,42.2,34.5,43.1,0,1989.4265999999998
05.05.12,1030.0,482,55.9,43.2,34.6,42.8,0,1849.3866
05.05.12,1040.0,446,54.8,42.2,34.9,44.2,0,1719.6452
05.05.12,1050.0,415,53,42.1,34.9,43.2,0,1595.6787000000002
05.05.12,1060.0,380,51,41.8,35,42.8,0,1468.7136
05.05.12,1070.0,331,50.1,41.8,35.1,43.2,0,1273.9211
05.05.12,1080.0,307,49.4,41.8,35.3,43.2,0,1183.1742000000002
05.05.12,1090.0,279,47.4,41.3,35.4,40.5,0,1077.2288999999998
05.05.12,1100.0,246,46.5,41.4,35.5,42.2,0,947.1
05.05.12,1110.0,218,45.8,41,35.6,43.6,0,840.0659
05.05.12,1120.0,190,45,41,35.6,42.4,0,730.6867000000001
05.05.12,1130.0,162,43.7,40.5,35.7,42.6,0,618.9876
05.05.12,1140.0,137,42.6,40.2,35.8,42.8,0,524.2275
05.05.12,1150.0,116,41.2,39.9,35.8,41.7,0,440.77770000000004
05.05.12,1160.0,97,40.1,39.7,35.9,41.5,0,367.9854
05.05.12,1170.0,79,39.1,39.2,36,41.2,0,297.0064
05.05.12,1180.0,63,38.1,38.7,36,40.6,0,234.59380000000004
05.05.12,1190.0,47,37,38.3,36,40.1,0,173.97650000000002
05.05.12,1200.0,30,35,35,36,35.8,0,109.252
05.05.12,1210.0,16,32.7,33.3,35.8,33.7,0,54.406000000000006
05.05.12,1220.0,6,31.2,32.1,35.7,32.6,0,14.79
05.05.12,1230.0,2,30.1,31.2,35.6,31.6,771,1.936
05.05.12,1240.0,0,29.4,30.7,35.3,31.1,1611,1.9036000000000002
05.05.12,1250.0,0,29,30.3,35.3,30.7,1851,1.8952000000000002
05.05.12,1260.0,0,28.7,30.1,35.3,30.5,2067,2.358
05.05.12,1270.0,0,28.4,29.8,35.3,30.2,2106,2.353
05.05.12,1280.0,0,28.1,29.5,35.2,29.9,2136,2.3480000000000003
05.05.12,1290.0,0,27.7,29,35.2,29.4,2091,2.3455
05.05.12,1300.0,0,27.1,28.3,35.1,28.7,2097,2.3415
05.05.12,1310.0,0,26.7,28,35,28.3,2151,2.8032
05.05.12,1320.0,0,26.4,27.7,34.9,28,2085,2.8013999999999997
05.05.12,1330.0,0,26,27.4,34.8,27.7,2058,2.3315
05.05.12,1340.0,0,25.7,27,34.8,27.4,2037,2.7942
05.05.12,1350.0,0,25.4,26.8,34.7,27.1,2019,2.7906
05.05.12,1360.0,0,25.2,26.7,34.5,27,2004,2.7863999999999995
05.05.12,1370.0,0,25,26.5,34.5,26.8,1953,2.3205
05.05.12,1380.0,0,24.9,26.3,34.4,26.6,1905,2.3185
05.05.12,1390.0,0,24.8,26.1,34.3,26.4,1896,2.3155
05.05.12,1400.0,0,24.6,25.9,34,26.2,1965,2.31
05.05.12,1410.0,0,24.4,25.7,33.8,26.1,1983,2.3055
05.05.12,1420.0,0,24.1,25.6,33.6,26,1962,2.3030000000000004
05.05.12,1430.0,0,24,25.4,33.4,25.9,1983,2.2985
05.05.12,1440.0,0,23.9,25.4,33.4,25.8,1944,2.2955
06.05.12,10.0,0,23.8,25.3,33.5,25.7,1899,2.293
06.05.12,20.0,0,23.7,25.2,33.5,25.6,1935,2.288
06.05.12,30.0,0,23.5,25.1,33.4,25.4,1860,2.2864999999999998
06.05.12,40.0,0,23.5,25,33.3,25.3,1836,2.2835
06.05.12,50.0,0,23.4,24.9,33.1,25.3,1803,2.2805
06.05.12,60.0,0,23.4,24.9,32.9,25.3,1839,2.275
06.05.12,70.0,0,23.2,24.8,32.8,25.3,1833,2.2710000000000004
06.05.12,80.0,0,23,24.7,32.8,25.2,1803,2.2670000000000003
06.05.12,90.0,0,22.9,24.6,32.5,25,1776,2.2635
06.05.12,100.0,0,22.9,24.5,32.5,24.9,1713,2.261
06.05.12,110.0,0,22.7,24.4,32.4,24.8,1716,2.256
06.05.12,120.0,0,22.6,24.3,32.2,24.7,1725,2.2505
06.05.12,130.0,0,22.6,24.2,32.1,24.7,1689,2.2455
06.05.12,140.0,0,22.5,24.1,32,24.6,1590,2.2425
06.05.12,150.0,0,22.1,23.9,32,24.4,1602,1.7880000000000003
06.05.12,160.0,0,22,23.9,31.9,24.4,1536,1.784
06.05.12,170.0,0,22.2,24,31.8,24.5,1383,1.7836
06.05.12,180.0,0,22,23.9,31.8,24.4,1467,1.7748
06.05.12,190.0,0,22.1,23.8,31.6,24.4,1446,1.7688
06.05.12,200.0,0,22,23.8,31.6,24.3,1434,1.762
06.05.12,210.0,0,22.1,23.8,31.7,24.3,1410,1.7552
06.05.12,220.0,0,22.1,23.8,31.5,24.2,1401,1.7476
06.05.12,230.0,0,22.2,23.7,31.3,24.1,480,1.7892
06.05.12,240.0,0,22,23.5,31.1,24,0,1.3701
06.05.12,250.0,0,21.8,23.4,30.9,23.9,0,1.3755
06.05.12,260.0,0,21.7,23.3,30.7,23.8,0,1.3794
06.05.12,270.0,0,21.7,23.3,30.7,23.9,0,1.3820999999999999
06.05.12,280.0,0,21.5,23.3,30.7,23.9,0,1.3841999999999999
06.05.12,290.0,0,21.5,23.3,30.6,23.9,0,1.3857
06.05.12,300.0,0,21.6,23.4,30.4,24,0,1.3872
06.05.12,310.0,0,21.6,23.3,30.3,23.9,0,1.3881000000000001
06.05.12,320.0,0,21.4,23.3,30.3,23.9,0,1.3889999999999998
06.05.12,330.0,0,21.5,23.3,30.3,24,0,1.3896
06.05.12,340.0,0,21.6,23.3,30.3,24,0,1.3902
06.05.12,350.0,0,21.7,23.4,30.2,23.8,0,1.3908
06.05.12,360.0,0,21.5,23.2,30.3,23.7,0,1.3910999999999998
06.05.12,370.0,0,21.1,23,30.2,23.6,0,1.3914
06.05.12,380.0,0,20.9,22.8,30.1,23.5,0,1.3917
06.05.12,390.0,0,20.7,22.7,30,23.4,0,1.3917
06.05.12,400.0,0,20.5,22.5,29.9,23.2,0,1.392
06.05.12,410.0,0,20.6,22.5,29.7,23.2,0,1.392
06.05.12,420.0,0,20.5,22.4,29.7,23.1,0,1.3922999999999999
06.05.12,430.0,0,20.2,22.6,29.7,23.1,0,1.3922999999999999
06.05.12,440.0,0,20.1,22.5,29.7,23.1,0,1.3926
06.05.12,450.0,0,20.1,22.5,29.7,23.1,0,1.3926
06.05.12,460.0,1,20.5,22.5,29.5,23.1,0,1.8568
06.05.12,470.0,6,20.8,22.5,29.3,23.1,0,18.1272
06.05.12,480.0,16,21,22.6,29.2,23.1,0,52.27040000000001
06.05.12,490.0,28,21.2,22.8,29.2,23.1,0,98.53200000000001
06.05.12,500.0,45,21.9,23.1,29.1,23.2,0,161.2188
06.05.12,510.0,70,22.8,23.5,28.9,23.4,0,254.474
06.05.12,520.0,90,23.7,23.8,28.7,23.6,0,328.2048
06.05.12,530.0,105,24.3,24.1,28.6,23.9,0,386.7024
06.05.12,540.0,129,25.1,24.5,28.6,24.3,0,478.6992
06.05.12,550.0,157,26,25,28.6,24.6,0,589.6594000000001
06.05.12,560.0,187,27.2,25.7,28.6,25.2,0,703.6521
06.05.12,570.0,219,28.3,26.1,28.6,25.4,0,826.3131999999999
06.05.12,580.0,254,29.1,26.4,28.6,25.6,0,961.038
06.05.12,590.0,287,30.2,27,28.7,25.9,0,1084.4022
06.05.12,600.0,322,31.7,27.5,28.8,26.4,0,1218.0145
06.05.12,610.0,356,33.1,28,28.9,26.9,0,1351.566
06.05.12,620.0,392,34.3,28.6,29,27.2,1023,1459.8892
06.05.12,630.0,427,35.5,28.9,29.1,27.4,1161,1585.2697999999998
06.05.12,640.0,462,36.8,29.8,29.1,27.8,1131,1709.565
06.05.12,650.0,494,38.2,30.4,29.2,28.2,1113,1833.7854
06.05.12,660.0,528,39.7,30.9,29.3,28.7,1110,1966.4859
06.05.12,670.0,560,41.1,31.7,29.4,29.1,1107,2083.7796
06.05.12,680.0,589,41.6,31.8,29.6,29.3,1134,2187.8688
06.05.12,690.0,618,42.2,32.1,29.7,29.9,1098,2304.5112000000004
06.05.12,700.0,646,43.6,33,29.8,30.3,1104,2403.8968
06.05.12,710.0,671,45.6,33.7,30,30.7,1116,2502.324
06.05.12,720.0,696,46.7,34.4,30.2,31.3,1110,2588.4792
06.05.12,730.0,721,48,35.2,30.3,31.5,1113,2680.9608
06.05.12,740.0,742,48.9,35.2,30.4,31.9,1119,2770.509
06.05.12,750.0,760,49.4,35.5,30.5,32.7,1182,2834.078
06.05.12,760.0,775,50.2,36.5,30.8,33,1218,2883.1996
06.05.12,770.0,790,51.5,37.2,31,33.5,1197,2951.2000000000003
06.05.12,780.0,803,51.7,37.5,31.3,34,1224,2990.2392
06.05.12,790.0,817,52.3,37.9,31.5,34.4,1245,3054.3849
06.05.12,800.0,828,52.3,38,31.6,34.7,1239,3089.3256
06.05.12,810.0,837,53,38.6,31.9,35.3,1230,3124.6241
06.05.12,820.0,839,54.6,39.1,31.9,35.7,1230,3139.5096
06.05.12,830.0,840,54.5,39.3,32.2,35.9,1218,3139.8925999999997
06.05.12,840.0,839,54.1,39.6,32.5,36,1224,3132.9936
06.05.12,850.0,838,54.2,39.4,32.7,36.2,1221,3143.8957
06.05.12,860.0,836,56,40.6,32.7,36.8,1242,3123.6589999999997
06.05.12,870.0,830,55.8,40.2,32.8,37.2,1245,3112.564
06.05.12,880.0,824,58.3,40.9,33.1,38.3,1257,3077.0679999999998
06.05.12,890.0,814,57.6,40.8,33.4,37.7,1257,3040.4352999999996
06.05.12,900.0,803,56.7,41.3,33.6,37.8,1212,3009.384
06.05.12,910.0,790,56.9,41.8,33.6,38.8,1116,2958.7140000000004
06.05.12,920.0,773,58.6,42.3,33.8,39.6,1104,2889.61
06.05.12,930.0,754,55.6,41.8,34.2,38.3,684,2847.6
06.05.12,940.0,734,55.1,41.3,34.3,38.2,0,2791.2180999999996
06.05.12,950.0,711,53.9,41.3,34.6,38.4,0,2716.6374
06.05.12,960.0,689,54.6,41.4,34.6,39.1,0,2625.4535
06.05.12,970.0,663,54.1,41.3,35,38.6,0,2524.4291999999996
06.05.12,980.0,637,52.1,41.6,35.1,38.7,0,2435.1788
06.05.12,990.0,610,51.1,41.3,35.4,38.6,0,2326.3872
06.05.12,1000.0,582,51.7,41.5,35.5,38.9,0,2217.1654999999996
06.05.12,1010.0,550,50.4,40.9,35.6,38.6,0,2102.832
06.05.12,1020.0,519,50.1,41,35.7,39,0,1983.3897000000002
06.05.12,1030.0,486,49.4,40.9,35.9,39.1,0,1860.0260999999998
06.05.12,1040.0,451,48.9,41.1,36,39.2,0,1723.5503999999996
06.05.12,1050.0,419,48.2,41,36.1,39.3,0,1600.717
06.05.12,1060.0,385,47.1,40.9,36.3,39.3,0,1479.1875
06.05.12,1070.0,349,45.9,40.7,36.4,39.2,0,1341.2868999999998
06.05.12,1080.0,316,45.2,40.6,36.5,39.3,0,1214.1504
06.05.12,1090.0,285,43.8,39.9,36.6,38.9,0,1102.3536
06.05.12,1100.0,252,42.4,39.4,36.7,38.6,0,971.9658000000001
06.05.12,1110.0,219,40.9,38.5,36.7,38.1,0,849.6267
06.05.12,1120.0,188,39.6,37.6,36.7,37.4,0,724.5916000000001
06.05.12,1130.0,158,38.3,36.9,36.6,36.7,0,610.015
06.05.12,1140.0,132,37.2,36.4,36.6,36.2,0,506.2057
06.05.12,1150.0,109,36.2,35.7,36.5,35.5,0,413.198
06.05.12,1160.0,89,35.2,35.2,36.4,35,0,335.97180000000003
06.05.12,1170.0,68,34.4,34.8,36.4,34.7,0,253.65210000000002
06.05.12,1180.0,47,33.6,34.3,36.3,34.4,0,173.3736
06.05.12,1190.0,31,32.8,33.7,36.2,34,0,113.15639999999999
06.05.12,1200.0,20,32.1,33.2,36.1,33.6,0,68.7772
06.05.12,1210.0,12,31.4,32.6,36,33.1,0,37.5212
06.05.12,1220.0,5,30.8,32.2,35.9,32.7,0,10.3446
06.05.12,1230.0,1,30.3,31.8,35.8,32.4,993,1.9244
06.05.12,1240.0,0,29.9,31.4,35.7,32,1479,1.9056
06.05.12,1250.0,0,29.4,31,35.5,31.6,1791,1.8952000000000002
06.05.12,1260.0,0,29.2,30.8,35.5,31.4,1986,2.359
06.05.12,1270.0,0,29,30.5,35.5,31.1,2154,2.82
06.05.12,1280.0,0,28.7,30.2,35.6,30.8,2220,2.8122
06.05.12,1290.0,0,28.4,29.9,35.5,30.5,2199,2.808
06.05.12,1300.0,0,28,29.6,35.3,30.2,2211,2.8026
06.05.12,1310.0,0,27.8,29.4,35.3,30,2277,2.7954
06.05.12,1320.0,0,27.6,29.1,35.3,29.6,2343,2.7882
06.05.12,1330.0,0,26.9,27.9,35.3,28.5,2364,2.7821999999999996
06.05.12,1340.0,0,25.9,27.1,35.2,27.5,2358,2.7773999999999996
06.05.12,1350.0,0,25.5,26.7,35.1,27,2352,2.7720000000000002
06.05.12,1360.0,0,25.2,26.3,34.9,26.7,2313,2.307
06.05.12,1370.0,0,24.7,25.9,34.7,26.3,2223,2.3055
06.05.12,1380.0,0,24.3,25.6,34.6,25.9,2199,2.302
06.05.12,1390.0,0,24,25.4,34.4,25.7,2151,2.2995
06.05.12,1400.0,0,23.7,25.1,34.3,25.4,2142,2.2955
06.05.12,1410.0,0,23.4,24.8,34.1,25.1,2058,2.294
06.05.12,1420.0,0,23.2,24.6,33.8,24.9,2022,2.7492
06.05.12,1430.0,0,23.1,24.4,33.5,24.7,1998,2.288
06.05.12,1440.0,0,22.7,24.3,33.3,24.7,1965,2.285
07.05.12,10.0,0,22.6,24.2,33.1,24.6,1947,2.2815000000000003
07.05.12,20.0,0,22.4,24.2,33.2,24.6,1941,2.277
07.05.12,30.0,0,22.4,24.2,33.1,24.6,1857,2.2755
07.05.12,40.0,0,22.4,24.1,33.1,24.5,1866,2.2710000000000004
07.05.12,50.0,0,22.4,24.1,32.9,24.5,1839,2.2675
07.05.12,60.0,0,22.4,23.9,32.6,24.4,1788,2.2645
07.05.12,70.0,0,22.3,23.8,32.5,24.3,1725,1.8096
07.05.12,80.0,0,22.1,23.8,32.4,24.2,1704,2.258
07.05.12,90.0,0,22,23.7,32.3,24.2,1686,1.8032
07.05.12,100.0,0,21.9,23.6,32.2,24.1,1650,1.7996
07.05.12,110.0,0,21.8,23.5,32.1,24,1653,2.2435
07.05.12,120.0,0,21.8,23.4,31.9,24,1605,2.2375000000000003
07.05.12,130.0,0,21.7,23.3,31.8,23.9,1605,1.784
07.05.12,140.0,0,21.5,23.3,31.8,23.8,1608,1.7772000000000001
07.05.12,150.0,0,21.4,23.2,31.8,23.7,1647,1.7684
07.05.12,160.0,0,21.2,23,31.8,23.6,1587,2.2035
07.05.12,170.0,0,21,23,31.7,23.5,1410,2.202
07.05.12,180.0,0,21.1,23,31.5,23.5,1494,1.7504
07.05.12,190.0,0,21.1,23,31.4,23.5,1029,1.764
07.05.12,200.0,0,21.1,22.9,31.5,23.4,0,1.3685999999999998
07.05.12,210.0,0,21.1,22.9,31.2,23.4,0,1.3755
07.05.12,220.0,0,21,22.8,31.2,23.3,0,1.38
07.05.12,230.0,0,21,22.7,31,23.3,0,1.3827
07.05.12,240.0,0,20.9,22.7,30.9,23.3,0,1.3851
07.05.12,250.0,0,20.8,22.5,30.8,23.2,0,1.3868999999999998
07.05.12,260.0,0,20.6,22.4,30.7,23,0,1.3881000000000001
07.05.12,270.0,0,20.3,22.3,30.7,23,0,1.3893
07.05.12,280.0,0,20.2,22.3,30.6,22.9,0,1.3902
07.05.12,290.0,0,20.4,22.3,30.4,22.9,0,1.3908
07.05.12,300.0,0,20.5,22.3,30.2,22.9,0,1.3914
07.05.12,310.0,0,20.4,22.2,30.1,22.8,0,1.3917
07.05.12,320.0,0,20.5,22.2,29.9,22.8,0,1.392
07.05.12,330.0,0,20.5,22.2,29.8,22.8,0,1.3926
07.05.12,340.0,0,20.4,22.1,29.7,22.7,0,1.3926
07.05.12,350.0,0,20.3,22,29.6,22.7,0,1.3929
07.05.12,360.0,0,20.3,22,29.5,22.6,0,1.3931999999999998
07.05.12,370.0,0,20.1,21.9,29.5,22.5,0,1.3931999999999998
07.05.12,380.0,0,20,21.8,29.4,22.5,0,1.3935
07.05.12,390.0,0,20.1,21.9,29.3,22.5,0,1.3935
07.05.12,400.0,0,20,21.8,29.2,22.4,0,1.3935
07.05.12,410.0,0,19.9,21.7,29.2,22.3,0,1.3935
07.05.12,420.0,0,19.8,21.6,29.2,22.2,0,1.3938
07.05.12,430.0,0,19.5,21.5,29.3,22.1,0,1.3938
07.05.12,440.0,0,19.4,21.4,29.2,22.1,0,1.3938
07.05.12,450.0,0,19.5,21.4,29.2,22,0,1.3938
07.05.12,460.0,2,19.4,21.3,29.1,21.9,0,2.7876
07.05.12,470.0,7,19.2,21,28.9,21.7,0,20.9385
07.05.12,480.0,18,19.3,21.2,28.9,21.7,0,60.76200000000001
07.05.12,490.0,33,19.7,21.5,28.9,21.7,0,115.17450000000001
07.05.12,500.0,51,20.1,21.8,28.8,21.9,0,181.2864
07.05.12,510.0,73,20.8,22.2,28.7,22.2,0,258.3672
07.05.12,520.0,96,21.4,22.6,28.4,22.4,0,345.947
07.05.12,530.0,121,21.9,23,28.3,22.8,0,436.34119999999996
07.05.12,540.0,145,22.5,23.4,28.2,23.1,0,524.4418000000001
07.05.12,550.0,164,24.5,23.9,28.1,23.5,0,611.3858
07.05.12,560.0,194,26,24.5,28.1,23.8,0,721.7547
07.05.12,570.0,226,27.4,25.1,28.1,24.4,0,843.1843
07.05.12,580.0,260,28.7,25.7,28.1,24.9,0,976.6848
07.05.12,590.0,294,29.9,26.1,28.2,25.3,0,1105.0784
07.05.12,600.0,329,31.1,27,28.3,25.9,0,1241.6000000000001
07.05.12,610.0,365,32.7,27.4,28.4,26.3,414,1364.6754
07.05.12,620.0,400,34,28.1,28.5,26.6,1191,1471.8799999999999
07.05.12,630.0,434,35.5,28.6,28.6,27.1,1134,1605.3856
07.05.12,640.0,467,37.5,29.8,28.7,27.6,1083,1727.8764999999999
07.05.12,650.0,501,39.9,30.8,28.8,28.3,1089,1858.3943999999997
07.05.12,660.0,534,41.5,31.6,28.9,28.9,1092,1985.2736
07.05.12,670.0,564,44.4,33.1,29,29.9,1089,2093.0924
07.05.12,680.0,595,46.3,33.5,29.1,30.5,1080,2215.1577
07.05.12,690.0,623,48.7,34.5,29.2,31.5,1080,2311.7115999999996
07.05.12,700.0,650,51.5,35.5,29.3,32.8,1056,2412.7302999999997
07.05.12,710.0,675,50.7,35.1,29.5,32.1,1053,2516.3096
07.05.12,720.0,699,52.4,36,29.6,33.2,1053,2599.236
07.05.12,730.0,722,55.3,37.3,29.8,34.5,1050,2685.5762
07.05.12,740.0,743,57.1,38.2,30,35.6,1065,2775.2006
07.05.12,750.0,761,59.3,39.7,30.1,37.3,1056,2834.9844
07.05.12,760.0,778,60.6,39.5,30.4,38.7,1062,2909.935
07.05.12,770.0,794,60.3,38.9,30.7,38.9,1059,2965.1893
07.05.12,780.0,806,59.9,39.8,31,39.1,1053,3009.7804
07.05.12,790.0,815,61.1,40.6,31.2,39.9,1044,3056.4431999999997
07.05.12,800.0,823,60.4,39.8,31.5,40.2,1038,3079.9872
07.05.12,810.0,831,61,40.4,31.8,40.6,1038,3113.1378
07.05.12,820.0,836,61.5,41,32,41.2,1062,3140.6105000000002
07.05.12,830.0,838,61.1,40.5,32.4,41.3,1044,3138.0509999999995
07.05.12,840.0,837,62.1,41.2,32.5,41.4,1032,3147.5755000000004
07.05.12,850.0,836,62.9,42.7,32.7,42.5,1029,3133.5249999999996
07.05.12,860.0,833,62.3,43.1,32.9,43.1,1059,3129.4368
07.05.12,870.0,826,62.3,42.7,33.1,43.3,1101,3105.683
07.05.12,880.0,816,62.5,42.7,33.4,43.3,1077,3059.5842
07.05.12,890.0,808,59.9,42.4,33.9,43.1,1083,3034.669
07.05.12,900.0,797,60.6,43,34,43.6,1098,2999.8275000000003
07.05.12,910.0,782,61.2,44,34,44.3,1086,2930.9707000000003
07.05.12,920.0,766,60.2,43.9,34.5,44.4,1095,2879.8344
07.05.12,930.0,753,60.6,44.6,34.5,44.7,1080,2821.1544
07.05.12,940.0,729,60,43.9,34.8,44.5,372,2759.7600999999995
07.05.12,950.0,706,60.1,44.7,34.8,44.7,0,2697.6547
07.05.12,960.0,684,59.9,44.4,34.9,44.7,0,2605.7544000000003
07.05.12,970.0,661,58.8,44.8,35.1,45,0,2519.9459
07.05.12,980.0,632,59.1,44.9,35.4,45.5,0,2413.456
07.05.12,990.0,608,58.3,44.8,35.8,46.3,0,2317.194
07.05.12,1000.0,578,56.5,44.2,36.1,46.1,0,2211.5472
07.05.12,1010.0,549,55.9,44.5,36.2,46.2,0,2099.2034
07.05.12,1020.0,518,55.6,44.6,36.2,46.5,0,1978.2671999999998
07.05.12,1030.0,485,54.8,44.3,36.4,46.5,0,1858.584
07.05.12,1040.0,451,53.7,44.1,36.6,46.6,0,1728.3456000000003
07.05.12,1050.0,416,52.8,43.4,36.8,45.6,0,1593.9651
07.05.12,1060.0,380,51.7,43.6,36.9,46.3,0,1462.7791
07.05.12,1070.0,348,50.4,42.8,37.1,45.4,0,1339.2834
07.05.12,1080.0,314,49.3,43,37.2,45.3,0,1211.6019999999999
07.05.12,1090.0,284,48.4,43.2,37.2,45.8,0,1088.6869000000002
07.05.12,1100.0,251,48,43.2,37.2,45.9,0,960.2885
07.05.12,1110.0,215,46.6,42.8,37.5,45.4,0,824.4216
07.05.12,1120.0,185,45.7,42.7,37.5,45.7,0,701.9375
07.05.12,1130.0,158,44.5,42.4,37.5,45.2,0,599.1307999999999
07.05.12,1140.0,134,43.5,42.1,37.5,44.7,0,505.7864
07.05.12,1150.0,110,42.4,41.9,37.6,44.5,0,412.42159999999996
07.05.12,1160.0,90,41.4,41.6,37.6,44.3,0,335.501
07.05.12,1170.0,71,40.3,41,37.6,43.1,0,261.6264
07.05.12,1180.0,54,39.2,40.4,37.6,42.3,0,198.30150000000003
07.05.12,1190.0,39,38.1,39.8,37.6,41.6,0,141.3752
07.05.12,1200.0,25,37.1,39.3,37.6,41,0,88.784
07.05.12,1210.0,13,36.1,38.6,37.6,40.3,0,43.4984
07.05.12,1220.0,5,34.8,37.8,37.6,39.5,0,10.846
07.05.12,1230.0,1,34.3,36.5,37.5,37.7,1260,1.9156
07.05.12,1240.0,0,33.7,34.9,37.4,35.5,1479,2.3850000000000002
07.05.12,1250.0,0,32.5,33.6,37.3,34.2,1776,2.372
07.05.12,1260.0,0,31.1,32.1,37.2,32.7,2076,2.359
07.05.12,1270.0,0,29.9,31.1,37,31.6,2214,2.3505
07.05.12,1280.0,0,29.1,30.4,36.9,30.9,2277,2.3445
07.05.12,1290.0,0,28.3,29.7,36.7,30.1,2274,2.3405
07.05.12,1300.0,0,27.8,29.1,36.6,29.5,2244,2.337
07.05.12,1310.0,0,27.3,28.6,36.5,28.9,2283,2.3320000000000003
07.05.12,1320.0,0,26.8,28.1,36.4,28.5,2304,2.327
07.05.12,1330.0,0,26.5,27.8,36.3,28.2,2307,2.787
07.05.12,1340.0,0,26.1,27.6,36.2,27.9,2289,2.3190000000000004
07.05.12,1350.0,0,25.8,27.4,35.9,27.8,2256,2.7792
07.05.12,1360.0,0,25.7,27.3,35.7,27.7,2205,2.7762000000000002
07.05.12,1370.0,0,25.5,27.1,35.4,27.6,2208,2.7708
07.05.12,1380.0,0,25.4,27,35.2,27.5,2211,2.305
07.05.12,1390.0,0,25.2,26.9,35.1,27.4,2184,2.302
07.05.12,1400.0,0,25.2,26.8,35,27.3,2163,2.298
07.05.12,1410.0,0,25,26.6,34.8,27.2,2163,2.294
07.05.12,1420.0,0,24.7,26.5,34.8,27,2115,2.2915
07.05.12,1430.0,0,24.6,26.4,34.7,27,2103,2.7455999999999996
07.05.12,1440.0,0,24.4,26.3,34.6,26.9,2058,2.2845
08.05.12,10.0,0,24.2,26.2,34.6,26.8,2034,2.281
08.05.12,20.0,0,24.2,26.2,34.4,26.8,2022,2.277
08.05.12,30.0,0,24.3,26.1,34.2,26.7,1935,2.2755
08.05.12,40.0,0,24.1,26,34.1,26.6,1881,2.273
08.05.12,50.0,0,24,26,34,26.6,1821,2.2704999999999997
08.05.12,60.0,0,23.9,25.8,33.8,26.4,1791,2.2670000000000003
08.05.12,70.0,0,23.8,25.6,33.6,26.2,1782,2.2625
08.05.12,80.0,0,23.8,25.5,33.4,26.1,1794,2.2575
08.05.12,90.0,0,23.7,25.4,33.3,26,1782,2.253
08.05.12,100.0,0,23.6,25.3,33.1,25.9,1680,2.2510000000000003
08.05.12,110.0,0,23.6,25.2,33,25.8,1632,2.2475
08.05.12,120.0,0,23.4,25,32.8,25.7,1575,2.2435
08.05.12,130.0,0,23.3,24.9,32.7,25.5,1572,2.237
08.05.12,140.0,0,23.2,24.8,32.7,25.4,1560,1.7836
08.05.12,150.0,0,23,24.6,32.6,25.2,1596,1.776
08.05.12,160.0,0,22.9,24.5,32.5,25.1,1497,1.7724000000000002
08.05.12,170.0,0,22.8,24.4,32.5,25.1,1398,1.77
08.05.12,180.0,0,22.7,24.3,32.2,25,1428,1.762
08.05.12,190.0,0,22.4,24.1,32.2,24.8,1410,1.7556
08.05.12,200.0,0,22.1,24,32.3,24.7,1404,1.7480000000000002
08.05.12,210.0,0,22,24,32.3,24.6,825,1.7696
08.05.12,220.0,0,22.1,23.9,32.1,24.5,0,1.3671
08.05.12,230.0,0,22.1,24,32,24.5,0,1.3737
08.05.12,240.0,0,22.2,23.9,31.8,24.5,0,1.3779
08.05.12,250.0,0,22.2,23.8,31.7,24.3,0,1.3809
08.05.12,260.0,0,22.1,23.7,31.5,24.2,0,1.3833
08.05.12,270.0,0,22,23.6,31.3,24.1,0,1.3847999999999998
08.05.12,280.0,0,21.9,23.5,31.3,24,0,1.3862999999999999
08.05.12,290.0,0,21.8,23.4,31.2,23.9,0,1.3875
08.05.12,300.0,0,21.7,23.3,31.1,23.9,0,1.3884
08.05.12,310.0,0,21.6,23.2,30.9,23.8,0,1.3893
08.05.12,320.0,0,21.5,23.1,30.9,23.7,0,1.3899
08.05.12,330.0,0,21.4,23.1,30.8,23.6,0,1.3905
08.05.12,340.0,0,21.5,23.1,30.6,23.6,0,1.3908
08.05.12,350.0,0,21.4,22.9,30.5,23.5,0,1.3910999999999998
08.05.12,360.0,0,20.9,22.8,30.8,23.3,0,1.3914
08.05.12,370.0,0,20.7,22.7,30.6,23.3,0,1.3917
08.05.12,380.0,0,20.8,22.7,30.4,23.2,0,1.3917
08.05.12,390.0,0,20.5,22.5,30.4,23.1,0,1.392
08.05.12,400.0,0,20.2,22.3,30.5,22.9,0,1.392
08.05.12,410.0,0,19.9,22.1,30.4,22.8,0,1.3922999999999999
08.05.12,420.0,0,19.5,22,30.4,22.6,0,1.3922999999999999
08.05.12,430.0,0,19.2,21.6,30.3,22.4,0,1.3922999999999999
08.05.12,440.0,0,18.7,21.5,30.2,22.2,0,1.3926
08.05.12,450.0,0,18.4,21.2,30.1,22,0,1.3926
08.05.12,460.0,2,18.2,21,30,21.8,0,3.2501
08.05.12,470.0,8,18.3,21,29.9,21.8,0,22.32
08.05.12,480.0,19,18.7,21.4,29.8,21.8,0,62.59140000000001
08.05.12,490.0,34,19,21.6,29.8,21.9,0,117.47500000000001
08.05.12,500.0,52,19.6,22.2,29.7,22.1,0,183.0584
08.05.12,510.0,73,20.4,22.7,29.6,22.4,0,258.67629999999997
08.05.12,520.0,96,21.3,23.1,29.5,22.7,0,342.814
08.05.12,530.0,122,22.1,23.7,29.4,23.2,0,436.35599999999994
08.05.12,540.0,147,23.1,24.5,29.2,23.8,0,516.5424
08.05.12,550.0,167,25.3,25.1,29.1,24.2,0,612.0455000000001
08.05.12,560.0,198,27.3,25.8,29,24.6,0,730.5562
08.05.12,570.0,231,28.8,26.4,29,25.1,0,857.1671999999999
08.05.12,580.0,266,30.1,27.1,29,25.5,0,985.7738999999999
08.05.12,590.0,300,31.5,27.7,29.1,26,0,1114.0716
08.05.12,600.0,336,33,28.2,29.2,26.6,0,1255.3395
08.05.12,610.0,371,34.6,28.9,29.3,27.2,0,1387.1286
08.05.12,620.0,407,36.4,29.8,29.4,27.5,1161,1488.6012
08.05.12,630.0,443,38.4,30.8,29.5,28.3,1143,1626.3648
08.05.12,640.0,476,40.4,31.8,29.6,29.1,1131,1747.7336999999998
08.05.12,650.0,510,43,33.1,29.7,30.1,1116,1876.743
08.05.12,660.0,545,46,34,29.8,31.5,1101,2002.8574999999998
08.05.12,670.0,576,47.4,34.4,30,32.2,1086,2117.8908
08.05.12,680.0,605,49.8,35,30.1,33.4,1080,2230.3077999999996
08.05.12,690.0,634,51.3,36.2,30.2,33.9,1077,2332.2178
08.05.12,700.0,661,52.9,36.7,30.3,34.9,1068,2434.7128000000002
08.05.12,710.0,686,54.6,38.2,30.5,35.8,1077,2538.2556000000004
08.05.12,720.0,711,57,38.8,30.7,37.6,1152,2620.3812
08.05.12,730.0,734,57.6,39,31,38.3,1128,2715.5267999999996
08.05.12,740.0,754,58.5,39,31.2,39,1131,2787.7815
08.05.12,750.0,774,59.2,39.4,31.5,39.5,1134,2865.8815999999997
08.05.12,760.0,790,59.8,40.6,31.7,40.1,1119,2933.84
08.05.12,770.0,803,59.6,40.5,32.2,40.6,1134,2978.0240000000003
08.05.12,780.0,819,59.4,40.4,32.5,40.5,1134,3042.3948
08.05.12,790.0,828,60.3,40.7,32.6,40.9,1131,3084.4379999999996
08.05.12,800.0,835,61.2,41.5,32.8,41.2,1101,3101.1200999999996
08.05.12,810.0,841,61.6,42.2,33.1,42.1,1092,3136.886
08.05.12,820.0,845,62.6,43.5,33.2,43.1,1089,3141.268
08.05.12,830.0,847,63.4,42.8,33.5,43.3,1083,3151.302
08.05.12,840.0,848,63,43.5,33.8,43.7,1080,3163.7437999999997
08.05.12,850.0,846,62.1,43.9,34,43.8,1083,3151.7728
08.05.12,860.0,843,62.9,43.5,34.2,43.9,1086,3138.7632
08.05.12,870.0,838,62.5,42.7,34.7,43.5,1083,3130.2648
08.05.12,880.0,829,63.7,44.1,34.7,44.4,1089,3084.54
08.05.12,890.0,819,63.6,44.5,34.9,44.9,1086,3055.5491
08.05.12,900.0,804,62.9,43.9,35.4,44.5,1032,2993.4103000000005
08.05.12,910.0,791,61.9,43.6,35.7,44.6,1122,2943.2952
08.05.12,920.0,778,61.5,43.6,35.8,44.8,1092,2901.5699999999997
08.05.12,930.0,760,61.9,44.9,35.8,45.4,843,2835.9100000000003
08.05.12,940.0,742,61.2,44.5,36.2,45.4,0,2804.7195
08.05.12,950.0,724,61.5,44.6,36.3,45.4,0,2745.57
08.05.12,960.0,698,60.9,44.9,36.7,45.6,0,2638.8327999999997
08.05.12,970.0,668,60.2,45.2,36.7,46.5,0,2534.6167000000005
08.05.12,980.0,647,60.7,44.7,36.9,46.5,0,2443.7335
08.05.12,990.0,625,59.9,45.3,37,46.5,0,2362.53
08.05.12,1000.0,588,60.3,45.5,37,47.2,0,2229.3834
08.05.12,1010.0,566,59.2,45.3,37.3,47,0,2145.3384
08.05.12,1020.0,527,58.4,44.8,37.5,46.1,0,1991.624
08.05.12,1030.0,494,57.1,44.5,37.8,46.6,0,1875.984
08.05.12,1040.0,465,55.9,44.4,37.8,47,0,1761.5832
08.05.12,1050.0,431,54.9,44.3,38,46.2,0,1640.475
08.05.12,1060.0,392,53.7,44.4,38.1,46.3,0,1487.4672
08.05.12,1070.0,361,53.4,44.9,38,47,0,1369.2930999999999
08.05.12,1080.0,320,52.5,44.7,38,47.6,0,1218.468
08.05.12,1090.0,286,51.1,43.9,38.3,46.5,0,1083.2553
08.05.12,1100.0,250,49.1,43.3,38.5,45.8,0,947.592
08.05.12,1110.0,221,47.8,43.4,38.5,46.1,0,835.5840000000001
08.05.12,1120.0,191,47.2,43.6,38.4,45.7,0,720.0332999999999
08.05.12,1130.0,164,46.3,43.3,38.5,46.6,0,617.3190000000001
08.05.12,1140.0,136,44.8,43,38.6,46.1,0,508.01949999999994
08.05.12,1150.0,111,43.5,43.1,38.6,46,0,413.1855
08.05.12,1160.0,89,42.4,42.7,38.6,45,0,330.2739
08.05.12,1170.0,70,41,41.3,38.6,41.9,0,254.4064
08.05.12,1180.0,53,39.2,39.8,38.7,40.1,0,193.1904
08.05.12,1190.0,39,37.9,39,38.7,39.4,0,141.3184
08.05.12,1200.0,26,36.9,38,38.6,38.5,0,91.26400000000001
08.05.12,1210.0,14,35.8,37.1,38.5,37.6,0,46.9585
08.05.12,1220.0,6,34.9,36.3,38.4,36.9,0,12.818
08.05.12,1230.0,1,34.2,35.7,38.3,36.3,762,1.9372
08.05.12,1240.0,0,33.5,34.9,38.2,35.6,1593,2.3825
08.05.12,1250.0,0,32.3,33.3,38,34,1926,2.369
08.05.12,1260.0,0,30.9,32,37.6,32.5,2106,2.359
08.05.12,1270.0,0,29.8,31,37.2,31.5,2253,2.3505
08.05.12,1280.0,0,29,30.4,37.1,30.9,2325,2.8128
08.05.12,1290.0,0,28.3,29.8,37,30.3,2373,2.338
08.05.12,1300.0,0,27.8,29.3,36.8,29.7,2355,2.3345
08.05.12,1310.0,0,27.3,28.8,36.6,29.2,2382,2.7948
08.05.12,1320.0,0,26.6,27.9,36.1,28.4,2370,2.79
08.05.12,1330.0,0,26.2,27.7,35.9,28.1,2352,2.7858
08.05.12,1340.0,0,26.1,27.6,35.8,28,2391,2.3160000000000003
08.05.12,1350.0,0,25.9,27.5,35.8,27.9,2370,2.775
08.05.12,1360.0,0,25.7,27.3,35.7,27.8,2343,2.3085
08.05.12,1370.0,0,25.5,27.3,35.6,27.7,2343,2.7654
08.05.12,1380.0,0,25.5,27.1,35.6,27.6,2337,2.76
08.05.12,1390.0,0,25.4,27,35.4,27.4,2322,2.2960000000000003
08.05.12,1400.0,0,25.2,26.8,35.3,27.2,2256,2.2935
08.05.12,1410.0,0,25,26.6,35.2,27.1,2220,2.2905
08.05.12,1420.0,0,24.8,26.4,35.1,26.9,2202,2.2864999999999998
08.05.12,1430.0,0,24.6,26.3,35,26.8,2163,2.7396
08.05.12,1440.0,0,24.4,26.1,34.9,26.7,2127,2.2800000000000002
09.05.12,10.0,0,24,25.9,34.9,26.5,2100,2.7312000000000003
09.05.12,20.0,0,23.8,25.8,34.8,26.3,2103,2.2715
09.05.12,30.0,0,23.5,25.6,34.8,26.2,2016,2.269
09.05.12,40.0,0,23.3,25.4,34.5,26,1962,2.2665
09.05.12,50.0,0,23.3,25.3,34.3,25.9,1884,2.2640000000000002
09.05.12,60.0,0,22.9,25,34.2,25.6,1788,2.263
09.05.12,70.0,0,22.8,24.9,33.9,25.5,1779,2.2585
09.05.12,80.0,0,22.6,24.8,33.8,25.4,1698,2.2565000000000004
09.05.12,90.0,0,22.3,24.6,34,25.2,1659,2.253
09.05.12,100.0,0,22.1,24.3,33.8,25,1665,2.2475
09.05.12,110.0,0,21.7,24.2,33.8,24.8,1680,2.2405000000000004
09.05.12,120.0,0,21.7,24.1,33.6,24.8,1623,2.2350000000000003
09.05.12,130.0,0,21.6,24,33.6,24.7,1548,1.7844
09.05.12,140.0,0,21.4,23.9,33.6,24.6,1536,2.2235
09.05.12,150.0,0,21,23.7,33.6,24.4,1599,2.2125
09.05.12,160.0,0,20.7,23.6,33.5,24.2,1596,2.2025
09.05.12,170.0,0,20.5,23.3,33.4,24.1,1464,1.7588
09.05.12,180.0,0,20.3,23.2,33.3,23.9,1485,1.7512
09.05.12,190.0,0,20.4,23.2,33.3,24,1500,1.7412
09.05.12,200.0,0,20.3,23.1,33.2,23.8,102,1.3578
09.05.12,210.0,0,20.3,23,33.1,23.8,0,1.3716
09.05.12,220.0,0,20.6,23.1,32.8,23.8,0,1.3767
09.05.12,230.0,0,20.4,22.8,32.8,23.6,0,1.3802999999999999
09.05.12,240.0,0,20,22.5,32.7,23.3,0,1.3827
09.05.12,250.0,0,19.4,22.4,32.7,23,0,1.3847999999999998
09.05.12,260.0,0,19,22.2,32.6,22.9,0,1.3862999999999999
09.05.12,270.0,0,18.7,22.2,32.5,22.6,0,1.3875
09.05.12,280.0,0,18.8,22.1,32.4,22.6,0,1.3886999999999998
09.05.12,290.0,0,18.9,22.1,32.3,22.6,0,1.3893
09.05.12,300.0,0,19,22.1,32.2,22.6,0,1.3899
09.05.12,310.0,0,19.1,21.9,32.1,22.4,0,1.3905
09.05.12,320.0,0,19,21.8,32,22.3,0,1.3910999999999998
09.05.12,330.0,0,19,21.7,31.9,22.3,0,1.3914
09.05.12,340.0,0,19,21.7,31.8,22.1,0,1.3917
09.05.12,350.0,0,18.9,21.5,31.7,22,0,1.3917
09.05.12,360.0,0,18.5,21.2,31.6,21.9,0,1.392
09.05.12,370.0,0,19,21.4,31.5,21.9,0,1.3922999999999999
09.05.12,380.0,0,18.6,20.9,31.4,21.6,0,1.3922999999999999
09.05.12,390.0,0,18.2,21,31.2,21.5,0,1.3926
09.05.12,400.0,0,18.3,20.8,31.2,21.5,0,1.3926
09.05.12,410.0,0,17.9,20.4,31.1,21.2,0,1.3926
09.05.12,420.0,0,17.6,20.2,30.9,21,0,1.3929
09.05.12,430.0,0,17.6,20.2,30.7,21,0,1.3929
09.05.12,440.0,0,17.4,20.4,30.7,20.9,0,1.3929
09.05.12,450.0,0,17.7,20.6,30.6,21,0,1.3929
09.05.12,460.0,2,17.7,20.6,30.5,21,0,3.7152
09.05.12,470.0,9,18,20.7,30.4,21,0,26.5221
09.05.12,480.0,21,18.7,21,30.3,21.2,0,69.20479999999999
09.05.12,490.0,36,19,21.4,30.2,21.4,0,126.4838
09.05.12,500.0,55,19.5,21.9,30.1,21.6,0,194.46400000000003
09.05.12,510.0,76,20.2,22.5,30,22,0,271.9175
09.05.12,520.0,102,20.9,22.7,29.9,22.5,0,365.1456
09.05.12,530.0,129,21.5,23.2,29.7,22.8,0,467.481
09.05.12,540.0,153,22.6,23.8,29.6,23.4,0,563.2288
09.05.12,550.0,178,24.7,24.8,29.6,24.2,0,654.6464
09.05.12,560.0,208,27.3,26.2,29.6,25,0,766.5546
09.05.12,570.0,243,29.5,27,29.6,25.6,0,899.8125
09.05.12,580.0,279,31,27.5,29.6,26.1,0,1031.8545
09.05.12,590.0,316,33.3,28.6,29.7,26.9,0,1170.5526
09.05.12,600.0,353,35.8,29.6,29.8,27.7,0,1316.0763
09.05.12,610.0,390,37.4,30.1,29.9,28,468,1441.3422
09.05.12,620.0,427,39.4,30.8,30,28.7,1317,1548.999
09.05.12,630.0,462,41.7,31.2,30.1,30,1323,1671.8934
09.05.12,640.0,496,43.7,31.7,30.2,30.3,1329,1798.0325
09.05.12,650.0,529,45.3,33,30.3,31.1,1254,1930.2176000000002
09.05.12,660.0,560,46.7,33.8,30.4,31.8,1257,2039.0727999999997
09.05.12,670.0,593,48,34.9,30.5,32.4,1248,2164.461
09.05.12,680.0,623,50.7,34.8,30.6,33.7,1212,2280.0570000000002
09.05.12,690.0,653,52.2,36.6,30.7,34.7,1173,2384.8192
09.05.12,700.0,682,53.8,36.1,30.8,35.6,1170,2503.4149
09.05.12,710.0,708,56,38,30.9,35.4,1131,2596.4298
09.05.12,720.0,732,57,37.6,31.1,36,1143,2686.2048
09.05.12,730.0,754,57.7,37.7,31.3,35.8,1146,2776.5719999999997
09.05.12,740.0,775,58.1,38.3,31.4,36.6,1131,2852.5986
09.05.12,750.0,790,59,39.6,31.5,37.5,1110,2908.125
09.05.12,760.0,807,59.3,38.5,31.7,36.8,1098,2983.2593
09.05.12,770.0,822,57.6,39.2,31.9,35.9,1077,3036.8528
09.05.12,780.0,835,58.3,39.2,32.1,37,1059,3097.6701000000003
09.05.12,790.0,842,59,39.7,32.4,37,1077,3114.0068
09.05.12,800.0,850,58,40.2,32.7,36.3,1119,3145.2576000000004
09.05.12,810.0,852,56.8,40.4,32.9,36.9,1089,3167.0827999999997
09.05.12,820.0,860,58.5,40.4,32.9,37.5,1068,3188.97
09.05.12,830.0,861,57.8,41.3,33.2,37.3,1074,3191.9063
09.05.12,840.0,863,58.9,41.9,33.5,37.7,1062,3210.5838
09.05.12,850.0,858,60.2,42,33.6,38.5,1101,3178.978
09.05.12,860.0,852,62.4,42.6,33.7,39.9,1071,3167.3742
09.05.12,870.0,848,63.7,43.2,33.9,40.8,1062,3137.06
09.05.12,880.0,840,60.9,42.1,34.1,38.9,1074,3114.2747999999997
09.05.12,890.0,834,62.1,43.5,34.3,40.6,1062,3097.1198
09.05.12,900.0,829,61.9,43.2,34.5,40.2,1071,3071.1154
09.05.12,910.0,814,64,44.4,34.6,43,1077,3014.5102
09.05.12,920.0,795,62.3,43.1,34.9,40.8,1062,2949.2736
09.05.12,930.0,776,58.9,43,35.2,39.5,624,2890.1132000000002
09.05.12,940.0,755,59.3,43.6,35.4,40,0,2845.1169
09.05.12,950.0,731,61.6,43.9,35.4,43.3,0,2746.668
09.05.12,960.0,709,60.8,43.7,35.7,41.7,0,2665.1406
09.05.12,970.0,683,56.6,43.4,36.1,40.1,0,2577.834
09.05.12,980.0,659,58,43.6,36,41.5,0,2475.4719999999998
09.05.12,990.0,634,57.4,43.4,36.1,41.8,0,2382.7968
09.05.12,1000.0,607,56.1,43,36.2,41,0,2285.8732
09.05.12,1010.0,576,54.7,43.5,36.4,41.4,0,2163.1499999999996
09.05.12,1020.0,545,53.8,42.9,36.6,41.5,0,2055.5451
09.05.12,1030.0,511,52.6,42.6,36.8,41.3,0,1922.151
09.05.12,1040.0,478,50.7,42.5,37,40.7,0,1804.5573
09.05.12,1050.0,434,49.8,41.9,37.1,40.7,0,1645.3164
09.05.12,1060.0,395,45.5,40,37.4,38.8,0,1497.4868999999999
09.05.12,1070.0,359,43.2,39,37.5,38.1,0,1367.0295999999998
09.05.12,1080.0,327,42.2,38.5,37.4,37.6,0,1247.5847999999999
09.05.12,1090.0,293,41.5,38.2,37.4,37.4,0,1114.652
09.05.12,1100.0,258,40.4,37.6,37.4,37.1,0,984.9294
09.05.12,1110.0,226,39.5,37.2,37.4,36.7,0,853.9504999999999
09.05.12,1120.0,194,38.5,36.8,37.3,36.4,0,730.2792
09.05.12,1130.0,164,37.9,36.6,37.3,36.3,0,617.3928
09.05.12,1140.0,136,37,36.4,37.3,36,0,506.6928
09.05.12,1150.0,111,36.1,36.2,37.3,35.7,0,411.23280000000005
09.05.12,1160.0,88,35.3,35.5,37.2,35.2,0,323.4933
09.05.12,1170.0,70,34.1,34.5,37.2,34.5,0,251.1513
09.05.12,1180.0,53,33,33.6,37.1,33.6,0,191.88479999999998
09.05.12,1190.0,39,31.8,32.5,37,32.7,0,139.468
09.05.12,1200.0,26,30.4,31.2,36.6,31.5,0,92.40480000000001
09.05.12,1210.0,15,29.2,30.3,36.5,30.6,0,48.5198
09.05.12,1220.0,6,28.2,29.5,36.4,29.8,0,14.814
09.05.12,1230.0,1,27.4,28.8,36.3,29.2,462,1.9512
09.05.12,1240.0,0,26.8,28.2,36.2,28.6,1347,1.9136000000000002
09.05.12,1250.0,0,26.3,27.7,36.2,28.1,1617,1.9044
09.05.12,1260.0,0,25.9,27.3,36.1,27.7,1941,2.3670000000000004
09.05.12,1270.0,0,25.4,26.9,35.6,27.3,2025,2.3600000000000003
09.05.12,1280.0,0,24.7,26.3,34.8,26.7,2073,2.3545000000000003
09.05.12,1290.0,0,24.3,25.8,34.5,26.2,2139,2.8187999999999995
09.05.12,1300.0,0,23.9,25.5,34.4,25.9,2115,2.8145999999999995
09.05.12,1310.0,0,23.6,25.1,34.1,25.5,2085,2.811
09.05.12,1320.0,0,23.3,24.8,33.9,25.2,2097,2.8062
09.05.12,1330.0,0,23,24.4,33.6,24.9,2133,2.8002
09.05.12,1340.0,0,22.7,24.2,33.3,24.6,2157,2.7948
09.05.12,1350.0,0,22.5,24,33,24.4,2184,2.7894
09.05.12,1360.0,0,22.2,23.7,32.7,24.2,2148,2.7858
09.05.12,1370.0,0,22.2,23.6,32.6,24,2220,2.7786
09.05.12,1380.0,0,22,23.6,32.4,24,2190,2.7744
09.05.12,1390.0,0,21.9,23.4,32.4,23.9,2208,2.7689999999999997
09.05.12,1400.0,0,21.8,23.3,32.3,23.7,2208,2.7641999999999998
09.05.12,1410.0,0,21.7,23.2,32.2,23.7,2184,2.76
09.05.12,1420.0,0,21.6,23.1,32.1,23.6,2142,2.297
09.05.12,1430.0,0,21.5,23,32,23.5,2088,2.2945
09.05.12,1440.0,0,21.3,22.9,31.9,23.4,2052,2.2920000000000003
10.05.12,10.0,0,21.1,22.8,31.7,23.3,2028,2.2885000000000004
10.05.12,20.0,0,21.1,22.8,31.7,23.3,2004,2.285
10.05.12,30.0,0,20.9,22.6,31.4,23.1,1953,2.2825
10.05.12,40.0,0,20.8,22.5,31.3,23,1929,2.279
10.05.12,50.0,0,20.8,22.5,31.2,23,1845,2.2775
10.05.12,60.0,0,20.8,22.4,31.1,22.9,1698,2.2785
10.05.12,70.0,0,20.8,22.3,30.9,22.8,1653,2.2765
10.05.12,80.0,0,20.7,22.2,30.9,22.7,1638,1.8184
10.05.12,90.0,0,20.5,22.2,30.8,22.7,1623,2.2695000000000003
10.05.12,100.0,0,20.5,22.1,30.7,22.6,1635,2.265
10.05.12,110.0,0,20.3,22,30.6,22.5,1626,2.2605
10.05.12,120.0,0,20.2,21.9,30.5,22.4,1596,2.257
10.05.12,130.0,0,20.1,21.8,30.3,22.3,1590,2.2515
10.05.12,140.0,0,19.9,21.7,30.2,22.2,1584,2.246
10.05.12,150.0,0,19.7,21.6,30.2,22.2,1626,2.2375000000000003
10.05.12,160.0,0,19.6,21.6,30.2,22.2,1629,2.23
10.05.12,170.0,0,19.6,21.5,30,22.1,1443,2.23
10.05.12,180.0,0,19.6,21.5,30,22,1557,2.218
10.05.12,190.0,0,19.5,21.5,30,22,1542,2.2095
10.05.12,200.0,0,19.5,21.4,29.9,22,1530,2.2005
10.05.12,210.0,0,19.4,21.3,29.6,21.8,1530,2.1905
10.05.12,220.0,0,19.4,21.3,29.5,21.8,1527,2.179
10.05.12,230.0,0,19.3,21.2,29.5,21.8,1518,2.1665
10.05.12,240.0,0,19.3,21.2,29.5,21.7,147,1.3527
10.05.12,250.0,0,19.3,21.2,29.4,21.7,0,1.3689
10.05.12,260.0,0,19.2,21.1,29.4,21.7,0,1.3743
10.05.12,270.0,0,19.2,21.1,29.3,21.6,0,1.3781999999999999
10.05.12,280.0,0,19.2,21,29,21.6,0,1.3809
10.05.12,290.0,0,19.3,21.1,29,21.6,0,1.383
10.05.12,300.0,0,19.7,21.3,28.8,21.7,0,1.3847999999999998
10.05.12,310.0,0,20,21.4,28.7,21.8,0,1.3862999999999999
10.05.12,320.0,0,20.1,21.4,28.6,21.8,0,1.3872
10.05.12,330.0,0,20.1,21.3,28.6,21.8,0,1.3884
10.05.12,340.0,0,20,21.3,28.4,21.7,0,1.3889999999999998
10.05.12,350.0,0,19.8,21.2,28.4,21.6,0,1.3896
10.05.12,360.0,0,19.6,21.1,28.4,21.6,0,1.3902
10.05.12,370.0,0,19.5,21.1,28.3,21.5,0,1.3905
10.05.12,380.0,0,19.7,21.1,28.1,21.5,0,1.3910999999999998
10.05.12,390.0,0,19.6,21.1,28,21.6,0,1.3914
10.05.12,400.0,0,19.5,21,28,21.5,0,1.3917
10.05.12,410.0,0,19.3,20.9,27.9,21.3,0,1.3917
10.05.12,420.0,0,19.1,20.7,27.8,21.2,0,1.392
10.05.12,430.0,0,18.9,20.7,27.8,21.1,0,1.392
10.05.12,440.0,0,18.9,20.6,27.7,21,0,1.3922999999999999
10.05.12,450.0,0,18.8,20.4,27.6,21,0,1.3922999999999999
10.05.12,460.0,3,18.7,20.5,27.6,20.9,0,5.1073
10.05.12,470.0,11,18.7,20.4,27.5,20.9,0,32.577999999999996
10.05.12,480.0,25,18.8,20.5,27.5,20.9,0,83.8257
10.05.12,490.0,43,19.2,20.8,27.4,20.9,0,150.34470000000002
10.05.12,500.0,63,19.7,21.1,27.3,21,0,223.82360000000003
10.05.12,510.0,79,20.6,21.6,27,21.2,0,288.957
10.05.12,520.0,85,21.3,21.7,26.9,21.4,0,306.76320000000004
10.05.12,530.0,112,22.3,22.2,26.8,21.5,0,403.24
10.05.12,540.0,132,23.2,22.5,26.7,21.6,0,478.15180000000004
10.05.12,550.0,167,24.4,23,26.6,22,0,606.9664
10.05.12,560.0,195,25.8,23.6,26.7,22.2,0,716.4934
10.05.12,570.0,241,27.1,24.1,26.7,22.4,0,891.142
10.05.12,580.0,274,28.7,24.5,26.8,22.7,0,1012.41
10.05.12,590.0,305,29.8,25.2,26.8,23,0,1129.6896
10.05.12,600.0,350,31.6,25.8,26.9,23.4,0,1300.2189
10.05.12,610.0,361,33.3,26.6,26.9,24,510,1327.8408
10.05.12,620.0,364,33.3,26.8,26.9,24.2,1197,1312.8257999999998
10.05.12,630.0,455,36.3,27.9,27,24.8,1146,1652.5887999999998
10.05.12,640.0,490,37.7,28.1,27.2,25.2,1173,1786.7759
10.05.12,650.0,519,39.3,28.8,27.3,25.6,1185,1897.185
10.05.12,660.0,534,41.3,29.2,27.4,26.3,1170,1946.223
10.05.12,670.0,521,40.5,29,27.6,26.5,1215,1902.7504999999999
10.05.12,680.0,589,41,29.7,27.6,26.6,1197,2153.4324
10.05.12,690.0,638,45.2,31.1,27.8,27.9,1173,2335.68
10.05.12,700.0,661,46.2,31.4,27.9,28.1,1164,2429.7618
10.05.12,710.0,682,46.7,31.7,28,28.3,1167,2502.2802
10.05.12,720.0,704,48.7,32.6,28.2,29.4,1167,2582.0278000000003
10.05.12,730.0,727,50.3,33.6,28.3,30,1185,2678.8346
10.05.12,740.0,747,51.3,34,28.5,30.3,1173,2749.0325000000003
10.05.12,750.0,766,53.3,35.2,28.7,31.8,1146,2832.1575
10.05.12,760.0,783,54.4,35.3,28.9,31.5,1092,2892.4364
10.05.12,770.0,782,54.6,35.8,29,32,1077,2888.6481
10.05.12,780.0,809,51.8,35.1,29.3,31.3,1140,3000.5544000000004
10.05.12,790.0,822,53.2,35.9,29.6,32.4,1113,3040.2377
10.05.12,800.0,826,55.2,36.6,29.6,33.1,1095,3058.3339
10.05.12,810.0,834,54.6,37.1,29.9,33.2,1134,3094.944
10.05.12,820.0,838,56.8,37.3,30,34,1233,3096.2110000000002
10.05.12,830.0,816,54.6,37.1,30.4,33.6,1236,3024.0209999999997
10.05.12,840.0,798,53.3,37.5,30.6,33.6,1215,2948.534
10.05.12,850.0,845,53.7,37.9,30.8,33.9,1209,3132.7057999999997
10.05.12,860.0,788,52.5,37.8,31,34,1191,2924.911
10.05.12,870.0,828,55.4,38.6,31.1,34.8,1224,3065.2819999999997
10.05.12,880.0,828,55.7,38.7,31.3,35.1,1230,3064.9096
10.05.12,890.0,818,54,38.3,31.7,34.9,1215,3034.9897
10.05.12,900.0,806,55.3,38.7,31.6,35.5,1221,2980.0646
10.05.12,910.0,795,54.3,39.1,32.1,35.5,1173,2947.8732
10.05.12,920.0,739,52.4,38.9,32.3,35.3,1221,2724.092
10.05.12,930.0,768,52.6,39.2,32.4,35.7,1182,2842.7983999999997
10.05.12,940.0,742,52.7,38.9,32.6,36,360,2784.0285000000003
10.05.12,950.0,719,52.2,38.8,32.7,36,0,2701.6703999999995
10.05.12,960.0,695,52,39.3,33,36.4,0,2614.1324999999997
10.05.12,970.0,672,51.2,39.2,33.1,36.5,0,2530.6624
10.05.12,980.0,647,51.1,39.6,33.4,36.6,0,2430.6701000000003
10.05.12,990.0,618,51.1,39.3,33.5,36.7,0,2325.0976
10.05.12,1000.0,590,50.3,39.5,33.5,37.2,0,2210.8092
10.05.12,1010.0,561,49.6,39.6,33.7,37,0,2100.2771000000002
10.05.12,1020.0,529,48.7,39.4,33.9,37,0,1986.8706
10.05.12,1030.0,497,47.4,39.1,34.2,36.9,0,1860.8898
10.05.12,1040.0,463,46.5,38.8,34.2,37,0,1737.1578000000002
10.05.12,1050.0,428,46.2,39,34.3,37.3,0,1599.6444000000001
10.05.12,1060.0,394,44.8,38.6,34.5,36.9,0,1475.7754
10.05.12,1070.0,357,43.9,38.4,34.6,36.8,0,1342.2017999999998
10.05.12,1080.0,323,42.6,38.2,34.8,36.9,0,1211.307
10.05.12,1090.0,290,41.6,37.9,34.8,36.6,0,1085.7056000000002
10.05.12,1100.0,256,40.7,37.6,34.9,36.7,0,959.8420000000001
10.05.12,1110.0,214,39.6,37,34.9,36.3,0,799.3125
10.05.12,1120.0,186,38.4,36.6,35,35.9,0,695.7936
10.05.12,1130.0,155,37.3,36,34.9,35.5,0,574.0713
10.05.12,1140.0,117,36.4,36,34.9,35.3,0,429.63750000000005
10.05.12,1150.0,110,36,36.2,34.9,35.4,0,405.2754
10.05.12,1160.0,91,35.5,35.8,34.9,35.3,0,328.5904
10.05.12,1170.0,70,34.8,35.1,34.9,34.9,0,252.1465
10.05.12,1180.0,52,33.8,34.3,34.8,34.3,0,187.1728
10.05.12,1190.0,37,32.7,33.4,34.8,33.6,0,132.04240000000001
10.05.12,1200.0,21,31.7,32.6,34.7,32.9,0,71.2224
10.05.12,1210.0,14,30.7,31.7,34.6,32.1,0,44.908500000000004
10.05.12,1220.0,6,29.6,30.7,34.6,31.1,0,14.768999999999998
10.05.12,1230.0,1,28.6,29.7,34.5,30.2,24,1.4739
10.05.12,1240.0,0,27.7,28.9,34.4,29.3,1371,1.906
10.05.12,1250.0,0,27,28.3,34.3,28.7,1638,1.8972
10.05.12,1260.0,0,26.3,27.7,34.2,28.1,1896,2.3600000000000003
10.05.12,1270.0,0,25.8,27.3,34.1,27.7,2028,2.8224
10.05.12,1280.0,0,25.4,26.9,34,27.2,2160,2.8128
10.05.12,1290.0,0,25,26.4,33.9,26.8,2211,2.8055999999999996
10.05.12,1300.0,0,24.7,26.1,33.8,26.4,2247,2.7996
10.05.12,1310.0,0,24.4,25.9,33.8,26.2,2268,2.7936
10.05.12,1320.0,0,24.2,25.6,33.7,26,2268,2.7882
10.05.12,1330.0,0,23.9,25.4,33.4,25.8,2262,2.7834
10.05.12,1340.0,0,23.8,25.3,33.4,25.6,2295,2.7773999999999996
10.05.12,1350.0,0,23.6,25,33.1,25.4,2286,2.7725999999999997
10.05.12,1360.0,0,23.4,24.9,32.8,25.3,2241,2.7689999999999997
10.05.12,1370.0,0,23.3,24.7,32.5,25.1,2232,2.7641999999999998
10.05.12,1380.0,0,23.1,24.6,32.4,25,2214,2.76
10.05.12,1390.0,0,23,24.4,32.1,24.8,2223,2.7545999999999995
10.05.12,1400.0,0,22.8,24.2,32.1,24.6,2274,2.2895
10.05.12,1410.0,0,22.7,24.1,32,24.5,2253,2.7426
10.05.12,1420.0,0,22.6,24.1,32,24.5,2226,2.7378
10.05.12,1430.0,0,22.6,24,31.8,24.4,2187,2.278
10.05.12,1440.0,0,22.6,23.9,31.7,24.3,2106,2.7312000000000003
11.05.12,10.0,0,22.5,23.8,31.5,24.2,2025,2.7287999999999997
11.05.12,20.0,0,22.4,23.7,31.4,24.1,1962,2.2715
11.05.12,30.0,0,22.3,23.6,31.3,24.1,1956,2.2675
11.05.12,40.0,0,22.2,23.6,31.2,24,1929,2.263
11.05.12,50.0,0,22.1,23.5,31.1,23.9,1899,2.2595
11.05.12,60.0,0,22,23.4,31,23.8,1824,2.257
11.05.12,70.0,0,21.9,23.3,30.9,23.8,1788,2.253
11.05.12,80.0,0,21.8,23.3,30.8,23.8,1773,2.2485
11.05.12,90.0,0,21.7,23.2,30.7,23.7,1698,2.2445
11.05.12,100.0,0,21.6,23.1,30.6,23.6,1569,2.243
11.05.12,110.0,0,21.5,23,30.6,23.5,1539,2.238
11.05.12,120.0,0,21.3,22.9,30.5,23.4,1524,2.2315
11.05.12,130.0,0,21.1,22.8,30.4,23.4,1524,2.2239999999999998
11.05.12,140.0,0,21.1,22.7,30.2,23.3,1509,2.2165
11.05.12,150.0,0,21.1,22.7,30.1,23.2,1524,2.2070000000000003
11.05.12,160.0,0,21,22.6,30.1,23.1,1575,2.1935
11.05.12,170.0,0,20.9,22.6,30,23.1,1428,2.189
11.05.12,180.0,0,20.8,22.5,29.9,23.1,1482,2.1750000000000003
11.05.12,190.0,0,20.7,22.5,29.8,23,879,1.762
11.05.12,200.0,0,20.7,22.4,29.8,23,0,1.3656000000000001
11.05.12,210.0,0,20.6,22.4,29.7,22.9,0,1.3727999999999998
11.05.12,220.0,0,20.6,22.3,29.6,22.9,0,1.3772999999999997
11.05.12,230.0,0,20.6,22.3,29.6,22.8,0,1.3806
11.05.12,240.0,0,20.7,22.4,29.6,22.9,0,1.383
11.05.12,250.0,0,20.6,22.3,29.4,22.9,0,1.3847999999999998
11.05.12,260.0,0,20.5,22.2,29.3,22.8,0,1.3862999999999999
11.05.12,270.0,0,20.6,22.3,29.1,22.8,0,1.3875
11.05.12,280.0,0,20.6,22.3,29.1,22.8,0,1.3884
11.05.12,290.0,0,20.6,22.3,28.9,22.8,0,1.3893
11.05.12,300.0,0,20.7,22.3,28.8,22.8,0,1.3899
11.05.12,310.0,0,21.2,22.4,28.5,22.9,0,1.3905
11.05.12,320.0,0,21.3,22.5,28.5,22.9,0,1.3910999999999998
11.05.12,330.0,0,21,22.3,28.5,22.9,0,1.3914
11.05.12,340.0,0,20.8,22.2,28.4,22.8,0,1.3917
11.05.12,350.0,0,20.6,22.1,28.3,22.7,0,1.392
11.05.12,360.0,0,20.4,22.1,28.2,22.6,0,1.3922999999999999
11.05.12,370.0,0,20.8,22.2,28.1,22.7,0,1.3922999999999999
11.05.12,380.0,0,20.7,22.1,28.1,22.6,0,1.3926
11.05.12,390.0,0,21,22.2,28,22.7,0,1.3926
11.05.12,400.0,0,21.1,22.2,27.9,22.7,0,1.3929
11.05.12,410.0,0,20.9,22.1,27.9,22.6,0,1.3929
11.05.12,420.0,0,20.6,22,27.9,22.5,0,1.3929
11.05.12,430.0,0,20.5,22.1,27.9,22.5,0,1.3929
11.05.12,440.0,0,20.8,22.2,27.7,22.6,0,1.3929
11.05.12,450.0,0,21.2,22.2,27.6,22.6,0,1.3931999999999998
11.05.12,460.0,1,21.6,22.4,27.6,22.7,0,1.8576
11.05.12,470.0,7,21.9,22.5,27.5,22.7,0,20.9295
11.05.12,480.0,19,21.8,22.4,27.5,22.7,0,63.0855
11.05.12,490.0,37,21.6,22.4,27.3,22.6,0,126.5645
11.05.12,500.0,56,21.9,22.8,27.2,22.6,0,196.68480000000002
11.05.12,510.0,73,22.4,23,27.2,22.8,0,258.00300000000004
11.05.12,520.0,88,23,23.1,27.1,23,0,312.1024
11.05.12,530.0,108,23.7,23.5,27.1,23.2,0,388.0592
11.05.12,540.0,134,24.3,23.7,27,23.4,0,485.85880000000003
11.05.12,550.0,169,25.3,24.1,27,23.6,0,614.8530000000001
11.05.12,560.0,202,26.1,24.3,27,23.8,0,738.4798
11.05.12,570.0,235,27.2,24.8,27,23.9,0,861.9590000000001
11.05.12,580.0,254,28.2,25.2,27.1,24.2,0,931.3155000000002
11.05.12,590.0,298,29.5,26,27.2,24.6,0,1099.0241999999998
11.05.12,600.0,330,30.7,25.9,27.2,24.7,0,1218.5537
11.05.12,610.0,365,31.7,26.5,27.3,25,366,1341.4350000000002
11.05.12,620.0,399,33,27.1,27.4,25.3,1269,1439.1702000000002
11.05.12,630.0,432,34.4,27.7,27.5,25.7,1215,1556.2134
11.05.12,640.0,464,35.8,28.1,27.6,26.2,1161,1685.6994000000002
11.05.12,650.0,497,36.2,28.5,27.7,26.6,1131,1804.6313999999998
11.05.12,660.0,528,37.8,29.1,27.8,27.1,1149,1921.3496000000002
11.05.12,670.0,554,38.9,29.6,28,27.5,1125,2025.1552000000001
11.05.12,680.0,582,39.6,30.1,28.1,28.1,1122,2124.971
11.05.12,690.0,609,40.5,30.8,28.2,28.9,1110,2228.2545999999998
11.05.12,700.0,635,41.2,31,28.3,29.1,1134,2333.175
11.05.12,710.0,662,42.3,32,28.5,29.8,1197,2425.8743999999997
11.05.12,720.0,683,43.5,31.9,28.7,30,1236,2506.6375
11.05.12,730.0,704,44.7,32.8,28.8,30.5,1206,2580.0299999999997
11.05.12,740.0,726,45.6,33.2,28.9,30.7,1206,2667.6240000000003
11.05.12,750.0,743,46.3,33.6,29.1,31.3,1224,2736.0879
11.05.12,760.0,763,47.9,34.4,29.2,31.7,1224,2800.486
11.05.12,770.0,779,48.2,34.4,29.4,32,1212,2860.3575
11.05.12,780.0,792,49.6,35.7,29.6,32.5,1227,2921.6256
11.05.12,790.0,806,49.9,35.6,29.8,32.7,1212,2962.4161
11.05.12,800.0,816,52.3,36.9,29.9,33.8,1215,3011.2268999999997
11.05.12,810.0,822,52.6,36.7,30.1,33.8,1194,3027.648
11.05.12,820.0,823,51.7,37,30.3,34,1185,3032.8933
11.05.12,830.0,829,53.3,38,30.5,34.8,1188,3062.7819
11.05.12,840.0,831,53.6,38.2,30.7,35.1,1197,3067.8451999999997
11.05.12,850.0,828,52.9,37.6,30.9,35.1,1206,3061.3734000000004
11.05.12,860.0,816,52.9,38.7,31.2,35.3,1227,3010.6032
11.05.12,870.0,814,53,38.4,31.3,36.3,1251,2997.2513999999996
11.05.12,880.0,809,54.8,39.9,31.6,36.3,1197,2988.0488
11.05.12,890.0,802,53.9,39.4,32.1,36.1,1170,2955.7968
11.05.12,900.0,792,52.8,39.1,32.1,36.4,1164,2916.1962000000003
11.05.12,910.0,779,54.4,39.9,32.2,36.8,1161,2873.978
11.05.12,920.0,764,52.2,39.7,32.8,36.5,1134,2814.1719
11.05.12,930.0,748,51.2,39.3,33,36.4,1134,2762.2908
11.05.12,940.0,728,49.9,39.2,33.2,36.5,1107,2677.6412
11.05.12,950.0,707,50.4,39.4,33.3,36.8,237,2635.2316
11.05.12,960.0,689,50,39,33.3,36.9,0,2585.4416
11.05.12,970.0,667,51,39.5,33.2,37.3,0,2491.3871999999997
11.05.12,980.0,641,50.3,39.2,33.4,37.2,0,2394.726
11.05.12,990.0,615,49.6,39.1,33.6,37.1,0,2304.1962
11.05.12,1000.0,589,48.9,39.2,33.8,37.3,0,2198.4642
11.05.12,1010.0,565,49.1,39.6,33.9,37.5,0,2111.5119999999997
11.05.12,1020.0,533,48.5,39.4,34.1,37.6,0,1985.0639999999999
11.05.12,1030.0,502,47.6,39.2,34.2,37.5,0,1868.9252999999997
11.05.12,1040.0,467,46.5,39,34.4,37.6,0,1746.4244999999999
11.05.12,1050.0,434,45.2,38.8,34.6,37.5,0,1617.6468
11.05.12,1060.0,400,44.6,38.7,34.7,37.6,0,1493.4324
11.05.12,1070.0,365,43.5,38.2,34.8,37.3,0,1366.9488
11.05.12,1080.0,333,42.5,37.9,35,37.1,0,1243.0675
11.05.12,1090.0,296,41.3,37.7,35.1,37.1,0,1109.6169
11.05.12,1100.0,259,40.7,37.5,35.1,37,0,968.184
11.05.12,1110.0,226,39.9,37,35,36.8,0,841.435
11.05.12,1120.0,194,38.8,36.9,35.2,36.5,0,722.4901
11.05.12,1130.0,163,37.7,36.4,35.2,36.1,0,601.2167999999999
11.05.12,1140.0,133,36.5,36.1,35.2,35.5,0,489.1104
11.05.12,1150.0,108,35.5,35.8,35.1,35.2,0,393.8345
11.05.12,1160.0,86,34.7,35.2,35.1,34.7,0,307
11.05.12,1170.0,67,34,34.8,35,34.6,0,236.74
11.05.12,1180.0,51,33.2,34.1,35,34.1,0,178.95600000000002
11.05.12,1190.0,37,32.6,33.5,34.9,33.7,0,131.9094
11.05.12,1200.0,26,31.8,32.9,34.8,33.3,0,89.52260000000001
11.05.12,1210.0,15,31.1,32.4,34.8,32.9,0,48.8268
11.05.12,1220.0,6,30.4,31.9,34.7,32.5,0,15.7408
11.05.12,1230.0,1,29.7,31.2,34.7,31.8,114,1.9596000000000002
11.05.12,1240.0,0,29.1,30.8,34.6,31.3,1572,1.8980000000000001
11.05.12,1250.0,0,28.7,30.4,34.6,31,1788,1.8908000000000003
11.05.12,1260.0,0,28.4,30.1,34.6,30.7,2019,2.3525
11.05.12,1270.0,0,28.2,29.8,34.5,30.4,2112,2.3455
11.05.12,1280.0,0,27.8,29.5,34.5,30.1,2094,2.8097999999999996
11.05.12,1290.0,0,27.4,29.1,34.4,29.8,2154,2.8026
11.05.12,1300.0,0,27.1,28.9,34.4,29.5,2223,2.7954
11.05.12,1310.0,0,26.9,28.7,34.3,29.3,2217,2.7906
11.05.12,1320.0,0,26.6,28.5,34.2,29.1,2172,2.787
11.05.12,1330.0,0,26.4,28.2,34.2,28.8,2139,2.7834
11.05.12,1340.0,0,26.1,28,34.1,28.5,2181,2.7773999999999996
11.05.12,1350.0,0,25.8,27.7,34.1,28.3,2166,2.7731999999999997
11.05.12,1360.0,0,25.6,27.6,34,28.2,2091,2.7708
11.05.12,1370.0,0,25.7,27.6,33.9,28.2,2094,2.3055
11.05.12,1380.0,0,25.4,27.2,33.8,27.9,2076,2.302
11.05.12,1390.0,0,25,26.9,33.7,27.6,2037,2.2995
11.05.12,1400.0,0,25,26.9,33.7,27.5,2064,2.2945
11.05.12,1410.0,0,24.9,26.7,33.5,27.3,2073,2.29
11.05.12,1420.0,0,24.7,26.5,33.4,27.1,2046,2.2870000000000004
11.05.12,1430.0,0,24.5,26.2,33.3,26.8,2028,2.283
11.05.12,1440.0,0,24.1,26,33.1,26.6,2019,2.279
12.05.12,10.0,0,23.8,25.7,33.1,26.3,1959,2.2765
12.05.12,20.0,0,23.5,25.5,33.1,26,1905,2.274
12.05.12,30.0,0,23.3,25.4,33,25.9,1821,2.2725000000000004
12.05.12,40.0,0,23.5,25.4,32.8,25.9,1761,2.27
12.05.12,50.0,0,23.7,25.3,32.6,25.8,1725,2.2670000000000003
12.05.12,60.0,0,23.5,25,32.5,25.5,1614,2.2665
12.05.12,70.0,0,23.2,24.8,32.3,25.2,1665,2.2605
12.05.12,80.0,0,23.1,24.6,32.1,25,1635,1.8052000000000001
12.05.12,90.0,0,22.9,24.4,32.1,24.9,1605,2.2520000000000002
12.05.12,100.0,0,22.6,24.3,32,24.7,1557,1.798
12.05.12,110.0,0,22.4,24.1,31.9,24.6,1533,2.2425
12.05.12,120.0,0,22.2,23.9,31.8,24.4,1524,2.236
12.05.12,130.0,0,22.2,23.8,31.6,24.2,1521,2.229
12.05.12,140.0,0,22.1,23.6,31.5,24.1,1491,2.2225
12.05.12,150.0,0,21.9,23.5,31.4,23.9,1521,2.213
12.05.12,160.0,0,21.8,23.4,31.2,23.8,1554,2.202
12.05.12,170.0,0,21.6,23.2,31.2,23.7,1530,2.192
12.05.12,180.0,0,21.6,23.1,31.1,23.5,1440,2.1845
12.05.12,190.0,0,21.5,23,30.9,23.4,1077,1.7564
12.05.12,200.0,0,21.3,22.9,30.9,23.3,0,1.3656000000000001
12.05.12,210.0,0,21.1,22.8,30.8,23.2,0,1.3734
12.05.12,220.0,0,21.1,22.7,30.7,23.1,0,1.3779
12.05.12,230.0,0,20.9,22.6,30.6,23.1,0,1.3812
12.05.12,240.0,0,20.9,22.5,30.5,23,0,1.3836
12.05.12,250.0,0,20.8,22.5,30.4,22.9,0,1.3854
12.05.12,260.0,0,20.8,22.4,30.3,22.8,0,1.3868999999999998
12.05.12,270.0,0,20.8,22.3,30.1,22.8,0,1.3881000000000001
12.05.12,280.0,0,20.8,22.3,29.9,22.8,0,1.3889999999999998
12.05.12,290.0,0,20.7,22.2,29.7,22.7,0,1.3896
12.05.12,300.0,0,20.6,22.2,29.7,22.6,0,1.3902
12.05.12,310.0,0,20.6,22.1,29.6,22.6,0,1.3908
12.05.12,320.0,0,20.5,22.1,29.6,22.6,0,1.3914
12.05.12,330.0,0,20.4,22.1,29.5,22.5,0,1.3917
12.05.12,340.0,0,20.4,22,29.3,22.4,0,1.3917
12.05.12,350.0,0,20.3,21.9,29.3,22.4,0,1.392
12.05.12,360.0,0,20.3,21.9,29.3,22.3,0,1.3922999999999999
12.05.12,370.0,0,20.3,21.8,29.1,22.3,0,1.3926
12.05.12,380.0,0,20.4,21.9,29.2,22.3,0,1.3926
12.05.12,390.0,0,20.7,22.1,29.2,22.4,0,1.3929
12.05.12,400.0,0,20.8,22.2,28.9,22.5,0,1.3929
12.05.12,410.0,0,20.6,22.1,28.6,22.5,0,1.3929
12.05.12,420.0,0,20.4,22,28.6,22.4,0,1.3929
12.05.12,430.0,0,20.2,21.9,28.6,22.3,0,1.3931999999999998
12.05.12,440.0,0,20.1,21.8,28.4,22.2,0,1.3931999999999998
12.05.12,450.0,0,19.9,21.6,28.3,22,0,1.3931999999999998
12.05.12,460.0,3,19.8,21.4,28.1,21.9,0,4.6450000000000005
12.05.12,470.0,9,19.7,21.4,28.1,21.8,0,28.3955
12.05.12,480.0,20,20,21.5,28,21.8,0,67.831
12.05.12,490.0,33,20.6,21.8,27.9,22,0,115.6938
12.05.12,500.0,53,21,22.1,27.9,22.1,0,193.725
12.05.12,510.0,70,21.6,22.4,27.7,22.3,0,255.52800000000002
12.05.12,520.0,90,22.3,22.6,27.6,22.5,0,328.7478
12.05.12,530.0,114,23.2,23,27.6,22.7,0,412.3405
12.05.12,540.0,141,24.1,23.3,27.5,23,0,508.99899999999997
12.05.12,550.0,171,25.1,23.8,27.5,23.3,0,623.4390000000001
12.05.12,560.0,203,26.2,24.3,27.5,23.7,0,742.3086
12.05.12,570.0,237,27.3,24.8,27.6,24.1,0,868.2016
12.05.12,580.0,272,28.5,25.2,27.7,24.5,0,997.5329999999999
12.05.12,590.0,309,29.9,25.8,27.7,24.9,0,1140.0809
12.05.12,600.0,344,31.6,26.7,27.9,25.4,0,1269.321
12.05.12,610.0,379,33.6,27.7,27.9,25.7,636,1387.3965
12.05.12,620.0,415,35.8,28.4,27.9,26,1203,1495.624
12.05.12,630.0,450,37.5,29.3,28,26.4,1155,1626.9771000000003
12.05.12,640.0,484,40,30,28.1,27,1158,1757.3076999999998
12.05.12,650.0,517,40.6,30.1,28.2,27.2,1152,1877.3135
12.05.12,660.0,549,41.1,30.7,28.4,27.7,1137,1995.6888
12.05.12,670.0,579,40.9,30.8,28.5,27.8,1137,2115.517
12.05.12,680.0,611,42.1,31.6,28.6,28.5,1182,2227.068
12.05.12,690.0,641,42.9,31.8,28.8,29,1155,2348.7961999999998
12.05.12,700.0,666,43.7,32.4,28.9,29.5,1158,2435.1725
12.05.12,710.0,692,43.7,32.4,29.1,29.6,1158,2537.1921
12.05.12,720.0,715,45.1,33.4,29.3,30,1146,2628.0505
12.05.12,730.0,736,46.1,33.8,29.5,30.5,1146,2699.996
12.05.12,740.0,756,48,34.5,29.6,30.8,1128,2782.2771
12.05.12,750.0,774,47.3,34.4,29.8,31.3,1173,2844.27
12.05.12,760.0,791,48.6,35.2,30,31.4,1236,2905.0256
12.05.12,770.0,805,49.6,35.3,30.2,32,1245,2967.084
12.05.12,780.0,819,49.7,35.6,30.3,32.4,1218,3013.0758
12.05.12,790.0,829,49.7,35.4,30.5,32.5,1233,3048.826
12.05.12,800.0,835,50.4,36,30.7,32.6,1215,3083.9130000000005
12.05.12,810.0,842,49.8,36,30.8,33.3,1197,3104.982
12.05.12,820.0,847,50.7,36.7,31.1,33.5,1206,3134.0036
12.05.12,830.0,849,51.5,37.1,31.3,33.8,1200,3131.8559999999998
12.05.12,840.0,848,51.3,37.7,31.5,34.4,1146,3131.5583
12.05.12,850.0,847,51.8,37.8,31.7,35,1083,3142.1744000000003
12.05.12,860.0,847,50.9,37.8,32,35.6,1143,3131.5862
12.05.12,870.0,842,52.3,38.9,32.1,36,1170,3115.6788
12.05.12,880.0,835,54,39.3,32.2,36.3,1107,3093.9519
12.05.12,890.0,826,52.9,39.2,32.5,36.4,1095,3054.428
12.05.12,900.0,816,53.4,39.8,32.5,37.5,1095,3023.35
12.05.12,910.0,804,53.1,39.8,32.7,37.4,1116,2967.6094
12.05.12,920.0,788,53.5,40.3,33,37.6,1137,2909.2921
12.05.12,930.0,769,53.2,40.5,33.2,38,678,2861.8615000000004
12.05.12,940.0,747,51.6,39.6,33.6,37.6,0,2804.9204
12.05.12,950.0,730,51,39.7,33.7,37.9,0,2740.5204
12.05.12,960.0,705,50.2,39.4,33.9,37.5,0,2654.8073999999997
12.05.12,970.0,681,49.7,39.1,34.1,37.5,0,2555.576
12.05.12,980.0,653,49.2,39.5,34.3,37.6,0,2459.369
12.05.12,990.0,625,47.9,38.5,34.5,37.1,0,2347.1169
12.05.12,1000.0,598,46.6,38.5,34.6,37,0,2247.0682
12.05.12,1010.0,568,46.7,38.4,34.7,37.2,0,2139.7584
12.05.12,1020.0,537,46.3,38.4,34.9,37.3,0,2017.2205000000001
12.05.12,1030.0,506,45.3,38,35,36.8,0,1907.2599
12.05.12,1040.0,476,45.2,38.4,35,37.3,0,1801.9733999999999
12.05.12,1050.0,441,44.7,38.3,35.2,37.4,0,1670.3260000000002
12.05.12,1060.0,406,43.9,38,35.3,37.4,0,1545.8678
12.05.12,1070.0,371,42.9,37.6,35.4,37,0,1408.5900000000001
12.05.12,1080.0,336,42.4,37.6,35.4,37.1,0,1277.7978
12.05.12,1090.0,299,41,37.2,35.5,36.7,0,1136.172
12.05.12,1100.0,263,40.4,37.2,35.6,36.6,0,994.9716
12.05.12,1110.0,229,39.5,36.8,35.6,36.5,0,862.9954
12.05.12,1120.0,196,38.5,36.5,35.6,36.2,0,736.1122
12.05.12,1130.0,163,37.5,36.2,35.6,35.8,0,606.6954
12.05.12,1140.0,133,36.1,35.6,35.5,35,0,494.832
12.05.12,1150.0,108,34.7,34.7,35.4,34,0,394.7536
12.05.12,1160.0,85,33.4,33.7,35.2,33.3,0,308.2777
12.05.12,1170.0,67,32.4,33,35.1,32.7,0,236.97300000000004
12.05.12,1180.0,51,31.6,32.3,35,32.2,0,179.784
12.05.12,1190.0,38,30.7,31.6,34.9,31.6,0,134.433
12.05.12,1200.0,27,29.9,30.7,34.9,31,0,93.8385
12.05.12,1210.0,16,29,29.9,34.8,30.3,0,53.955000000000005
12.05.12,1220.0,7,28.2,29.3,34.6,29.7,0,18.2632
12.05.12,1230.0,2,27.5,28.8,34.6,29.2,519,1.9480000000000002
12.05.12,1240.0,0,27.1,28.4,34.6,28.8,1482,1.9068
12.05.12,1250.0,0,26.5,27.9,34.3,28.4,1890,1.8936000000000002
12.05.12,1260.0,0,26,27.5,33.9,28,2073,2.3575
12.05.12,1270.0,0,25.7,27.2,34,27.6,2184,2.3495000000000004
12.05.12,1280.0,0,25.4,26.8,33.8,27.3,2238,2.8122
12.05.12,1290.0,0,25.1,26.5,33.8,27,2304,2.8044000000000002
12.05.12,1300.0,0,24.8,26.2,33.7,26.7,2304,2.7996
12.05.12,1310.0,0,24.5,26,33.5,26.4,2307,2.7942
12.05.12,1320.0,0,24.2,25.7,33.5,26.2,2343,2.7876
12.05.12,1330.0,0,24,25.5,33.2,25.9,2346,2.7821999999999996
12.05.12,1340.0,0,23.7,25.2,33,25.7,2340,2.7773999999999996
12.05.12,1350.0,0,23.6,25,33,25.5,2364,2.7714
12.05.12,1360.0,0,23.4,24.9,33,25.3,2316,2.7678000000000003
12.05.12,1370.0,0,23.2,24.8,33,25.2,2328,2.7624
12.05.12,1380.0,0,23.1,24.7,32.8,25.1,2268,2.7588
12.05.12,1390.0,0,23,24.5,32.8,25,2232,2.7552
12.05.12,1400.0,0,22.8,24.4,32.7,24.8,2232,2.7497999999999996
12.05.12,1410.0,0,22.7,24.3,32.5,24.7,2226,2.745
12.05.12,1420.0,0,22.6,24.2,32.3,24.6,2133,2.7432
12.05.12,1430.0,0,22.5,24.1,32.2,24.5,2109,2.7384
12.05.12,1440.0,0,22.3,23.9,32.1,24.4,2076,2.279
13.05.12,10.0,0,22.2,23.8,32,24.3,2013,2.7318
13.05.12,20.0,0,22.1,23.7,31.9,24.2,1926,2.2745
13.05.12,30.0,0,21.9,23.6,31.8,24,1851,2.273
13.05.12,40.0,0,21.9,23.5,31.6,24,1788,2.2710000000000004
13.05.12,50.0,0,21.7,23.4,31.5,23.8,1743,2.2685
13.05.12,60.0,0,21.6,23.3,31.4,23.7,1707,2.2655000000000003
13.05.12,70.0,0,21.5,23.2,31.2,23.6,1710,2.2605
13.05.12,80.0,0,21.4,23.1,31.1,23.6,1674,1.8056
13.05.12,90.0,0,21.4,23,31,23.5,1680,1.8016
13.05.12,100.0,0,21.3,23,30.9,23.4,1638,1.798
13.05.12,110.0,0,21.4,22.9,30.7,23.4,1563,1.7952000000000001
13.05.12,120.0,0,21.3,22.8,30.6,23.3,1542,1.7904
13.05.12,130.0,0,21.2,22.7,30.5,23.2,1533,1.7848
13.05.12,140.0,0,21.1,22.7,30.4,23.1,1533,2.2235
13.05.12,150.0,0,20.8,22.6,30.4,23,1584,1.7704
13.05.12,160.0,0,20.8,22.5,30.2,23,1614,2.2015000000000002
13.05.12,170.0,0,20.8,22.4,30.1,22.8,1494,2.196
13.05.12,180.0,0,20.7,22.3,29.9,22.7,1515,2.185
13.05.12,190.0,0,20.6,22.2,29.9,22.7,1527,1.7372
13.05.12,200.0,0,20.5,22.1,30,22.6,597,1.7775999999999998
13.05.12,210.0,0,20.4,22.1,29.8,22.5,0,1.3677000000000001
13.05.12,220.0,0,20.3,22,29.8,22.4,0,1.3739999999999999
13.05.12,230.0,0,20.1,21.8,29.8,22.3,0,1.3781999999999999
13.05.12,240.0,0,20,21.8,29.8,22.2,0,1.3812
13.05.12,250.0,0,19.8,21.7,29.7,22.1,0,1.3836
13.05.12,260.0,0,19.8,21.6,29.6,22,0,1.3854
13.05.12,270.0,0,19.7,21.4,29.5,21.9,0,1.3865999999999998
13.05.12,280.0,0,19.6,21.4,29.5,21.8,0,1.3878
13.05.12,290.0,0,19.6,21.3,29.4,21.8,0,1.3889999999999998
13.05.12,300.0,0,19.8,21.4,29.1,21.8,0,1.3896
13.05.12,310.0,0,19.8,21.3,29,21.8,0,1.3902
13.05.12,320.0,0,19.7,21.2,28.9,21.7,0,1.3908
13.05.12,330.0,0,19.5,21.1,29,21.6,0,1.3914
13.05.12,340.0,0,19.5,21,28.9,21.5,0,1.3917
13.05.12,350.0,0,19.5,20.9,28.7,21.5,0,1.392
13.05.12,360.0,0,19.6,21.1,28.5,21.6,0,1.392
13.05.12,370.0,0,19.6,21.1,28.4,21.6,0,1.3922999999999999
13.05.12,380.0,0,19.4,20.8,28.3,21.5,0,0.9284
13.05.12,390.0,0,19.1,20.6,28.3,21.3,0,1.3926
13.05.12,400.0,0,19.2,20.7,28.2,21.3,0,0.9286
13.05.12,410.0,0,19.5,20.9,28,21.4,0,0.9286
13.05.12,420.0,0,19.6,21,27.9,21.5,0,1.3929
13.05.12,430.0,0,19.6,21.1,27.7,21.5,0,0.9288
13.05.12,440.0,0,19.7,21.1,27.6,21.6,0,1.3931999999999998
13.05.12,450.0,0,19.7,21.1,27.5,21.6,0,0.9288
13.05.12,460.0,2,19.8,21.2,27.4,21.6,0,3.2515000000000005
13.05.12,470.0,8,19.9,21.1,27.4,21.5,0,24.6609
13.05.12,480.0,21,19.7,21,27.4,21.4,0,68.7519
13.05.12,490.0,35,19.9,21.2,27.3,21.4,0,119.97749999999998
13.05.12,500.0,49,20.1,21.2,27.3,21.5,0,170.9364
13.05.12,510.0,58,20.4,21.5,27.2,21.7,0,205.065
13.05.12,520.0,89,21,21.9,27,21.9,0,328.4127
13.05.12,530.0,119,22.1,22.3,26.8,22.1,0,447.63840000000005
13.05.12,540.0,140,23,22.5,26.7,22.3,0,509.10599999999994
13.05.12,550.0,157,23.6,22.8,26.7,22.5,0,565.4868
13.05.12,560.0,199,24.7,23.1,26.7,22.7,0,721.9056
13.05.12,570.0,237,26.1,24,26.7,23.3,0,859.0778000000001
13.05.12,580.0,271,27.3,24.6,26.8,23.7,0,987.895
13.05.12,590.0,306,28.1,24.8,26.8,23.9,0,1113.984
13.05.12,600.0,342,29.4,25.4,26.9,24.4,0,1245.7651
13.05.12,610.0,377,30.8,26.3,27,24.9,543,1365.903
13.05.12,620.0,413,32.7,26.9,27.2,25.6,1218,1471.6064
13.05.12,630.0,446,33.7,27.3,27.3,25.9,1140,1600.0869999999998
13.05.12,640.0,481,34.9,28,27.4,26.4,1113,1727.3923
13.05.12,650.0,513,36.4,28.9,27.5,27.1,1098,1846.656
13.05.12,660.0,546,38,29.7,27.7,27.8,1089,1976.0268
13.05.12,670.0,576,39.5,30.4,27.8,28.5,1077,2082.381
13.05.12,680.0,607,40.2,30.6,27.9,28.7,1062,2202.4192000000003
13.05.12,690.0,633,41.2,31.2,28,29,1065,2306.7912
13.05.12,700.0,660,42.4,31.8,28.1,29.5,1053,2399.5281999999997
13.05.12,710.0,686,44.5,33.2,28.3,30.4,1047,2504.591
13.05.12,720.0,707,47.4,34.1,28.4,31.2,1038,2573.7138
13.05.12,730.0,728,48.7,34,28.6,32,1023,2652.6501
13.05.12,740.0,748,50.6,34.4,28.8,32.6,1020,2738.3981
13.05.12,750.0,768,49.7,35.2,28.9,32.3,1014,2805.6528000000003
13.05.12,760.0,785,51.1,36.3,29.1,33.1,1011,2874.2175
13.05.12,770.0,802,53.3,36.8,29.3,33.9,1014,2946.5034
13.05.12,780.0,814,53.4,36.9,29.5,34,1023,2982.3066
13.05.12,790.0,821,53.4,37.2,29.7,34.3,1137,3016.7927999999997
13.05.12,800.0,827,52.7,37.2,29.8,34.4,1173,3030.6059999999998
13.05.12,810.0,833,53.8,38.2,30,35.3,1215,3051.048
13.05.12,820.0,839,56.7,39.1,30.3,36.2,1308,3079.4616
13.05.12,830.0,842,56.5,39.1,30.5,36.2,1320,3082.0377000000003
13.05.12,840.0,842,55.9,39.9,30.6,36.4,1314,3082.6072
13.05.12,850.0,839,59.7,40,31,37.9,1278,3076.9794
13.05.12,860.0,838,57.9,40,31.2,37.2,1284,3065.3574
13.05.12,870.0,833,58.7,40.3,31.4,37.8,1296,3057.7369999999996
13.05.12,880.0,823,60.5,41.1,31.7,39.6,1275,3007.6264
13.05.12,890.0,811,57.3,40.2,31.7,37.6,1263,2966.6220000000003
13.05.12,900.0,801,55.7,41.1,32.3,37.6,1251,2937.6578000000004
13.05.12,910.0,790,55.7,40.5,32.1,37.7,1269,2886.1316
13.05.12,920.0,776,54.7,40.5,32.2,37.9,1266,2832.75
13.05.12,930.0,756,55.8,41.7,32.6,38.3,1236,2765.7712
13.05.12,940.0,736,60.2,42.5,32.7,40.6,303,2714.0379999999996
13.05.12,950.0,713,59.2,42.1,33.1,40.3,0,2653.2797
13.05.12,960.0,691,56.5,42.3,33.1,39.7,0,2563.6527
13.05.12,970.0,671,57.3,41.8,33.3,39.6,0,2486.2896
13.05.12,980.0,644,53.8,41.5,33.8,39,0,2397.54
13.05.12,990.0,617,52.2,41.2,33.8,39.3,0,2293.4595
13.05.12,1000.0,586,51.8,41.6,34.2,39,0,2167.2569999999996
13.05.12,1010.0,556,50.7,41.1,34.4,38.4,0,2062.2306000000003
13.05.12,1020.0,526,48.7,40.2,34.6,38.2,0,1949.1384
13.05.12,1030.0,492,46.4,39.3,34.8,37.6,0,1834.5887000000002
13.05.12,1040.0,461,44.7,38.3,34.8,37.2,0,1714.9804
13.05.12,1050.0,427,43.5,37.8,34.9,36.7,0,1593.4065
13.05.12,1060.0,394,42.8,37.8,34.9,36.7,0,1473.183
13.05.12,1070.0,360,42.1,37.4,35,36.5,0,1342.3068
13.05.12,1080.0,326,41.2,37.2,35.1,36.3,0,1214.4275
13.05.12,1090.0,291,40.3,36.8,35.2,36.2,0,1088.3737999999998
13.05.12,1100.0,257,39.6,36.8,35.2,36.1,0,955.392
13.05.12,1110.0,224,38.8,36.3,35.3,35.8,0,836.3433000000001
13.05.12,1120.0,191,37.3,35.2,35.2,34.9,0,710.6129999999999
13.05.12,1130.0,161,35.8,34.2,35.1,34.1,0,595.4148
13.05.12,1140.0,134,34.9,34.1,35,33.7,0,493.6608
13.05.12,1150.0,110,34.2,33.9,35,33.5,0,400.2554
13.05.12,1160.0,88,33.4,33.5,34.9,33.1,0,319.5264
13.05.12,1170.0,70,32.7,33.2,34.9,33,0,252.3528
13.05.12,1180.0,54,32.2,33,34.9,33,822,189.657
13.05.12,1190.0,41,31.6,32.2,34.8,32.4,1149,140.4349
13.05.12,1200.0,28,30.3,30.8,34.7,31.1,1188,96.5762
13.05.12,1210.0,17,28.9,29.6,34.6,29.9,1212,54.866499999999995
13.05.12,1220.0,7,27.8,28.7,34.5,29,1233,20.480900000000002
13.05.12,1230.0,2,26.9,27.9,34.4,28.3,1290,2.8518
13.05.12,1240.0,0,26.1,27.1,34.1,27.5,1536,1.8928
13.05.12,1250.0,0,25.5,26.6,34,27,1782,1.8840000000000001
13.05.12,1260.0,0,25,26.2,33.9,26.6,2079,2.3425000000000002
13.05.12,1270.0,0,24.6,25.9,33.8,26.2,2220,2.3345
13.05.12,1280.0,0,24.3,25.6,33.7,25.9,2283,2.7936
13.05.12,1290.0,0,24.2,25.4,33.6,25.7,2262,2.7894
13.05.12,1300.0,0,23.9,25.2,33.5,25.6,2286,2.7834
13.05.12,1310.0,0,23.7,25,33.4,25.3,2271,2.7792
13.05.12,1320.0,0,23.6,24.8,33.3,25.2,2232,2.775
13.05.12,1330.0,0,23.4,24.7,33.2,25.1,2175,2.7725999999999997
13.05.12,1340.0,0,23.2,24.6,32.9,24.9,2151,2.7683999999999997
13.05.12,1350.0,0,23.1,24.5,32.7,24.9,2115,2.7654
13.05.12,1360.0,0,22.9,24.3,32.4,24.8,2082,2.7618
13.05.12,1370.0,0,22.8,24.2,32.2,24.7,2064,2.7576
13.05.12,1380.0,0,22.7,24.2,31.9,24.6,2058,2.7528
13.05.12,1390.0,0,22.7,24.1,31.9,24.6,2061,2.7479999999999998
13.05.12,1400.0,0,22.6,24.1,31.8,24.5,2046,2.7432
13.05.12,1410.0,0,22.6,24,31.7,24.5,2043,2.7384
13.05.12,1420.0,0,22.5,23.9,31.6,24.4,2052,2.277
13.05.12,1430.0,0,22.4,23.9,31.5,24.4,1896,2.2775
13.05.12,1440.0,0,22.4,23.8,31.3,24.3,1809,2.2765
14.05.12,10.0,0,22.3,23.8,31.2,24.3,1791,2.273
14.05.12,20.0,0,22.3,23.8,31.1,24.2,1791,2.2685
14.05.12,30.0,0,22.6,23.8,31,24.3,1821,2.263
14.05.12,40.0,0,23,24,30.8,24.4,1818,2.258
14.05.12,50.0,0,23.1,24.1,30.6,24.5,1734,2.2555
14.05.12,60.0,0,22.8,23.9,30.4,24.4,1722,2.2505
14.05.12,70.0,0,22.9,24,30.5,24.4,1671,2.246
14.05.12,80.0,0,23.5,24.2,30.4,24.5,1650,1.7919999999999998
14.05.12,90.0,0,23.7,24.3,30.1,24.6,1632,1.7864
14.05.12,100.0,0,23.8,24.4,30.1,24.7,1683,2.2235
14.05.12,110.0,0,23.9,24.5,30,24.8,1620,2.217
14.05.12,120.0,0,23.9,24.4,29.8,24.7,1425,1.7736
14.05.12,130.0,0,23.8,24.3,29.7,24.6,1524,1.7631999999999999
14.05.12,140.0,0,23.8,24.3,29.6,24.6,1503,1.756
14.05.12,150.0,0,23.8,24.3,29.5,24.6,1491,1.7468000000000001
14.05.12,160.0,0,23.7,24.3,29.4,24.6,1470,1.7376
14.05.12,170.0,0,23.7,24.2,29.2,24.5,249,1.3488
14.05.12,180.0,0,23.6,24.2,29.2,24.5,0,1.3698
14.05.12,190.0,0,23.6,24.2,29.2,24.5,0,1.3755
14.05.12,200.0,0,23.6,24.2,29.1,24.5,0,1.3791
14.05.12,210.0,0,23.6,24.2,28.9,24.5,0,1.3820999999999999
14.05.12,220.0,0,23.7,24.2,28.9,24.6,0,1.3841999999999999
14.05.12,230.0,0,23.7,24.2,28.8,24.6,0,1.3857
14.05.12,240.0,0,23.7,24.3,28.8,24.6,0,1.3872
14.05.12,250.0,0,23.7,24.3,28.7,24.6,0,1.3881000000000001
14.05.12,260.0,0,23.7,24.3,28.6,24.6,0,1.3889999999999998
14.05.12,270.0,0,23.7,24.3,28.9,24.6,0,1.3899
14.05.12,280.0,0,23.7,24.3,28.8,24.6,0,1.3905
14.05.12,290.0,0,23.7,24.3,28.8,24.6,0,1.3908
14.05.12,300.0,0,23.7,24.3,28.8,24.6,0,1.3914
14.05.12,310.0,0,23.7,24.3,28.7,24.6,0,1.3917
14.05.12,320.0,0,23.7,24.3,28.6,24.6,0,1.392
14.05.12,330.0,0,23.7,24.3,28.5,24.6,0,1.392
14.05.12,340.0,0,23.7,24.3,28.4,24.7,0,1.3922999999999999
14.05.12,350.0,0,23.7,24.4,28.4,24.7,0,1.3922999999999999
14.05.12,360.0,0,23.7,24.3,28.4,24.7,0,1.3926
14.05.12,370.0,0,23.7,24.3,28.4,24.7,0,1.3926
14.05.12,380.0,0,23.7,24.3,28.3,24.7,0,1.3929
14.05.12,390.0,0,23.7,24.3,28.2,24.7,0,1.3929
14.05.12,400.0,0,23.6,24.3,28.2,24.7,0,1.3929
14.05.12,410.0,0,23.6,24.3,28.1,24.6,0,1.3929
14.05.12,420.0,0,23.5,24.2,28,24.6,0,1.3929
14.05.12,430.0,0,23.4,24.1,27.9,24.5,0,1.3929
14.05.12,440.0,0,23.4,24,27.8,24.4,0,1.3931999999999998
14.05.12,450.0,0,23.2,23.9,27.7,24.4,0,1.3931999999999998
14.05.12,460.0,2,22.9,23.8,27.7,24.3,0,2.7863999999999995
14.05.12,470.0,9,22.6,23.7,27.5,24.2,0,25.1262
14.05.12,480.0,20,22.7,23.7,27.4,24.2,0,66.8811
14.05.12,490.0,35,23.3,24,27.4,24.3,0,119.01119999999999
14.05.12,500.0,59,23.6,24.2,27.4,24.3,0,205.62449999999998
14.05.12,510.0,86,24.3,24.5,27.3,24.4,0,302.88599999999997
14.05.12,520.0,109,25.1,24.8,27.4,24.6,0,388.69739999999996
14.05.12,530.0,126,25.7,25.1,27.3,24.8,0,447.45
14.05.12,540.0,141,26.2,25.4,27.3,24.9,0,505.0872
14.05.12,550.0,166,26.6,25.5,27.2,24.9,0,596.9535999999999
14.05.12,560.0,194,27.4,25.9,27.3,25.1,0,698.6501999999999
14.05.12,570.0,224,28.3,26.2,27.2,25.3,0,810.2133
14.05.12,580.0,256,29.2,26.6,27.2,25.5,0,928.9090000000001
14.05.12,590.0,290,30.2,27.1,27.3,25.8,0,1050.7904
14.05.12,600.0,325,30.9,27.3,27.4,26,0,1183.6374
14.05.12,610.0,358,31.7,27.5,27.5,26.1,69,1302.6979000000001
14.05.12,620.0,394,33.3,28.3,27.6,26.4,1293,1397.0034000000003
14.05.12,630.0,424,34.5,28.6,27.7,26.6,1188,1511.4384
14.05.12,640.0,455,35.2,29,27.8,26.8,1125,1622.9571999999998
14.05.12,650.0,486,35.7,29,27.8,26.9,1107,1740.2219999999998
14.05.12,660.0,517,36.6,29.3,27.9,27.1,1083,1866.2939999999999
14.05.12,670.0,546,37.8,29.8,28.1,27.6,1074,1970.9728
14.05.12,680.0,576,38.5,30.2,28.2,27.9,1047,2089.3257
14.05.12,690.0,601,40.2,30.7,28.3,28.1,1032,2181.3894
14.05.12,700.0,628,41.2,31.2,28.5,28.6,1032,2281.8468000000003
14.05.12,710.0,650,41.8,31.6,28.7,29,1035,2373.5807999999997
14.05.12,720.0,674,41.7,31.5,28.8,29.1,1029,2459.4190000000003
14.05.12,730.0,695,42.7,32,29,29.3,1023,2538.2988
14.05.12,740.0,713,43.5,32.5,29.1,29.7,1029,2618.0544
14.05.12,750.0,730,44,33,29.3,30,1023,2675.3376
14.05.12,760.0,748,43.9,33,29.5,30.4,1029,2751.808
14.05.12,770.0,760,45.3,33.3,29.6,30.6,1041,2790.5256
14.05.12,780.0,773,46.7,34,29.8,30.8,1056,2836.8900000000003
14.05.12,790.0,781,46.8,34.3,29.9,31.4,1062,2877.4206
14.05.12,800.0,791,46.4,34.1,30.1,31.4,1053,2907.5895
14.05.12,810.0,799,46.6,34.7,30.4,32,1068,2937.7616
14.05.12,820.0,802,48,35.3,30.6,31.9,1065,2956.902
14.05.12,830.0,808,48.1,35.3,30.7,31.9,1083,2973.4847999999997
14.05.12,840.0,809,48.1,35.4,30.9,32.1,1062,2989.3725
14.05.12,850.0,808,47.6,35.5,31.1,32.3,1029,2978.5294
14.05.12,860.0,805,47.1,35.4,31.2,32.5,1020,2972.0022
14.05.12,870.0,801,47.6,35.9,31.4,32.8,1050,2964.1079999999997
14.05.12,880.0,791,47.7,35.8,31.5,32.7,1053,2920.4013
14.05.12,890.0,785,47.7,36.2,31.8,33.3,1038,2900.076
14.05.12,900.0,772,47.8,36.5,32,33.6,1032,2859.815
14.05.12,910.0,759,47.4,36.3,32.1,33.6,1080,2799.0162
14.05.12,920.0,738,47.7,36.6,32.2,33.8,1089,2729.7759
14.05.12,930.0,721,47.1,36.8,32.4,34,1113,2659.0803
14.05.12,940.0,703,46.5,36.6,32.5,33.9,303,2621.9388000000004
14.05.12,950.0,684,47.3,37.2,32.7,34.4,0,2565.8427
14.05.12,960.0,661,47.2,37.1,32.8,34.5,0,2475.2595
14.05.12,970.0,637,46.4,36.9,33,34.4,0,2386.1492
14.05.12,980.0,612,46,37,33.1,34.5,0,2299.0968
14.05.12,990.0,586,45.7,36.9,33.2,34.6,0,2195.1955
14.05.12,1000.0,559,45.2,37.2,33.3,34.7,0,2099.4613
14.05.12,1010.0,527,44.6,36.7,33.4,34.7,0,1973.1075
14.05.12,1020.0,498,43.6,36.5,33.5,34.6,0,1865.8804
14.05.12,1030.0,468,42.9,36.6,33.6,34.8,0,1764.5633
14.05.12,1040.0,437,42.7,36.5,33.7,34.8,0,1640.174
14.05.12,1050.0,403,41.4,35.9,33.8,34.5,0,1513.3602
14.05.12,1060.0,371,40.4,35.8,33.8,34.6,0,1397.747
14.05.12,1070.0,342,39.6,35.5,33.9,34.3,0,1286.831
14.05.12,1080.0,305,39,35.4,33.9,34.4,0,1149.633
14.05.12,1090.0,274,38.3,35.2,34,34.3,0,1031.15
14.05.12,1100.0,243,37.6,34.9,34,34.1,0,914.0748
14.05.12,1110.0,214,36.7,34.3,34,33.7,0,805.0208
14.05.12,1120.0,185,35.6,33.9,34,33.4,0,693.2933999999999
14.05.12,1130.0,158,34.8,33.6,33.9,33.4,0,588.0324
14.05.12,1140.0,133,34.2,33.4,33.9,33,0,496.5822
14.05.12,1150.0,113,33.2,32.8,33.9,32.6,0,418.31339999999994
14.05.12,1160.0,93,32.5,32.2,33.8,32.1,0,344.55499999999995
14.05.12,1170.0,74,31.6,31.5,33.8,31.6,0,272.6528
14.05.12,1180.0,57,30.8,31.1,33.8,31.3,0,207.29250000000002
14.05.12,1190.0,41,30.1,30.6,33.8,30.9,0,147.3192
14.05.12,1200.0,27,29.4,30.2,33.7,30.6,0,94.71690000000001
14.05.12,1210.0,15,28.8,29.8,33.7,30.2,0,49.9142
14.05.12,1220.0,6,28.2,29.3,33.6,29.7,0,15.2768
14.05.12,1230.0,1,27.7,28.9,33.6,29.4,1041,1.9192
14.05.12,1240.0,0,27.1,28.5,33.5,29,1491,1.9016
14.05.12,1250.0,0,26.7,28.1,33.4,28.5,1764,2.3649999999999998
14.05.12,1260.0,0,26.4,27.8,33.4,28.2,1938,2.355
14.05.12,1270.0,0,26,27.4,33.3,27.9,2028,2.8182
14.05.12,1280.0,0,25.6,27.1,33.2,27.5,2034,2.8134
14.05.12,1290.0,0,25.3,26.7,33.2,27.1,2073,2.8068
14.05.12,1300.0,0,25,26.5,33.1,26.9,2211,2.7971999999999997
14.05.12,1310.0,0,24.7,26.2,33,26.6,2199,2.7923999999999998
14.05.12,1320.0,0,24.4,26,33,26.5,2178,2.7882
14.05.12,1330.0,0,24.1,25.7,32.9,26.2,2202,2.7828
14.05.12,1340.0,0,23.9,25.5,32.9,25.9,2220,2.7773999999999996
14.05.12,1350.0,0,23.6,25.2,32.8,25.7,2244,2.7714
14.05.12,1360.0,0,23.4,25.1,32.7,25.5,2226,2.7666
14.05.12,1370.0,0,23.2,24.9,32.7,25.3,2193,2.763
14.05.12,1380.0,0,23,24.7,32.6,25.1,2202,2.7582
14.05.12,1390.0,0,22.9,24.6,32.5,25,2172,2.754
14.05.12,1400.0,0,22.7,24.4,32.5,24.9,2175,2.7486
14.05.12,1410.0,0,22.6,24.3,32.3,24.7,2163,2.7438
14.05.12,1420.0,0,22.4,24.2,32.3,24.6,2121,2.7402
14.05.12,1430.0,0,22.2,24.1,32.2,24.5,2115,2.279
14.05.12,1440.0,0,22.1,24,32.1,24.4,2085,2.275
15.05.12,10.0,0,22,23.9,31.9,24.4,2073,2.2710000000000004
15.05.12,20.0,0,21.9,23.9,31.8,24.3,1974,2.2695000000000003
15.05.12,30.0,0,22,23.9,31.6,24.4,1821,2.27
15.05.12,40.0,0,22,23.8,31.4,24.3,1755,2.2685
15.05.12,50.0,0,22,23.7,31.3,24.2,1671,2.2670000000000003
15.05.12,60.0,0,22,23.6,31,24.2,1647,2.2635
15.05.12,70.0,0,21.8,23.5,31,24,1605,1.8084
15.05.12,80.0,0,21.6,23.3,31,23.8,1614,2.2555
15.05.12,90.0,0,21.5,23.2,31,23.7,1587,2.2515
15.05.12,100.0,0,21.5,23.1,30.7,23.6,1536,2.247
15.05.12,110.0,0,21.5,23.1,30.6,23.6,1494,1.794
15.05.12,120.0,0,21.4,23,30.5,23.5,1488,1.7884
15.05.12,130.0,0,21.4,23,30.4,23.4,1491,1.7828
15.05.12,140.0,0,21.3,22.9,30.3,23.4,1515,2.2195
15.05.12,150.0,0,21.2,22.8,30.2,23.3,1581,2.2075
15.05.12,160.0,0,21.3,22.8,30.2,23.3,1503,2.2005
15.05.12,170.0,0,21.2,22.8,30.1,23.3,1446,2.1940000000000004
15.05.12,180.0,0,21.4,23,29.9,23.4,1494,2.179
15.05.12,190.0,0,21.6,23,29.8,23.5,99,1.3596
15.05.12,200.0,0,22,23.2,29.8,23.6,0,1.3737
15.05.12,210.0,0,22.3,23.3,29.7,23.7,0,1.3788
15.05.12,220.0,0,22.1,23.2,29.7,23.6,0,1.3820999999999999
15.05.12,230.0,0,22.1,23.2,29.6,23.6,0,1.3844999999999998
15.05.12,240.0,0,21.7,23,29.5,23.5,0,1.3865999999999998
15.05.12,250.0,0,21.3,22.8,29.4,23.4,0,1.3881000000000001
15.05.12,260.0,0,21.1,22.7,29.3,23.3,0,1.3893
15.05.12,270.0,0,21,22.6,29.2,23.2,0,1.3902
15.05.12,280.0,0,20.7,22.4,29.1,23,0,1.3908
15.05.12,290.0,0,20.5,22.3,29.1,23,0,1.3917
15.05.12,300.0,0,20.2,22.1,29.1,22.8,0,1.392
15.05.12,310.0,0,19.9,22,29.1,22.7,0,1.3922999999999999
15.05.12,320.0,0,19.9,21.9,29.1,22.6,0,1.3926
15.05.12,330.0,0,19.9,22,29,22.5,0,1.3929
15.05.12,340.0,0,20.3,22.1,29,22.5,0,1.3931999999999998
15.05.12,350.0,0,21,22.3,28.9,22.7,0,1.3935
15.05.12,360.0,0,21.4,22.5,28.8,22.8,0,1.3935
15.05.12,370.0,0,21.3,22.4,28.7,22.9,0,1.3938
15.05.12,380.0,0,21.3,22.5,28.5,22.9,0,1.3938
15.05.12,390.0,0,21.1,22.4,28.3,22.9,0,1.3938
15.05.12,400.0,0,21.1,22.4,28.2,22.9,0,1.3941
15.05.12,410.0,0,20.9,22.3,28.1,22.9,0,1.3941
15.05.12,420.0,0,20.6,22.2,28.1,22.8,0,1.3941
15.05.12,430.0,0,20.2,22.1,28.1,22.6,0,1.3941
15.05.12,440.0,0,20.2,21.9,28,22.6,0,1.3941
15.05.12,450.0,0,19.9,21.8,28,22.4,0,1.3941
15.05.12,460.0,2,19.5,21.6,28,22.2,0,4.183199999999999
15.05.12,470.0,9,19.4,21.5,27.9,22.1,0,27.016399999999997
15.05.12,480.0,20,20,21.6,27.5,22,0,67.86
15.05.12,490.0,33,20.5,21.9,27.5,22.2,0,117.65
15.05.12,500.0,49,20.9,22.3,27.7,22.4,0,174.2787
15.05.12,510.0,67,21.7,22.6,27.6,22.6,0,236.6
15.05.12,520.0,87,22.5,23,27.5,22.8,0,309.8652
15.05.12,530.0,109,23.4,23.3,27.4,23.1,0,391.545
15.05.12,540.0,133,24.3,23.8,27.3,23.3,0,480.457
15.05.12,550.0,160,25.2,24.1,27.3,23.6,0,578.4797
15.05.12,560.0,188,26.1,24.5,27.2,23.8,0,682.5341
15.05.12,570.0,210,27.2,24.8,27.3,24.1,0,763.8435000000001
15.05.12,580.0,249,28.1,25.2,27.3,24.3,0,905.1371999999999
15.05.12,590.0,288,29.3,25.6,27.3,24.7,0,1049.7763
15.05.12,600.0,319,30.4,26.1,27.4,25.1,0,1167.6423
15.05.12,610.0,351,31.4,26.5,27.5,25.3,105,1285.8688000000002
15.05.12,620.0,386,32,26.6,27.6,25.5,1239,1381.4185
15.05.12,630.0,420,33.5,27.7,27.6,25.8,1209,1505.9025
15.05.12,640.0,450,34.7,27.8,27.7,26.1,1173,1614.2441999999999
15.05.12,650.0,478,36.1,28.4,27.8,26.5,1185,1725.7063999999998
15.05.12,660.0,508,37.3,28.9,27.9,26.9,1149,1836.0888
15.05.12,670.0,541,38.2,28.9,28,27.2,1134,1958.0616000000002
15.05.12,680.0,569,39.1,29.7,28.1,27.4,1122,2069.955
15.05.12,690.0,594,41.5,30.7,28.2,28.1,1167,2157.2396999999996
15.05.12,700.0,617,42,30.8,28.4,28.4,1230,2242.4769
15.05.12,710.0,641,42.1,30.8,28.5,28.3,1242,2338.087
15.05.12,720.0,667,42.9,31.5,28.6,28.7,1218,2431.7622
15.05.12,730.0,691,43.8,31.6,28.8,28.8,1212,2529.4060999999997
15.05.12,740.0,707,44.8,32.4,28.9,29.7,1164,2584.8327999999997
15.05.12,750.0,729,45,32.9,29.1,29.7,1188,2665.507
15.05.12,760.0,743,46.3,33.4,29.2,29.9,1188,2726.7636
15.05.12,770.0,753,46.6,33.2,29.4,30.3,1194,2754.922
15.05.12,780.0,766,46.5,34.1,29.6,30.7,1209,2805.9456
15.05.12,790.0,776,46.1,34,29.8,31.1,1185,2853.4636
15.05.12,800.0,781,46.2,34.1,30,31.2,1209,2871.8271999999997
15.05.12,810.0,785,47.6,34.8,30.2,31.5,1251,2887.49
15.05.12,820.0,787,47.8,34.8,30.2,32.2,1266,2885.1669
15.05.12,830.0,782,46.5,34.6,30.5,32.2,1209,2872.0133
15.05.12,840.0,785,47.8,34.9,30.5,32.4,1236,2888.7907999999998
15.05.12,850.0,780,46.9,35,30.8,32.6,1215,2864.7064
15.05.12,860.0,773,47.4,35.4,31,32.7,1218,2839.432
15.05.12,870.0,766,47,35.3,31.1,32.8,1224,2825.1296
15.05.12,880.0,755,48.1,36.4,31.4,33.3,1203,2773.2168
15.05.12,890.0,762,48.7,36,31.4,33.5,1161,2805.8925
15.05.12,900.0,754,47.9,36.4,31.7,33.9,1161,2772.3942
15.05.12,910.0,740,47.6,36.2,31.8,34.1,1179,2719.133
15.05.12,920.0,727,47.4,36.5,32,34.2,1173,2679.0455999999995
15.05.12,930.0,710,46.9,36.2,32.2,34,1164,2608.803
15.05.12,940.0,690,47.1,36.9,32.4,34.3,1140,2536.5826
15.05.12,950.0,669,46.6,36.9,32.5,34.2,603,2481.9454
15.05.12,960.0,646,46.3,36.7,32.7,34.2,0,2408.1012
15.05.12,970.0,622,45.3,36.5,32.8,34.6,0,2331.1926
15.05.12,980.0,594,44.7,36.6,33,34.4,0,2218.6530000000002
15.05.12,990.0,565,44.3,36.2,33,34.6,0,2111.8848
15.05.12,1000.0,536,43.7,36.3,33.2,34.4,0,2008.7792000000002
15.05.12,1010.0,508,43.8,36.3,33.2,34.5,0,1895.2990000000002
15.05.12,1020.0,478,42.9,36.1,33.3,34.6,0,1786.4286
15.05.12,1030.0,450,42.3,36,33.4,34.6,0,1685.5209
15.05.12,1040.0,418,41.5,35.7,33.5,34.4,0,1562.7402
15.05.12,1050.0,387,40.8,35.6,33.6,34.3,0,1449.6924
15.05.12,1060.0,353,40.1,35.5,33.6,34.3,0,1314.4638
15.05.12,1070.0,322,39.5,35.1,33.7,34.3,0,1200.474
15.05.12,1080.0,292,38.2,34.7,33.8,34,0,1089.62
15.05.12,1090.0,266,37.7,34.6,33.8,33.9,0,990.4377
15.05.12,1100.0,234,37.1,34.4,33.8,33.7,0,868.7719999999999
15.05.12,1110.0,206,36.5,34.3,33.8,33.6,0,767.2402
15.05.12,1120.0,179,35.6,33.9,33.8,33.5,237,656.8686
15.05.12,1130.0,154,35,33.7,33.8,33.4,1137,550.278
15.05.12,1140.0,133,34.1,33,33.8,32.9,927,472.262
15.05.12,1150.0,111,33.2,32.7,33.8,32.6,918,391.689
15.05.12,1160.0,91,32.4,32.1,33.7,32.1,906,319.9599
15.05.12,1170.0,73,31.5,31.7,33.7,31.8,900,255.7326
15.05.12,1180.0,56,30.7,31,33.6,31.2,891,197.414
15.05.12,1190.0,41,29.8,30.3,33.5,30.6,846,143.31
15.05.12,1200.0,27,29,29.7,33.4,30.1,804,91.6416
15.05.12,1210.0,15,28.2,29.2,33.4,29.6,801,47.1933
15.05.12,1220.0,6,27.5,28.7,33.4,29.1,819,14.7591
15.05.12,1230.0,1,27,28.3,33.3,28.7,1128,1.8936000000000002
15.05.12,1240.0,0,26.6,28,33.2,28.4,1422,1.8840000000000001
15.05.12,1250.0,0,26.3,27.6,33.1,28.1,1788,2.3405
15.05.12,1260.0,0,25.9,27.3,33.1,27.7,1947,2.7984
15.05.12,1270.0,0,25.6,26.9,33,27.4,2067,2.7894
15.05.12,1280.0,0,25.3,26.6,32.9,27,2157,2.7804
15.05.12,1290.0,0,25,26.2,32.8,26.6,2154,2.7756
15.05.12,1300.0,0,24.7,25.9,32.8,26.3,2124,2.7720000000000002
15.05.12,1310.0,0,24.4,25.7,32.7,26.1,2130,2.766
15.05.12,1320.0,0,24.1,25.6,32.7,25.9,2154,2.7605999999999997
15.05.12,1330.0,0,24,25.4,32.5,25.8,2169,2.7545999999999995
15.05.12,1340.0,0,23.8,25.2,32.4,25.6,2142,2.7504
15.05.12,1350.0,0,23.6,25,32.4,25.4,2148,2.7444
15.05.12,1360.0,0,23.5,24.8,32.3,25.2,2136,2.7396
15.05.12,1370.0,0,23.3,24.6,32,25,2070,2.7359999999999998
15.05.12,1380.0,0,23.1,24.5,31.8,24.9,2022,2.277
15.05.12,1390.0,0,23,24.3,31.7,24.7,1998,2.7276
15.05.12,1400.0,0,22.9,24.2,31.6,24.6,1971,2.269
15.05.12,1410.0,0,22.7,24.1,31.6,24.5,1956,2.2645
15.05.12,1420.0,0,22.6,24,31.3,24.4,1977,2.7095999999999996
15.05.12,1430.0,0,22.5,23.9,31.4,24.3,1950,2.7036000000000002
15.05.12,1440.0,0,22.4,23.8,31.2,24.2,1938,2.697
16.05.12,10.0,0,22.3,23.7,31.1,24.1,1854,2.6928
16.05.12,20.0,0,22.2,23.6,31,24,1779,2.2395
16.05.12,30.0,0,22.1,23.6,31,24,1779,2.2325
16.05.12,40.0,0,22,23.5,31,23.9,1794,2.2239999999999998
16.05.12,50.0,0,21.9,23.5,31,23.9,1812,2.2135000000000002
16.05.12,60.0,0,21.8,23.4,30.9,23.8,1626,2.211
16.05.12,70.0,0,21.7,23.4,30.9,23.8,1596,2.2030000000000003
16.05.12,80.0,0,21.7,23.3,30.8,23.7,1587,2.192
16.05.12,90.0,0,21.7,23.3,30.8,23.7,1560,2.18
16.05.12,100.0,0,21.7,23.3,30.5,23.7,1500,2.1695
16.05.12,110.0,0,21.7,23.2,30.4,23.6,222,1.3499999999999999
16.05.12,120.0,0,21.5,23,30.4,23.6,0,1.3703999999999998
16.05.12,130.0,0,21.3,22.9,30.3,23.5,0,1.3760999999999999
16.05.12,140.0,0,21.3,22.9,30.2,23.5,0,1.3797
16.05.12,150.0,0,21.4,22.9,30.1,23.4,0,1.3823999999999999
16.05.12,160.0,0,21.5,22.9,30,23.4,0,1.3844999999999998
16.05.12,170.0,0,21.4,22.9,29.9,23.4,0,1.3860000000000001
16.05.12,180.0,0,21.3,22.8,29.8,23.3,0,1.3872
16.05.12,190.0,0,21.1,22.8,29.8,23.2,0,1.3884
16.05.12,200.0,0,21.1,22.7,29.7,23.2,0,1.3889999999999998
16.05.12,210.0,0,20.9,22.6,29.6,23.1,0,1.3896
16.05.12,220.0,0,20.8,22.5,29.6,23,0,1.3902
16.05.12,230.0,0,20.7,22.4,29.4,22.9,0,1.3908
16.05.12,240.0,0,20.7,22.4,29.3,22.9,0,1.3910999999999998
16.05.12,250.0,0,20.7,22.3,29.3,22.8,0,1.3914
16.05.12,260.0,0,20.4,22.1,29.2,22.7,0,1.3917
16.05.12,270.0,0,20.1,21.9,29.1,22.5,0,1.3917
16.05.12,280.0,0,19.9,22,29.2,22.5,0,1.392
16.05.12,290.0,0,20.2,22.1,29.1,22.5,0,1.3922999999999999
16.05.12,300.0,0,20.2,22,28.9,22.5,0,1.3922999999999999
16.05.12,310.0,0,20.2,22,28.8,22.5,0,1.3922999999999999
16.05.12,320.0,0,20.3,22,28.7,22.5,0,1.3926
16.05.12,330.0,0,20.4,22,28.6,22.5,0,1.3926
16.05.12,340.0,0,20.3,22,28.5,22.5,0,1.3926
16.05.12,350.0,0,20.4,22.1,28.4,22.5,0,1.3926
16.05.12,360.0,0,20.3,22,28.3,22.5,0,1.3926
16.05.12,370.0,0,20.1,22,28.4,22.4,0,1.3926
16.05.12,380.0,0,19.9,21.9,28.4,22.4,0,1.3929
16.05.12,390.0,0,19.7,21.9,28.3,22.4,0,1.3929
16.05.12,400.0,0,19.8,21.9,28.2,22.3,0,1.3929
16.05.12,410.0,0,19.9,21.8,28.1,22.3,0,1.3929
16.05.12,420.0,0,19.8,21.7,28.1,22.2,0,1.3929
16.05.12,430.0,0,19.5,21.6,28.1,22.1,0,1.3929
16.05.12,440.0,0,19.2,21.3,28.1,22,0,1.3929
16.05.12,450.0,0,18.9,21.2,28,21.9,0,1.3929
16.05.12,460.0,2,19,21.2,27.9,21.7,0,4.1796
16.05.12,470.0,9,19,21.2,27.5,21.7,0,26.5221
16.05.12,480.0,20,19.3,21.3,27.4,21.8,0,66.8811
16.05.12,490.0,35,19.7,21.6,27.5,22,0,121.85949999999998
16.05.12,500.0,53,20.3,22.3,27.6,22.1,0,188.0152
16.05.12,510.0,73,21,22.8,27.5,22.3,0,250.796
16.05.12,520.0,87,22.2,23.6,27.5,23,0,309.669
16.05.12,530.0,107,24,24.1,27.4,23.4,0,385.13159999999993
16.05.12,540.0,132,25.8,24.5,27.4,23.7,0,476.3508
16.05.12,550.0,157,27.1,24.7,27.4,23.9,0,567.6306
16.05.12,560.0,185,27.2,25.1,27.3,23.9,0,670.6339999999999
16.05.12,570.0,216,28.4,25.5,27.3,24.3,0,786.8595
16.05.12,580.0,247,29.1,25.7,27.3,24.6,0,898.989
16.05.12,590.0,277,30.2,26,27.4,24.7,0,1010.5644
16.05.12,600.0,308,30.8,26.5,27.4,25,0,1126.7334
16.05.12,610.0,356,32.5,27.3,27.4,25.1,237,1299.6452
16.05.12,620.0,386,34.9,27.9,27.5,25.6,1293,1378.3518000000001
16.05.12,630.0,413,34.5,27.8,27.5,25.7,1254,1471.8374999999999
16.05.12,640.0,446,35,28.2,27.6,26,1239,1592.6184999999998
16.05.12,650.0,473,36,28.3,27.7,26.3,1209,1701.8157
16.05.12,660.0,506,36.8,28.7,27.8,26.5,1197,1820.96
16.05.12,670.0,540,38.6,29.5,27.9,27.1,1242,1945.0639999999996
16.05.12,680.0,565,39.1,30.1,28,27.4,1212,2047.3056
16.05.12,690.0,595,40.5,30.2,28.1,27.7,1269,2150.6466
16.05.12,700.0,619,43.4,31.4,28.3,28.3,1263,2245.5935999999997
16.05.12,710.0,646,44.7,32,28.4,28.8,1245,2339.5785
16.05.12,720.0,672,45.2,32.2,28.6,29.1,1224,2440.0236
16.05.12,730.0,697,45.8,32.4,28.7,29.6,1206,2540.5925999999995
16.05.12,740.0,712,47.3,33,28.8,30.1,1188,2588.097
16.05.12,750.0,727,48.6,33.9,29,30.5,1182,2645.6202
16.05.12,760.0,753,47.8,33.3,29.2,30.5,1167,2753.4925
16.05.12,770.0,763,49.4,34.7,29.4,31,1164,2786.287
16.05.12,780.0,770,51.4,35.5,29.7,31.7,1125,2819.8324000000002
16.05.12,790.0,773,52,35.7,29.7,31.8,1152,2821.6095
16.05.12,800.0,780,50.9,35.4,30,32,1155,2850.0263
16.05.12,810.0,785,51.5,35.9,30.1,32.4,1155,2880.0142
16.05.12,820.0,788,50.5,36.3,30.4,32.6,1152,2888.052
16.05.12,830.0,794,51,36.6,30.6,33.4,1143,2909.1708
16.05.12,840.0,804,50.8,37.1,30.9,33.4,1101,2961.411
16.05.12,850.0,741,50.1,36.4,31,33.5,1071,2715.4134
16.05.12,860.0,643,47.9,36.3,31.2,33.5,1059,2358.2650000000003
16.05.12,870.0,650,47.7,36.3,31.1,33.7,1053,2377.6293
16.05.12,880.0,617,48.6,36.8,31.3,34.3,1050,2252.0378
16.05.12,890.0,466,45,36.7,31.7,34.4,1044,1695.5686
16.05.12,900.0,658,47.3,37.2,31.8,34.7,1032,2403.3168
16.05.12,910.0,510,45.8,36.8,31.9,34.4,1050,1847.6457
16.05.12,920.0,739,49,37.9,32.1,35.1,1068,2713.115
16.05.12,930.0,683,49.7,38.2,32.5,35.2,1053,2491.9894999999997
16.05.12,940.0,690,49.9,38.6,32.5,35.6,1062,2524.5418
16.05.12,950.0,670,49.6,38,32.6,35.6,972,2443.8236
16.05.12,960.0,647,48.5,37.8,32.8,35.9,0,2394.714
16.05.12,970.0,621,48.2,38.2,33,36.1,0,2304.7295999999997
16.05.12,980.0,596,46.2,37.1,33.3,35.7,0,2212.2748
16.05.12,990.0,572,45.6,37.6,33.4,35.5,0,2123.3956
16.05.12,1000.0,547,45.3,37.4,33.6,35.5,0,2036.5595999999998
16.05.12,1010.0,513,44.9,37,33.6,35.6,0,1904.9498999999998
16.05.12,1020.0,474,43.6,36.6,33.7,35.2,0,1766.7832
16.05.12,1030.0,458,43.3,36.8,33.8,35.1,0,1701.3786
16.05.12,1040.0,427,42.8,36.2,33.9,35.2,0,1587.1764
16.05.12,1050.0,392,41.1,35.9,34,34.8,0,1460.412
16.05.12,1060.0,275,39.3,35.3,34.1,34.5,0,1016.6688
16.05.12,1070.0,223,36.7,34.5,34,33.9,0,819.451
16.05.12,1080.0,162,36.1,34.1,34,33.8,0,594.167
16.05.12,1090.0,107,34.2,33.4,33.9,33.3,0,390.848
16.05.12,1100.0,106,33.6,33.2,33.9,33.1,0,387.14169999999996
16.05.12,1110.0,158,34.2,33.2,33.9,33,0,579.3732
16.05.12,1120.0,178,35.1,33.4,33.9,33.2,0,653.283
16.05.12,1130.0,151,34.7,33.3,34,33.1,0,553.446
16.05.12,1140.0,127,34.1,33.2,34,33,0,461.8314
16.05.12,1150.0,105,33.4,32.8,33.9,32.7,0,380.70200000000006
16.05.12,1160.0,85,32.6,32.4,33.9,32.3,0,305.3512
16.05.12,1170.0,67,31.9,31.9,33.9,32,0,241.316
16.05.12,1180.0,52,31.2,31.3,33.9,31.5,0,185.4808
16.05.12,1190.0,38,30.4,30.7,33.8,31,0,134.83540000000002
16.05.12,1200.0,26,29.6,30.2,33.7,30.5,0,89.85300000000001
16.05.12,1210.0,15,28.8,29.6,33.7,30,0,48.98
16.05.12,1220.0,6,28.2,29.1,33.6,29.4,0,16.1271
16.05.12,1230.0,2,27.6,28.6,33.6,28.9,534,1.9296000000000002
16.05.12,1240.0,0,27.1,28.1,33.5,28.5,1395,1.8912
16.05.12,1250.0,0,26.6,27.8,33.4,28.1,1692,2.3510000000000004
16.05.12,1260.0,0,26.3,27.6,33.3,27.9,1734,2.3465000000000003
16.05.12,1270.0,0,26.1,27.3,33.2,27.6,1953,2.336
16.05.12,1280.0,0,25.9,27.1,33.2,27.4,2049,2.7942
16.05.12,1290.0,0,25.6,26.8,33.1,27.2,2037,2.79
16.05.12,1300.0,0,25.4,26.5,33,26.9,2052,2.784
16.05.12,1310.0,0,25.2,26.3,33,26.7,2055,2.7786
16.05.12,1320.0,0,25,26.1,32.8,26.5,2013,2.313
16.05.12,1330.0,0,24.8,25.9,32.8,26.3,2058,2.7689999999999997
16.05.12,1340.0,0,24.5,25.6,32.8,26,2124,2.7612
16.05.12,1350.0,0,24.2,25.3,32.6,25.7,2133,2.7558
16.05.12,1360.0,0,24.1,25.2,32.5,25.5,2142,2.2915
16.05.12,1370.0,0,23.9,25,32.4,25.4,2118,2.288
16.05.12,1380.0,0,23.8,24.9,32.4,25.3,2109,2.2835
16.05.12,1390.0,0,23.7,24.8,32.3,25.2,2130,2.7336
16.05.12,1400.0,0,23.6,24.7,32.2,25.1,2118,2.7281999999999997
16.05.12,1410.0,0,23.5,24.6,32.2,25,2112,2.7216
16.05.12,1420.0,0,23.4,24.5,32,24.9,2079,2.7168
16.05.12,1430.0,0,23.3,24.4,31.8,24.8,2055,2.7114
16.05.12,1440.0,0,23.2,24.4,31.7,24.7,2073,2.7036000000000002
17.05.12,10.0,0,23.2,24.3,31.8,24.7,1917,2.2525
17.05.12,20.0,0,23.1,24.3,31.5,24.7,1845,2.249
17.05.12,30.0,0,23.1,24.2,31.5,24.6,1776,2.2455
17.05.12,40.0,0,22.9,24.1,31.4,24.5,1731,2.241
17.05.12,50.0,0,22.8,24.1,31.4,24.5,1701,2.2350000000000003
17.05.12,60.0,0,22.8,24,31.1,24.4,1680,2.2285
17.05.12,70.0,0,22.7,23.9,30.9,24.3,1623,2.222
17.05.12,80.0,0,22.7,23.8,30.9,24.2,1566,2.216
17.05.12,90.0,0,22.6,23.7,30.7,24.1,1539,2.2075
17.05.12,100.0,0,22.6,23.7,30.5,24.1,1530,2.1975000000000002
17.05.12,110.0,0,22.5,23.6,30.5,24,1515,2.1855
17.05.12,120.0,0,22.4,23.6,30.5,24,1509,2.172
17.05.12,130.0,0,22.3,23.5,30.4,23.9,60,1.3593
17.05.12,140.0,0,22.3,23.5,30.3,23.9,0,1.3731
17.05.12,150.0,0,22.3,23.4,30.2,23.8,0,1.3781999999999999
17.05.12,160.0,0,22.2,23.4,30.1,23.8,0,1.3818
17.05.12,170.0,0,22.1,23.4,30,23.7,0,1.3841999999999999
17.05.12,180.0,0,22,23.3,30.1,23.7,0,1.3860000000000001
17.05.12,190.0,0,22,23.3,29.9,23.7,0,1.3875
17.05.12,200.0,0,21.9,23.2,29.9,23.7,0,1.3886999999999998
17.05.12,210.0,0,21.9,23.2,29.8,23.6,0,1.3896
17.05.12,220.0,0,21.9,23.2,29.7,23.6,0,1.3902
17.05.12,230.0,0,21.9,23.1,29.5,23.5,0,1.3908
17.05.12,240.0,0,21.8,23,29.5,23.4,0,1.3914
17.05.12,250.0,0,21.5,22.9,29.5,23.4,0,1.3917
17.05.12,260.0,0,21.5,22.9,29.4,23.4,0,1.392
17.05.12,270.0,0,21.4,22.8,29.4,23.3,0,1.3922999999999999
17.05.12,280.0,0,21,22.7,29.4,23.2,0,1.3926
17.05.12,290.0,0,20.6,22.5,29.4,23.2,0,1.3926
17.05.12,300.0,0,20.7,22.6,29.2,23.1,0,1.3926
17.05.12,310.0,0,21.2,22.8,29.2,23.3,0,1.3929
17.05.12,320.0,0,21.6,23,29.2,23.6,0,1.3929
17.05.12,330.0,0,21.3,23,29.2,23.5,0,1.3929
17.05.12,340.0,0,20.8,22.9,29.2,23.4,0,1.3931999999999998
17.05.12,350.0,0,20.7,22.8,29.1,23.3,0,1.3931999999999998
17.05.12,360.0,0,20.6,22.7,29,23.3,0,1.3931999999999998
17.05.12,370.0,0,20.3,22.7,29,23.2,0,1.3931999999999998
17.05.12,380.0,0,20.3,22.4,28.9,23.1,0,1.3931999999999998
17.05.12,390.0,0,20,22.3,28.8,22.9,0,1.3931999999999998
17.05.12,400.0,0,20,22.5,28.7,23,0,1.3931999999999998
17.05.12,410.0,0,20.4,22.6,28.7,23,0,1.3931999999999998
17.05.12,420.0,0,20.7,22.7,28.7,23.1,0,1.3931999999999998
17.05.12,430.0,0,20.9,22.8,28.6,23.2,0,1.3931999999999998
17.05.12,440.0,0,21,22.8,28.5,23.3,0,1.3931999999999998
17.05.12,450.0,0,21.2,22.8,28.4,23.3,0,1.3931999999999998
17.05.12,460.0,1,21.3,22.8,28.4,23.2,0,1.3931999999999998
17.05.12,470.0,6,21.2,22.9,28.3,23.3,0,13.947000000000001
17.05.12,480.0,17,21.7,23,28.2,23.3,0,53.215199999999996
17.05.12,490.0,25,21.9,23.1,28.3,23.6,0,82.0925
17.05.12,500.0,26,22,23.3,28.2,23.5,0,86.93150000000001
17.05.12,510.0,29,22.1,23.3,28.1,23.5,0,97.7808
17.05.12,520.0,49,22.7,23.5,28.1,23.6,0,167.85399999999998
17.05.12,530.0,68,23.9,23.9,27.9,23.8,0,237.24519999999998
17.05.12,540.0,89,25.2,24.3,27.9,24.1,0,311.02380000000005
17.05.12,550.0,97,26,24.5,27.8,24.3,0,340.992
17.05.12,560.0,100,26.6,24.8,27.8,24.5,0,349.5168
17.05.12,570.0,116,27.3,25.1,27.8,24.9,0,409.40720000000005
17.05.12,580.0,140,28.5,25.6,27.8,25.2,0,493.30089999999996
17.05.12,590.0,126,28.4,25.6,27.7,25,0,444.4055
17.05.12,600.0,160,29,26.1,27.8,25.3,0,567.9879
17.05.12,610.0,173,30.3,26.6,27.8,25.9,0,615.8842000000001
17.05.12,620.0,212,32.2,27.4,27.8,27.1,0,759.5233999999999
17.05.12,630.0,229,32.9,27.5,27.8,26.9,0,821.5163
17.05.12,640.0,299,34.3,27.9,27.9,27.3,0,1075.9712
17.05.12,650.0,244,34.9,28.2,28,28,0,877.4856000000001
17.05.12,660.0,265,34.9,28.5,28.1,28.4,0,954.715
17.05.12,670.0,424,37.3,29.6,28.2,29,684,1529.3733
17.05.12,680.0,461,41.4,30.8,28.2,30.2,1215,1648.4887999999999
17.05.12,690.0,372,39.9,30.4,28.3,30.4,1197,1314.2718000000002
17.05.12,700.0,489,42.4,31.3,28.4,30.9,1173,1749.0800000000002
17.05.12,710.0,372,40.5,31.3,28.4,31.1,1269,1307.967
17.05.12,720.0,413,41.7,31.8,28.5,31.6,1242,1462.3119
17.05.12,730.0,382,41.7,31.8,28.5,31.5,1167,1348.9959999999999
17.05.12,740.0,412,41.1,31.7,28.6,31.5,1236,1449.4642000000001
17.05.12,750.0,503,43.8,32.9,28.6,32.4,1248,1794.2295
17.05.12,760.0,678,47,34.2,28.8,33.2,1188,2445.149
17.05.12,770.0,621,50.5,35.3,29,34.2,1152,2233.4663
17.05.12,780.0,535,46.5,34.1,29,33.7,1137,1916.8872
17.05.12,790.0,659,48.9,35.3,29.2,34,1107,2377.512
17.05.12,800.0,715,50.3,35.8,29.4,34.5,1152,2582.5896
17.05.12,810.0,686,52.4,36.5,29.5,35,1143,2485.442
17.05.12,820.0,799,54.4,37.6,29.7,35.2,1119,2894.4440000000004
17.05.12,830.0,810,54.6,37.6,30,35.1,1131,2946.134
17.05.12,840.0,876,54.3,37.6,30.3,34.4,1140,3190.7463
17.05.12,850.0,753,54,38.1,30.5,34.8,1134,2726.016
17.05.12,860.0,629,49.2,37,30.8,34.5,1137,2273.0996
17.05.12,870.0,864,53.1,37.8,30.9,35.2,1179,3142.8713
17.05.12,880.0,785,53.1,37.6,31,35,1122,2854.1336
17.05.12,890.0,752,54.3,38.4,31,36.2,1122,2737.6090000000004
17.05.12,900.0,744,50.1,37.3,31.4,34.7,1071,2700.2877
17.05.12,910.0,736,51.9,38.1,31.6,35,1062,2682.7389
17.05.12,920.0,840,56,39.1,31.4,37.7,1068,3069.4131
17.05.12,930.0,483,50.9,37.5,31.6,36,624,1756.6147999999998
17.05.12,940.0,588,48.1,37.5,31.9,34.9,0,2169.024
17.05.12,950.0,762,51.9,38.6,32,36.2,0,2817.4202
17.05.12,960.0,767,56.9,39.4,32,39.1,0,2829.5913
17.05.12,970.0,822,58.4,39.7,32.2,38.4,0,3051.7599999999998
17.05.12,980.0,721,58.8,38.9,32.4,39.4,0,2658.9030000000002
17.05.12,990.0,486,53.6,38.9,32.5,37.3,0,1780.8952
17.05.12,1000.0,615,53.5,39.7,32.6,40.2,0,2264.9906
17.05.12,1010.0,544,54.2,39,32.7,39,0,1995.63
17.05.12,1020.0,599,55.3,39.9,32.9,40.1,0,2210.2497000000003
17.05.12,1030.0,443,52.5,38.8,33,40.1,0,1620.839
17.05.12,1040.0,416,49.4,38,33.1,39.4,0,1528.0825
17.05.12,1050.0,454,48.5,38.3,33.3,38.2,0,1676.2224
17.05.12,1060.0,430,48.4,38.6,33.3,39.1,0,1583.6379
17.05.12,1070.0,430,49.2,38.5,33.3,39.9,0,1587.0556
17.05.12,1080.0,402,49.6,38.5,33.5,40,0,1475.923
17.05.12,1090.0,305,45.8,37.9,33.6,38.4,0,1122.7194
17.05.12,1100.0,350,47.2,38.9,33.7,39.8,0,1295.649
17.05.12,1110.0,221,44.7,37.7,33.7,39.2,24,812.4273
17.05.12,1120.0,141,41.1,37,33.8,38.6,1218,497.1829
17.05.12,1130.0,147,39.4,36.4,33.8,37.7,1254,514.7584
17.05.12,1140.0,135,38.6,36,33.8,37.3,1116,474.57280000000003
17.05.12,1150.0,120,38.1,35.8,33.9,37.4,1125,422.41049999999996
17.05.12,1160.0,97,37.2,35.5,33.8,36.8,1155,339.864
17.05.12,1170.0,65,36.1,35.2,33.9,36.4,1209,224.81820000000002
17.05.12,1180.0,45,35.2,35.1,33.9,36.3,1203,155.7157
17.05.12,1190.0,26,34.3,34.7,34,36.4,1206,88.3388
17.05.12,1200.0,18,33.6,34.4,34,36,1227,57.994499999999995
17.05.12,1210.0,13,33.1,34.2,34.1,35.8,1233,38.6138
17.05.12,1220.0,7,32.5,34.2,34.1,35.7,1239,18.3417
17.05.12,1230.0,2,31.9,33.9,34.1,35.6,1260,3.2872000000000003
17.05.12,1240.0,0,31.2,33.8,34.2,35.4,1503,1.87
17.05.12,1250.0,0,30.6,33.3,34.2,34.6,1791,2.3255
17.05.12,1260.0,0,30.3,33.1,34.2,34.2,1926,2.318
17.05.12,1270.0,0,29.8,32.8,34.2,33.9,2007,2.3115
17.05.12,1280.0,0,29.4,32.8,34.2,33.9,2049,2.3065
17.05.12,1290.0,0,29.4,32.5,34.2,33.7,2094,2.301
17.05.12,1300.0,0,30.3,31.9,34.2,32.5,2088,2.2965
17.05.12,1310.0,0,30.3,31.4,34.2,31.9,2142,2.2905
17.05.12,1320.0,0,29.9,31.1,34.2,31.5,2133,2.2864999999999998
17.05.12,1330.0,0,29.7,30.9,34.2,31.3,2118,2.282
17.05.12,1340.0,0,29.4,30.7,34.1,31.1,2109,2.2775
17.05.12,1350.0,0,29,30.5,34.1,31,2118,2.272
17.05.12,1360.0,0,28.7,30.4,34.2,30.8,2184,2.2645
17.05.12,1370.0,0,28.4,30.2,34.2,30.7,2223,2.257
17.05.12,1380.0,0,28.3,30,34.2,30.5,2202,2.2515
17.05.12,1390.0,0,28.3,29.8,34.1,30.3,2217,2.2435
17.05.12,1400.0,0,28.1,29.6,34.1,30.1,2187,2.2365
17.05.12,1410.0,0,28.1,29.5,34,30,2055,2.6795999999999998
17.05.12,1420.0,0,27.9,29.2,34,29.6,2046,2.2239999999999998
17.05.12,1430.0,0,27.7,28.9,33.8,29.4,2043,2.6568
17.05.12,1440.0,0,27.6,28.9,33.8,29.3,2019,2.6436
18.05.12,10.0,0,27.6,28.8,33.7,29.2,2034,2.6262000000000003
18.05.12,20.0,0,27.6,28.8,33.7,29.2,2049,2.6039999999999996
18.05.12,30.0,0,27.5,28.6,33.6,29.1,2007,2.5794
18.05.12,40.0,0,27.5,28.5,33.5,29,552,1.7808000000000002
18.05.12,50.0,0,27.3,28.5,33.5,29,0,1.3695
18.05.12,60.0,0,27.2,28.5,33.5,28.9,0,1.3764
18.05.12,70.0,0,27.2,28.5,33.5,28.9,0,1.8412000000000002
18.05.12,80.0,0,27.3,28.3,33.3,28.7,0,1.8448
18.05.12,90.0,0,27.1,28.1,33.2,28.5,0,1.8476
18.05.12,100.0,0,26.9,27.9,33.1,28.2,0,1.3872
18.05.12,110.0,0,26.8,27.8,33,28.1,0,1.3884
18.05.12,120.0,0,26.6,27.6,32.9,28,0,1.3893
18.05.12,130.0,0,26.4,27.6,32.9,27.9,0,1.3902
18.05.12,140.0,0,26.3,27.5,32.9,27.9,0,1.3908
18.05.12,150.0,0,26.3,27.3,32.8,27.7,0,1.3910999999999998
18.05.12,160.0,0,26.3,27.2,32.6,27.6,0,1.3914
18.05.12,170.0,0,26.2,27.2,32.6,27.6,0,1.3917
18.05.12,180.0,0,26.1,27.2,32.6,27.5,0,1.392
18.05.12,190.0,0,26.1,27.1,32.5,27.4,0,1.392
18.05.12,200.0,0,26.1,27,32.4,27.4,0,1.3922999999999999
18.05.12,210.0,0,26,26.9,32.3,27.3,0,1.3922999999999999
18.05.12,220.0,0,25.9,26.9,32.3,27.2,0,1.3922999999999999
18.05.12,230.0,0,25.9,26.8,32.3,27.2,0,1.3926
18.05.12,240.0,0,25.8,26.7,32.2,27.1,0,1.3926
18.05.12,250.0,0,25.6,26.6,32.2,27,0,1.3926
18.05.12,260.0,0,25.5,26.5,32.1,26.8,0,1.3926
18.05.12,270.0,0,25.4,26.4,32,26.8,0,1.3926
18.05.12,280.0,0,25.4,26.4,31.9,26.7,0,1.3926
18.05.12,290.0,0,25.2,26.4,31.9,26.7,0,1.3926
18.05.12,300.0,0,25.2,26.3,31.8,26.6,0,1.3926
18.05.12,310.0,0,25.1,26.2,31.7,26.6,0,1.3926
18.05.12,320.0,0,25.1,26.2,31.7,26.5,0,1.3926
18.05.12,330.0,0,25.1,26.1,31.6,26.5,0,1.3926
18.05.12,340.0,0,25,26.1,31.5,26.4,0,1.3926
18.05.12,350.0,0,25,26,31.4,26.4,0,1.3926
18.05.12,360.0,0,25,26,31.3,26.4,0,1.3926
18.05.12,370.0,0,24.9,26,31.3,26.4,0,1.3926
18.05.12,380.0,0,24.8,25.8,31.2,26.3,0,1.3926
18.05.12,390.0,0,24.5,25.7,31.1,26.1,0,1.3926
18.05.12,400.0,0,24.4,25.6,30.9,26,0,1.3926
18.05.12,410.0,0,24.3,25.5,30.9,26,0,1.3926
18.05.12,420.0,0,24.3,25.5,30.9,26,0,1.3926
18.05.12,430.0,0,24.3,25.5,30.8,26,0,1.3926
18.05.12,440.0,0,24.3,25.5,30.8,26,0,1.3926
18.05.12,450.0,0,24.4,25.5,30.6,26,0,1.3926
18.05.12,460.0,2,24.4,25.5,30.6,25.9,0,1.3926
18.05.12,470.0,5,24.4,25.5,30.6,26,0,12.544200000000002
18.05.12,480.0,13,24.6,25.6,30.6,26,0,40.542
18.05.12,490.0,24,24.9,25.7,30.6,26,0,80.5304
18.05.12,500.0,39,25.4,25.8,30.4,26,0,131.628
18.05.12,510.0,53,25.9,26,30.4,26.1,0,184.7104
18.05.12,520.0,67,26.4,26.2,30.3,26.3,0,232.5481
18.05.12,530.0,89,27.1,26.5,30.3,26.5,0,312.795
18.05.12,540.0,121,28,26.9,30.2,26.7,0,425.5622
18.05.12,550.0,147,29,27.3,30.2,26.9,0,521.7696000000001
18.05.12,560.0,178,29.8,27.9,30.2,27.2,0,637.0804999999999
18.05.12,570.0,191,31.1,28.5,30.3,27.6,0,682.682
18.05.12,580.0,226,31.4,28.8,30.3,27.7,0,808.665
18.05.12,590.0,341,34.8,30,30.4,28.5,0,1238.2435
18.05.12,600.0,291,35.4,30.1,30.5,28.8,0,1048.2552
18.05.12,610.0,272,35,30.4,30.5,29.3,0,976.7346000000001
18.05.12,620.0,362,36,30.9,30.6,29.4,501,1300.7741999999998
18.05.12,630.0,401,38,31.6,30.6,29.7,1416,1405.3424
18.05.12,640.0,369,39.2,32,30.7,30.1,1350,1290.7997999999998
18.05.12,650.0,299,37,31.6,30.7,29.9,1305,1035.2187999999999
18.05.12,660.0,364,38.3,32,30.8,30,1344,1260.9244
18.05.12,670.0,415,39.7,32.4,30.8,30.2,1461,1441.9647
18.05.12,680.0,398,39.6,32.3,30.9,30.5,1356,1373.7795
18.05.12,690.0,643,44.8,34.4,31.1,31.4,1275,2291.0276
18.05.12,700.0,671,47.3,35.2,31.2,31.9,1251,2401.0478000000003
18.05.12,710.0,686,48.7,35.9,31.5,32.3,1203,2451.2895
18.05.12,720.0,657,48.4,35.9,31.6,32.4,1167,2358.0736
18.05.12,730.0,701,48.6,35.9,31.7,32.5,1173,2516.9912
18.05.12,740.0,714,48.6,36,31.8,32.7,1197,2570.487
18.05.12,750.0,719,48.2,36.4,32,33.1,1170,2596.7975
18.05.12,760.0,729,48.8,36.4,32.1,33.1,1161,2627.6085
18.05.12,770.0,736,49.4,37.2,32.3,33.6,1134,2655.6232
18.05.12,780.0,744,49.2,37.2,32.6,34,1125,2694.96
18.05.12,790.0,766,50.5,37.5,32.7,34.2,1128,2774.7302
18.05.12,800.0,769,50.7,37.8,32.9,34.3,1149,2791.8768
18.05.12,810.0,779,51.3,37.9,33,34.6,1134,2823.7799999999997
18.05.12,820.0,782,51.1,38,33.2,34.7,1116,2840.8972
18.05.12,830.0,787,51.6,38.3,33.3,34.7,1101,2869.0032
18.05.12,840.0,791,52.4,38.6,33.5,34.9,1110,2877.3641
18.05.12,850.0,785,54,39.1,33.5,35.2,1182,2847.7648
18.05.12,860.0,753,52.4,38.6,33.8,35.1,1185,2739.0748000000003
18.05.12,870.0,771,52.6,38.9,33.8,35.6,1185,2796.3334
18.05.12,880.0,770,53.7,39.1,34,35.8,1158,2800.3257000000003
18.05.12,890.0,758,52.6,39,34.2,35.7,1131,2750.0928000000004
18.05.12,900.0,745,52.7,39.3,34.3,35.9,1158,2699.59
18.05.12,910.0,729,51.7,38.7,34.5,35.8,1224,2646.5040000000004
18.05.12,920.0,714,52.9,39.5,34.6,36.3,1266,2577.0906
18.05.12,930.0,700,52.7,39.8,34.8,36.3,1263,2523.32
18.05.12,940.0,682,52.8,39.9,34.9,36.7,1236,2463.6200000000003
18.05.12,950.0,622,53.5,39.7,35,36.8,789,2246.5
18.05.12,960.0,645,50.8,39.9,35.3,36.8,0,2375.0363
18.05.12,970.0,524,49.8,39.6,35.4,36.9,0,1911.6680000000001
18.05.12,980.0,592,49.3,39.6,35.5,36.9,0,2173.857
18.05.12,990.0,619,51.7,40,35.5,37.5,0,2282.1903
18.05.12,1000.0,578,55.4,39.3,35.6,40.1,0,2116.6288
18.05.12,1010.0,571,56.1,40.3,35.7,40.5,0,2093.364
18.05.12,1020.0,509,55.1,40.9,35.9,40.4,0,1868.8626000000002
18.05.12,1030.0,264,50,39.4,36,38.8,0,961.3015999999999
18.05.12,1040.0,281,44.8,38.5,36,37,0,1032.7287999999999
18.05.12,1050.0,275,42.3,37.8,36.1,36.7,0,1010.3264
18.05.12,1060.0,213,40.7,37,36.2,36.4,0,780.468
18.05.12,1070.0,141,37.9,36,36.2,35.6,0,516.9606
18.05.12,1080.0,132,37.1,35.7,36.1,35.2,0,481.61600000000004
18.05.12,1090.0,138,36.8,35.4,36.1,35.1,0,504.5456
18.05.12,1100.0,174,37.1,35.4,36.1,34.9,0,638.8347
18.05.12,1110.0,211,38.2,35.7,36.1,35.2,0,773.0046
18.05.12,1120.0,201,38.2,35.6,36.2,35.1,0,732.9006
18.05.12,1130.0,163,37.2,35.2,36.2,34.9,0,590.2908
18.05.12,1140.0,88,35.4,34.2,36.2,34.2,0,318.41360000000003
18.05.12,1150.0,68,33.8,33.5,36.1,33.6,0,242.802
18.05.12,1160.0,50,33,33.1,36.1,33.3,0,177.612
18.05.12,1170.0,56,32.6,32.7,36,32.8,0,200.8992
18.05.12,1180.0,55,32.2,32.2,36,32.4,0,195.48280000000003
18.05.12,1190.0,53,31.8,31.9,35.9,32.1,0,186.58169999999998
18.05.12,1200.0,48,31.4,31.6,35.9,31.8,0,169.24800000000002
18.05.12,1210.0,41,31,31.2,35.8,31.5,0,143.9802
18.05.12,1220.0,27,30.5,30.9,35.7,31.2,0,91.1958
18.05.12,1230.0,15,30,30.5,35.6,30.8,0,46.445499999999996
18.05.12,1240.0,2,29.4,30.1,35.4,30.4,912,6.2244
18.05.12,1250.0,0,29,29.8,35.4,30.2,1824,1.8780000000000001
18.05.12,1260.0,0,28.8,29.5,35.2,29.9,1995,2.338
18.05.12,1270.0,0,28.5,29.4,35.2,29.7,2121,2.329
18.05.12,1280.0,0,28.4,29.2,35.2,29.5,2220,2.7858
18.05.12,1290.0,0,28.2,29.1,35.2,29.4,2250,2.3155
18.05.12,1300.0,0,28.2,29.1,35.1,29.4,2307,2.7708
18.05.12,1310.0,0,28.1,29,35.1,29.3,2337,2.7636
18.05.12,1320.0,0,28,28.8,35.1,29.2,2403,2.7558
18.05.12,1330.0,0,27.9,28.7,35.1,29.1,2421,2.7486
18.05.12,1340.0,0,27.8,28.6,35,28.9,2403,2.7432
18.05.12,1350.0,0,27.6,28.5,34.9,28.9,2361,2.7384
18.05.12,1360.0,0,27.5,28.5,34.9,28.8,2307,2.7342
18.05.12,1370.0,0,27.4,28.4,34.9,28.8,2313,2.273
18.05.12,1380.0,0,27.3,28.3,34.8,28.7,2289,2.7222
18.05.12,1390.0,0,27.2,28.2,34.7,28.6,2229,2.2645
18.05.12,1400.0,0,27.2,28.1,34.6,28.5,2133,2.7144
18.05.12,1410.0,0,27.1,28,34.2,28.4,2133,2.7078
18.05.12,1420.0,0,27.1,28,34,28.3,2121,2.7012
18.05.12,1430.0,0,27.1,28,33.8,28.4,2118,2.6934
18.05.12,1440.0,0,27.1,27.9,33.5,28.3,2121,2.237
19.05.12,10.0,0,25.5,27.1,33.3,27.7,2079,2.676
19.05.12,20.0,0,25.2,26,33,26.4,2004,2.6681999999999997
19.05.12,30.0,0,24.3,25.6,33,26,1938,2.2155
19.05.12,40.0,0,24.8,25.6,33,25.9,1863,2.2075
19.05.12,50.0,0,24.7,25.5,32.8,25.8,1866,2.634
19.05.12,60.0,0,24.6,25.4,32.9,25.7,1824,2.6184
19.05.12,70.0,0,24.5,25.3,32.8,25.6,1737,2.6034
19.05.12,80.0,0,24.4,25.2,32.6,25.5,1239,2.1825
19.05.12,90.0,0,24.4,25.3,32.5,25.6,0,1.3656000000000001
19.05.12,100.0,0,24.3,25.2,32.5,25.5,0,1.3739999999999999
19.05.12,110.0,0,24.1,25.1,32.3,25.4,0,1.3788
19.05.12,120.0,0,24,24.9,32.2,25.2,0,1.3820999999999999
19.05.12,130.0,0,24,24.8,32,25.1,0,1.3844999999999998
19.05.12,140.0,0,23.9,24.8,31.9,25.1,0,1.3862999999999999
19.05.12,150.0,0,23.9,24.7,31.7,25,0,1.3878
19.05.12,160.0,0,23.7,24.6,31.6,24.9,0,1.3886999999999998
19.05.12,170.0,0,23.6,24.4,31.5,24.7,0,1.3896
19.05.12,180.0,0,23.5,24.4,31.4,24.7,0,1.3902
19.05.12,190.0,0,23.5,24.4,31.3,24.7,0,1.3908
19.05.12,200.0,0,23.5,24.2,31.2,24.6,0,1.3910999999999998
19.05.12,210.0,0,23.3,24.2,31.1,24.5,0,1.3914
19.05.12,220.0,0,23.3,24.2,31,24.5,0,1.3917
19.05.12,230.0,0,23.3,24.2,30.9,24.5,0,1.392
19.05.12,240.0,0,23.3,24.1,30.8,24.5,0,1.392
19.05.12,250.0,0,23.2,24.2,30.9,24.5,0,1.392
19.05.12,260.0,0,23.2,24.3,30.8,24.6,0,1.3922999999999999
19.05.12,270.0,0,23.4,24.4,30.8,24.7,0,1.3922999999999999
19.05.12,280.0,0,23.4,24.4,30.9,24.7,0,1.3922999999999999
19.05.12,290.0,0,23.4,24.5,30.9,24.8,0,1.3922999999999999
19.05.12,300.0,0,23.3,24.7,30.9,25,0,1.3926
19.05.12,310.0,0,23.2,24.6,30.8,25.2,0,1.3922999999999999
19.05.12,320.0,0,23.3,24.5,30.6,25.3,0,1.3926
19.05.12,330.0,0,23.6,24.6,30.6,25.3,0,1.3922999999999999
19.05.12,340.0,0,23.8,24.9,30.2,25.3,0,1.3922999999999999
19.05.12,350.0,0,23.7,24.9,30.3,25.4,0,1.3922999999999999
19.05.12,360.0,0,23.7,24.9,30.2,25.4,0,1.3926
19.05.12,370.0,0,23.8,24.9,30.3,25.5,0,1.3922999999999999
19.05.12,380.0,0,24,25,30.3,25.6,0,1.3922999999999999
19.05.12,390.0,0,24.4,25.2,30.1,25.8,0,1.3922999999999999
19.05.12,400.0,0,23.6,24.9,30,25.6,0,1.3922999999999999
19.05.12,410.0,0,21.5,22.4,29.6,23.6,0,1.3922999999999999
19.05.12,420.0,0,21.1,21.4,29.4,22.3,0,1.3922999999999999
19.05.12,430.0,0,21,21.5,29.2,22.2,0,1.3922999999999999
19.05.12,440.0,0,21.1,21.7,29.3,22.4,0,1.3922999999999999
19.05.12,450.0,0,21.1,21.8,29.1,22.4,0,1.3922999999999999
19.05.12,460.0,0,21.3,22.1,28.8,22.4,0,1.3922999999999999
19.05.12,470.0,1,21.4,22.1,28.6,22.4,0,1.3926
19.05.12,480.0,3,21.5,22.3,28.5,22.6,0,4.643
19.05.12,490.0,4,21.5,22.2,28.6,22.6,0,7.896500000000001
19.05.12,500.0,5,21.4,22.5,28.7,22.6,0,11.6225
19.05.12,510.0,8,21.4,22.5,28.7,22.8,0,22.8095
19.05.12,520.0,12,21.5,23,28.6,23,0,37.327999999999996
19.05.12,530.0,18,21.6,23.1,28.5,23.3,0,58.462500000000006
19.05.12,540.0,31,21.7,23.1,28.4,23.4,0,106.107
19.05.12,550.0,47,22.1,23.2,28.4,23.5,0,166.734
19.05.12,560.0,65,23,23.4,28.3,23.5,0,232.64669999999998
19.05.12,570.0,91,24,23.6,28.2,23.6,0,327.316
19.05.12,580.0,109,24.7,23.8,28.1,23.7,0,392.2236
19.05.12,590.0,127,25.4,24,28,23.8,0,459.4128
19.05.12,600.0,156,25.9,24.2,27.9,23.9,0,565.964
19.05.12,610.0,191,26.9,24.5,27.9,24,0,695.1990000000001
19.05.12,620.0,204,27.5,24.5,27.9,24.1,0,744.8572
19.05.12,630.0,207,27.7,24.7,27.9,24.3,0,753.6243
19.05.12,640.0,203,27.8,24.7,27.9,24.5,0,741.4771000000001
19.05.12,650.0,205,27.9,24.8,27.9,24.7,0,746.4132
19.05.12,660.0,227,28.2,24.9,27.9,24.8,0,830.2060000000001
19.05.12,670.0,261,29.2,25.2,27.9,25,0,961.5384000000001
19.05.12,680.0,303,30.4,25.6,27.9,25.2,0,1117.9488
19.05.12,690.0,316,31.5,26.3,28,25.5,0,1173.9344
19.05.12,700.0,318,32,26.4,28,25.7,0,1180.9781999999998
19.05.12,710.0,254,31.1,26.5,28.1,25.9,0,941.1909
19.05.12,720.0,211,29.8,26.3,28.1,25.9,0,782.303
19.05.12,730.0,197,29.2,26.2,28,26,0,729.1488
19.05.12,740.0,238,29.6,26.4,28,26.2,0,884.3373
19.05.12,750.0,244,30.1,26.6,28.1,26.4,0,906.9886
19.05.12,760.0,250,30.4,27,28.1,26.6,0,929.0240000000001
19.05.12,770.0,262,31,27.3,28.1,26.8,1182,950.257
19.05.12,780.0,270,31.3,27.5,28.2,27.1,1407,962.5957999999998
19.05.12,790.0,383,33.1,28,28.2,27.3,1431,1369.3648
19.05.12,800.0,463,35.9,28.8,28.3,27.8,1428,1678.5538000000001
19.05.12,810.0,525,38,29.6,28.4,28.4,1428,1921.7328000000002
19.05.12,820.0,473,39.5,30.2,28.5,29,1419,1728.4479999999996
19.05.12,830.0,451,38.4,30.4,28.5,29.2,1395,1640.9851999999998
19.05.12,840.0,441,39.1,30.6,28.6,29.6,1368,1603.2823999999998
19.05.12,850.0,418,38.1,30.3,28.6,29.6,1356,1516.6665
19.05.12,860.0,549,40.4,30.9,28.7,29.9,1263,2023.1583999999998
19.05.12,870.0,475,41.3,31.1,28.7,30.2,1227,1746.7680000000003
19.05.12,880.0,405,40.2,31.5,28.8,30.3,1215,1480.7884000000001
19.05.12,890.0,308,38,31.2,28.9,30.5,1182,1108.9505
19.05.12,900.0,262,35.9,30.8,28.9,30.4,1182,934.3884
19.05.12,910.0,201,34.5,30.7,28.9,30.5,1173,713.6115
19.05.12,920.0,163,33.2,30.4,28.9,30.5,1161,573.1332
19.05.12,930.0,158,32.5,30.1,28.9,30.1,1125,556.6462
19.05.12,940.0,176,32.4,30,29,29.9,1128,617.6419999999999
19.05.12,950.0,189,32.7,30,29,29.9,0,686.0256
19.05.12,960.0,141,32.2,29.9,29,29.8,0,516.43
19.05.12,970.0,106,31.1,29.6,29,29.6,0,383.36
19.05.12,980.0,113,30.9,29.6,29,29.7,0,410.229
19.05.12,990.0,96,30.6,29.5,29.1,29.7,0,348.5965
19.05.12,1000.0,118,30.6,29.5,29.1,29.7,0,430.61760000000004
19.05.12,1010.0,143,31.4,29.8,29.1,30.1,0,523.2955
19.05.12,1020.0,158,31.9,30,29.1,30.2,0,579.5966000000001
19.05.12,1030.0,168,32.2,30.1,29.2,30.3,0,620.3883000000001
19.05.12,1040.0,175,32.2,30.1,29.2,30.3,0,648.3113
19.05.12,1050.0,202,32.7,30.1,29.2,30.2,0,746.624
19.05.12,1060.0,204,32.8,30,29.3,30,0,757.1295
19.05.12,1070.0,200,32.7,30,29.3,30,0,742.8275
19.05.12,1080.0,188,32.6,30,29.3,29.9,0,695.7801
19.05.12,1090.0,169,32.3,29.9,29.4,29.9,0,627.327
19.05.12,1100.0,172,32.2,30,29.4,29.9,0,635.4996
19.05.12,1110.0,168,32.1,29.7,29.4,29.6,0,620.5425
19.05.12,1120.0,166,31.9,29.7,29.4,29.6,0,615.3152
19.05.12,1130.0,151,31.6,29.6,29.4,29.6,0,555.9552
19.05.12,1140.0,128,31,29.4,29.4,29.4,0,471.8088
19.05.12,1150.0,115,30.6,29.3,29.4,29.4,0,424.2875
19.05.12,1160.0,90,30.1,29.2,29.4,29.4,0,326.0138
19.05.12,1170.0,60,29.3,29.1,29.4,29.4,0,215.8912
19.05.12,1180.0,43,28.8,28.9,29.4,29.5,0,150.4278
19.05.12,1190.0,33,28.3,28.7,29.4,29.3,936,112.65599999999999
19.05.12,1200.0,22,27.8,28.4,29.4,29,1323,74.5269
19.05.12,1210.0,12,27.2,28.1,29.4,28.8,1347,37.8266
19.05.12,1220.0,5,26.9,27.9,29.4,28.6,1374,13.793999999999999
19.05.12,1230.0,2,26.4,27.6,29.4,28.3,1437,2.7486
19.05.12,1240.0,0,26.1,27.3,29.4,28,1791,1.8175999999999999
19.05.12,1250.0,0,25.9,27.2,29.4,27.9,1953,2.2575
19.05.12,1260.0,0,25.7,27,29.3,27.7,2073,2.243
19.05.12,1270.0,0,25.5,26.8,29.2,27.5,2160,2.6742
19.05.12,1280.0,0,25.4,26.7,29.2,27.4,2169,2.658
19.05.12,1290.0,0,25.3,26.6,29.2,27.3,2205,2.6376
19.05.12,1300.0,0,25.1,26.5,29.2,27.2,2202,2.6136
19.05.12,1310.0,0,25,26.3,29.2,27,2184,2.5842
19.05.12,1320.0,0,24.7,26.2,29.2,26.8,1920,2.5662000000000003
19.05.12,1330.0,0,24.6,26.1,29.1,26.7,0,1.3608
19.05.12,1340.0,0,24.5,25.9,29.1,26.6,0,1.3713
19.05.12,1350.0,0,24.2,25.7,29.1,26.4,0,1.3760999999999999
19.05.12,1360.0,0,24.1,25.7,29.1,26.3,0,1.3794
19.05.12,1370.0,0,24,25.6,29,26.2,0,1.3815
19.05.12,1380.0,0,23.8,25.5,29,26.1,0,1.383
19.05.12,1390.0,0,23.4,25.3,29,26,0,1.3844999999999998
19.05.12,1400.0,0,23.2,25.3,28.9,25.9,0,1.3854
19.05.12,1410.0,0,23.1,25.2,28.9,25.9,0,1.3862999999999999
19.05.12,1420.0,0,22.8,25.1,28.8,25.8,0,1.3868999999999998
19.05.12,1430.0,0,22.5,25,28.8,25.8,0,1.3875
19.05.12,1440.0,0,22.6,24.8,28.8,25.7,0,1.3881000000000001
20.05.12,10.0,0,22.5,24.6,28.8,25.5,0,1.3884
20.05.12,20.0,0,22.6,24.5,28.7,25.4,0,1.3886999999999998
20.05.12,30.0,0,22.6,24.3,28.7,25.1,0,1.3889999999999998
20.05.12,40.0,0,22.7,24.4,28.7,25.2,0,1.3893
20.05.12,50.0,0,22.8,24.6,28.7,25.3,0,1.3893
20.05.12,60.0,0,22.7,24.8,28.6,25.4,0,1.3896
20.05.12,70.0,0,22.6,24.8,28.6,25.5,0,1.3896
20.05.12,80.0,0,23,24.9,28.4,25.6,0,1.3899
20.05.12,90.0,0,23.7,25,28.4,25.7,0,1.3899
20.05.12,100.0,0,23.8,25,28.3,25.6,0,1.3902
20.05.12,110.0,0,23.9,25,28.3,25.6,0,1.3902
20.05.12,120.0,0,24,25,28.2,25.6,0,1.3902
20.05.12,130.0,0,24.1,25.1,28.2,25.7,0,1.3905
20.05.12,140.0,0,24.1,25,28.2,25.6,0,1.3905
20.05.12,150.0,0,24.1,25.1,28.2,25.6,0,1.3905
20.05.12,160.0,0,24,25,28.1,25.6,0,1.3905
20.05.12,170.0,0,23.9,24.9,28.1,25.5,0,1.3905
20.05.12,180.0,0,23.9,24.8,28,25.5,0,1.3908
20.05.12,190.0,0,23.8,24.8,28,25.4,0,1.3908
20.05.12,200.0,0,23.8,24.8,27.9,25.4,0,1.3908
20.05.12,210.0,0,23.8,24.8,27.9,25.4,0,1.3908
20.05.12,220.0,0,23.7,24.8,27.8,25.4,0,1.3908
20.05.12,230.0,0,23.6,24.7,27.8,25.3,0,1.3908
20.05.12,240.0,0,23.6,24.6,27.7,25.2,0,1.3910999999999998
20.05.12,250.0,0,23.6,24.7,27.7,25.2,0,1.3910999999999998
20.05.12,260.0,0,23.5,24.6,27.7,25.2,0,1.3910999999999998
20.05.12,270.0,0,23.4,24.5,27.6,25.1,0,1.3910999999999998
20.05.12,280.0,0,23.4,24.5,27.5,25.1,0,1.3910999999999998
20.05.12,290.0,0,23.4,24.5,27.4,25.1,0,1.3910999999999998
20.05.12,300.0,0,23.2,24.3,27.4,24.9,0,1.3910999999999998
20.05.12,310.0,0,22.9,24.1,27.3,24.7,0,1.3910999999999998
20.05.12,320.0,0,22.7,24.1,27.3,24.6,0,1.3910999999999998
20.05.12,330.0,0,22.5,23.9,27.3,24.5,0,1.3910999999999998
20.05.12,340.0,0,22.5,23.9,27.2,24.5,0,1.3910999999999998
20.05.12,350.0,0,22.3,23.7,27.1,24.3,0,1.3910999999999998
20.05.12,360.0,0,22.3,23.6,27,24.3,0,1.3914
20.05.12,370.0,0,22.2,23.5,27,24.2,0,0.9276000000000001
20.05.12,380.0,0,22.1,23.5,26.9,24.1,0,1.3914
20.05.12,390.0,0,22.2,23.5,26.9,24.1,0,0.9276000000000001
20.05.12,400.0,0,22.1,23.4,26.8,24,0,1.3914
20.05.12,410.0,0,22,23.3,26.8,23.9,0,0.9276000000000001
20.05.12,420.0,0,22,23.3,26.7,23.9,0,0.9276000000000001
20.05.12,430.0,0,22.1,23.2,26.6,23.8,0,1.3914
20.05.12,440.0,0,22.1,23.2,26.6,23.8,0,0.9276000000000001
20.05.12,450.0,1,22,23.2,26.5,23.8,0,1.3914
20.05.12,460.0,3,21.9,23.1,26.5,23.7,0,4.1751
20.05.12,470.0,11,21.9,23.1,26.5,23.7,0,33.945
20.05.12,480.0,25,22.1,23.1,26.4,23.6,0,83.2684
20.05.12,490.0,38,22.4,23.2,26.4,23.6,0,130.24540000000002
20.05.12,500.0,52,22.9,23.4,26.3,23.7,0,181.999
20.05.12,510.0,69,23.4,23.6,26.3,23.8,0,244.7032
20.05.12,520.0,94,24,23.7,26.3,23.9,0,334.7645
20.05.12,530.0,116,24.6,23.9,26.3,24,0,419.6348
20.05.12,540.0,138,25.2,24.1,26.3,24.2,0,501.49319999999994
20.05.12,550.0,169,25.8,24.3,26.2,24.3,0,614.4138
20.05.12,560.0,205,26.9,24.8,26.3,24.6,0,750.5838
20.05.12,570.0,230,27.7,25.1,26.3,24.8,0,843.804
20.05.12,580.0,262,28.4,25.3,26.4,25,0,970.5085999999999
20.05.12,590.0,299,29.3,25.6,26.4,25.2,0,1104.8880000000001
20.05.12,600.0,330,30.3,26,26.5,25.5,576,1209.1668
20.05.12,610.0,303,30.7,26.3,26.6,25.6,1380,1079.4981
20.05.12,620.0,367,33.3,27.2,26.6,25.8,1197,1314.6109999999999
20.05.12,630.0,418,33.4,27.2,26.7,26,1167,1513.6134
20.05.12,640.0,473,34.8,27.8,26.8,26.3,1155,1732.5028
20.05.12,650.0,500,35.5,28.4,26.9,26.7,1146,1831.5814999999998
20.05.12,660.0,525,37.5,28.9,26.9,26.8,1197,1935.7886
20.05.12,670.0,549,38,28.9,27,27.1,1200,2020.0995000000003
20.05.12,680.0,571,39.3,29.7,27.1,27.5,1191,2113.9694999999997
20.05.12,690.0,601,39.5,29.4,27.2,27.5,1158,2236.9001999999996
20.05.12,700.0,637,41.3,30.6,27.4,27.9,1131,2371.1688
20.05.12,710.0,662,42.1,30.4,27.5,28.1,1149,2475.0488
20.05.12,720.0,689,44.7,31.7,27.6,28.7,1203,2583.7812
20.05.12,730.0,711,45.6,31.6,27.8,29,1212,2664.5696000000003
20.05.12,740.0,727,46.1,32.1,27.9,29,1218,2740.7726999999995
20.05.12,750.0,743,46.2,32.3,28.1,29.2,1215,2793.4232
20.05.12,760.0,766,46.5,32.5,28.2,29.4,1206,2890.9642
20.05.12,770.0,781,47.2,32.8,28.4,30,1206,2959.8062
20.05.12,780.0,792,47.5,33.2,28.6,30.1,1203,2996.0973
20.05.12,790.0,801,48.1,33.6,28.7,30.5,1179,3037.8216
20.05.12,800.0,808,48.5,33.8,28.9,30.6,1137,3079.4346
20.05.12,810.0,826,50,34.3,29,31.2,1125,3143.247
20.05.12,820.0,829,50.7,34.7,29.2,31.6,1143,3164.2434
20.05.12,830.0,831,50.2,35.1,29.5,31.8,1146,3169.9054
20.05.12,840.0,830,50.9,35,29.6,32.1,1194,3161.5791999999997
20.05.12,850.0,827,52,35.6,29.8,32.7,1173,3160.9157999999998
20.05.12,860.0,827,51.5,36,30,32.7,1158,3157.7093999999997
20.05.12,870.0,824,52.3,36.1,30.2,32.8,1143,3152.9625
20.05.12,880.0,816,52.8,36.3,30.3,33.2,1143,3128.5867999999996
20.05.12,890.0,805,52.6,36.7,30.6,33.4,1143,3078.504
20.05.12,900.0,794,54.1,37.4,30.6,34.3,1161,3044.7216
20.05.12,910.0,792,53.8,37.3,30.9,34,1212,3026.3728
20.05.12,920.0,781,53.4,37.4,31.1,34.3,1161,2986.2914
20.05.12,930.0,765,52.7,37.3,31.2,34.4,1026,2945.2128000000002
20.05.12,940.0,742,54.4,38.3,31.2,35.3,0,2895.2487
20.05.12,950.0,725,55,38.2,31.4,35.9,0,2830.593
20.05.12,960.0,694,54,38.4,31.7,35.8,0,2726.406
20.05.12,970.0,670,54.8,39,31.9,36.7,0,2628.8855999999996
20.05.12,980.0,648,52.8,38.6,32.1,36,0,2565.5951999999997
20.05.12,990.0,625,54.6,38.7,32.1,38.1,0,2477.0795
20.05.12,1000.0,591,54.6,39.3,32.3,38.4,0,2340.0353
20.05.12,1010.0,562,54.1,39.1,32.4,38.7,0,2239.6725
20.05.12,1020.0,533,52.3,39,32.6,37.6,0,2119.4700000000003
20.05.12,1030.0,502,52.2,39.3,32.8,40.5,0,1998.6368
20.05.12,1040.0,459,52.1,38.9,33,41.5,0,1824.6225000000002
20.05.12,1050.0,429,51.1,39.3,33,41.6,0,1697.9624999999999
20.05.12,1060.0,400,49.8,39,33.2,41.9,0,1589.6374999999998
20.05.12,1070.0,363,48.2,37.8,33.4,40.9,0,1431.7725
20.05.12,1080.0,327,46.4,37.9,33.6,40.6,0,1285.4975
20.05.12,1090.0,282,44.9,37.6,33.7,40.4,0,1106.1737999999998
20.05.12,1100.0,234,43.5,38,33.7,40.6,0,908.9749999999999
20.05.12,1110.0,217,42.3,38,33.7,40.3,0,843.6380999999999
20.05.12,1120.0,210,42.3,38,33.8,40.7,0,812.634
20.05.12,1130.0,174,41.6,37.9,33.8,40.5,0,670.0521
20.05.12,1140.0,150,40.2,37.5,33.9,39.6,0,573.7556999999999
20.05.12,1150.0,120,38.7,36.6,34,38.2,0,452.811
20.05.12,1160.0,83,35.9,34.9,34.1,35.1,0,308.2777
20.05.12,1170.0,60,34.1,33.8,34.1,34,0,221.22099999999998
20.05.12,1180.0,50,32.8,33,34,33.2,0,181.17329999999998
20.05.12,1190.0,41,32.1,32.5,33.9,32.8,0,149.39999999999998
20.05.12,1200.0,27,31.3,32,33.8,32.3,0,92.2932
20.05.12,1210.0,14,30.7,31.5,33.8,31.9,0,45.9699
20.05.12,1220.0,7,30.1,31.2,33.8,31.7,0,17.747999999999998
20.05.12,1230.0,1,29.7,31,33.7,31.5,144,1.4718
20.05.12,1240.0,0,29.5,30.8,33.7,31.3,1545,1.9032
20.05.12,1250.0,0,29.3,30.6,33.7,31.1,1869,2.366
20.05.12,1260.0,0,29.1,30.2,33.6,30.7,2172,2.3515
20.05.12,1270.0,0,28.5,29.3,33.5,29.8,2217,2.345
20.05.12,1280.0,0,27.7,28.6,33.5,29,2316,2.8044000000000002
20.05.12,1290.0,0,27,28,33.3,28.4,2286,2.8002
20.05.12,1300.0,0,26.5,27.5,33.1,27.8,2265,2.7954
20.05.12,1310.0,0,26.2,27.2,33.1,27.5,2286,2.7894
20.05.12,1320.0,0,25.8,26.8,33,27.1,2244,2.7858
20.05.12,1330.0,0,25.6,26.5,32.8,26.9,2190,2.7828
20.05.12,1340.0,0,25.4,26.3,32.9,26.6,2181,2.3155
20.05.12,1350.0,0,25.1,26,32.7,26.3,2232,2.3095
20.05.12,1360.0,0,24.9,25.8,32.4,26.1,2223,2.3055
20.05.12,1370.0,0,24.8,25.8,32.5,26.1,2226,2.7618
20.05.12,1380.0,0,24.7,25.8,32.5,26.1,2193,2.2985
20.05.12,1390.0,0,24.6,25.7,32.3,26,2175,2.2945
20.05.12,1400.0,0,24.5,25.7,32,26,2166,2.7486
20.05.12,1410.0,0,24.5,25.7,32,26,2232,2.2840000000000003
20.05.12,1420.0,0,24.5,25.7,31.9,26.1,2238,2.279
20.05.12,1430.0,0,24.5,25.7,31.8,26.1,2232,2.2745
20.05.12,1440.0,0,24.4,25.7,31.8,26.1,2193,2.2704999999999997
21.05.12,10.0,0,24.3,25.6,31.6,26,2187,2.7186
21.05.12,20.0,0,24.3,25.6,31.6,26.1,2175,2.2605
21.05.12,30.0,0,24.3,25.6,31.5,26,2064,2.2585
21.05.12,40.0,0,24.2,25.6,31.5,26.1,1917,2.2585
21.05.12,50.0,0,24.1,25.5,31.4,26,1881,2.2545
21.05.12,60.0,0,24,25.5,31.4,26,1842,2.2510000000000003
21.05.12,70.0,0,23.9,25.3,31.2,25.8,1758,2.248
21.05.12,80.0,0,23.8,25.2,31.1,25.8,1692,2.245
21.05.12,90.0,0,23.8,25.2,31,25.8,1671,2.2395
21.05.12,100.0,0,23.7,25.1,30.9,25.7,1650,2.2335000000000003
21.05.12,110.0,0,23.5,24.9,30.8,25.4,1626,2.2275
21.05.12,120.0,0,23.4,24.8,30.7,25.3,1680,2.2165
21.05.12,130.0,0,23.3,24.7,30.6,25.2,1689,2.205
21.05.12,140.0,0,23.2,24.7,30.6,25.2,1671,2.1940000000000004
21.05.12,150.0,0,23.2,24.7,30.4,25.2,1680,2.1805
21.05.12,160.0,0,23.3,24.7,30.3,25.2,1704,2.1635000000000004
21.05.12,170.0,0,23.2,24.6,30.3,25.1,357,1.3455
21.05.12,180.0,0,23.2,24.6,30.2,25.1,0,1.3703999999999998
21.05.12,190.0,0,23.1,24.6,30.2,25.1,0,1.3764
21.05.12,200.0,0,23.1,24.5,30.1,25.1,0,1.3806
21.05.12,210.0,0,23.1,24.5,30,25,0,1.3833
21.05.12,220.0,0,23,24.4,30,25,0,1.3854
21.05.12,230.0,0,23,24.4,29.9,25,0,1.3872
21.05.12,240.0,0,22.9,24.4,29.8,24.9,0,1.3884
21.05.12,250.0,0,22.9,24.3,29.7,24.8,0,1.3896
21.05.12,260.0,0,22.7,24.2,29.7,24.8,0,1.3902
21.05.12,270.0,0,22.6,24.2,29.6,24.7,0,1.3908
21.05.12,280.0,0,22.6,24.1,29.5,24.7,0,1.3914
21.05.12,290.0,0,22.5,24,29.4,24.6,0,1.3917
21.05.12,300.0,0,22.5,24,29.3,24.5,0,1.392
21.05.12,310.0,0,22.5,23.9,29.2,24.5,0,1.3922999999999999
21.05.12,320.0,0,22.3,23.9,29.2,24.4,0,1.3922999999999999
21.05.12,330.0,0,22.2,23.8,29.2,24.4,0,1.3926
21.05.12,340.0,0,22.1,23.7,29,24.3,0,1.3926
21.05.12,350.0,0,22,23.7,28.9,24.2,0,1.3929
21.05.12,360.0,0,22,23.6,28.8,24.2,0,1.3929
21.05.12,370.0,0,22,23.5,28.7,24.1,0,1.3929
21.05.12,380.0,0,21.9,23.5,28.6,24,0,1.3929
21.05.12,390.0,0,21.8,23.4,28.7,24,0,1.3929
21.05.12,400.0,0,21.7,23.5,28.7,24,0,1.3929
21.05.12,410.0,0,21.7,23.4,28.5,24,0,1.3929
21.05.12,420.0,0,21.7,23.4,28.4,23.9,0,1.3929
21.05.12,430.0,0,21.7,23.3,28.3,23.9,0,1.3929
21.05.12,440.0,0,21.7,23.3,28.2,23.8,0,1.3929
21.05.12,450.0,1,21.7,23.2,28.2,23.8,0,1.3929
21.05.12,460.0,3,21.7,23.2,28.1,23.8,0,6.9675
21.05.12,470.0,10,21.8,23.3,28,23.8,0,31.195200000000003
21.05.12,480.0,22,22.1,23.4,27.9,23.8,0,73.44460000000001
21.05.12,490.0,37,22.6,23.6,27.9,23.9,0,129.7752
21.05.12,500.0,53,23.3,23.8,27.7,24,0,188.64
21.05.12,510.0,63,24.3,24,27.7,24.2,0,220.80239999999998
21.05.12,520.0,69,24.9,24.3,27.6,24.3,0,243.9206
21.05.12,530.0,86,25.3,24.5,27.5,24.4,0,305.235
21.05.12,540.0,108,25.8,24.7,27.4,24.6,0,382.6688
21.05.12,550.0,119,26.4,25,27.4,24.7,0,428.2929
21.05.12,560.0,138,27,25.2,27.4,24.9,0,495.2626
21.05.12,570.0,203,28.1,25.6,27.4,25.1,0,737.5386
21.05.12,580.0,214,29,26,27.4,25.4,0,782.0544
21.05.12,590.0,294,30.1,26.5,27.4,25.5,0,1081.024
21.05.12,600.0,331,31.5,27.2,27.5,25.8,411,1213.2867999999999
21.05.12,610.0,320,32,27.4,27.6,25.9,1404,1142.3621
21.05.12,620.0,428,34.2,28.2,27.6,26.4,1386,1532.6048
21.05.12,630.0,459,35.2,28.4,27.7,26.5,1380,1654.0321
21.05.12,640.0,490,36.4,29,27.8,26.9,1371,1771.4382
21.05.12,650.0,525,37.5,29.6,27.9,27.1,1257,1913.9119999999998
21.05.12,660.0,559,38.9,30.2,28,27.8,1224,2051.1469
21.05.12,670.0,589,39.7,30.2,28.1,27.9,1218,2162.5992
21.05.12,680.0,623,40.4,30.7,28.2,28.1,1224,2296.5506
21.05.12,690.0,653,42.3,31.4,28.4,28.7,1182,2420.3264
21.05.12,700.0,679,43.4,32,28.5,29.2,1167,2515.64
21.05.12,710.0,704,44.4,32.4,28.7,29.5,1164,2624.792
21.05.12,720.0,725,44.7,32.7,28.8,29.7,1188,2700.3816
21.05.12,730.0,748,45.5,33.2,29,30,1302,2790.9984
21.05.12,740.0,766,46.3,33.4,29.2,30.2,1317,2868.1398
21.05.12,750.0,782,47,33.9,29.4,30.9,1239,2924.974
21.05.12,760.0,799,47.4,33.9,29.5,30.9,1224,2996.7839999999997
21.05.12,770.0,814,47.1,34,29.7,31.1,1230,3066.7464
21.05.12,780.0,825,47.7,34.1,29.9,31.6,1227,3103.7830000000004
21.05.12,790.0,835,48.4,34.9,30.1,31.7,1221,3158.6699999999996
21.05.12,800.0,843,49.8,35.2,30.2,32.3,1224,3184.3630000000003
21.05.12,810.0,848,49.4,35.2,30.5,32.3,1191,3207.402
21.05.12,820.0,853,49.6,35.6,30.6,32.4,1203,3239.2626
21.05.12,830.0,854,49.7,35.8,30.8,32.8,1224,3238.8304
21.05.12,840.0,855,50.3,36.6,31.1,33.7,1134,3247.1315999999997
21.05.12,850.0,856,51,36.8,31.2,33.9,1149,3260.5834999999997
21.05.12,860.0,861,51.2,37,31.4,33.8,1158,3274.2012000000004
21.05.12,870.0,881,51.8,37.5,31.7,34.1,1137,3367.686
21.05.12,880.0,680,50.3,37,31.8,34.6,1137,2567.0645
21.05.12,890.0,803,48.8,37.3,32,34.6,1068,3056.9652
21.05.12,900.0,801,50.9,37.8,32.2,34.8,1050,3064.93
21.05.12,910.0,798,50.9,37.8,32.3,34.8,1047,3045.6426
21.05.12,920.0,779,51.5,38.4,32.5,35.5,1065,2976.597
21.05.12,930.0,764,51.3,38.1,32.6,35.2,1047,2926.6137
21.05.12,940.0,746,50.9,38.4,32.8,35.5,1074,2845.791
21.05.12,950.0,728,49.9,38.1,33,35.5,1083,2787.9067999999997
21.05.12,960.0,709,49.9,38.5,33.1,35.8,1116,2707.1861
21.05.12,970.0,685,49.6,38.4,33.4,36.1,420,2639.89
21.05.12,980.0,660,49.7,38.7,33.4,36.4,0,2573.07
21.05.12,990.0,631,49.4,38.7,33.5,36.2,0,2452.9934
21.05.12,1000.0,607,48.4,38.4,33.7,36.3,0,2368.8746
21.05.12,1010.0,579,48,38.5,33.8,36.3,0,2254.2531
21.05.12,1020.0,529,47.5,38.4,33.9,36.5,0,2056.9424
21.05.12,1030.0,505,46.1,38.4,34.1,36.4,0,1971.751
21.05.12,1040.0,483,46.1,38.4,34.2,36.6,0,1884.489
21.05.12,1050.0,446,45.1,38.1,34.3,36.5,0,1738.6499999999999
21.05.12,1060.0,411,44.5,38.2,34.5,36.6,0,1607.4432000000002
21.05.12,1070.0,373,43.7,38.1,34.5,36.6,0,1451.8412999999998
21.05.12,1080.0,334,43,37.9,34.6,36.6,0,1303.0364
21.05.12,1090.0,302,41.8,37.5,34.7,36.4,0,1173.817
21.05.12,1100.0,266,41.1,37.4,34.7,36.5,0,1030.1688000000001
21.05.12,1110.0,234,40.3,36.9,34.7,36.3,0,905.668
21.05.12,1120.0,200,39.1,36.6,34.8,36,0,767.0383
21.05.12,1130.0,173,38.2,36.6,34.8,36,0,660.8304
21.05.12,1140.0,146,37.5,36.4,34.9,35.8,0,554.0098
21.05.12,1150.0,123,36.7,35.9,34.9,35.5,0,460.8749
21.05.12,1160.0,100,35.9,35.6,34.9,35.3,0,371.30060000000003
21.05.12,1170.0,79,35.3,35.1,34.9,35.1,0,289.03679999999997
21.05.12,1180.0,59,34.3,34.4,34.8,34.6,0,214
21.05.12,1190.0,41,33.6,33.9,34.8,34.2,0,144.8889
21.05.12,1200.0,26,32.8,33.3,34.6,33.7,0,88.2702
21.05.12,1210.0,16,32.1,32.8,34.5,33.2,0,52.900800000000004
21.05.12,1220.0,7,31.6,32.3,34.4,32.8,0,19.72
21.05.12,1230.0,2,31,31.9,34.3,32.3,828,2.4120000000000004
21.05.12,1240.0,0,30.6,31.6,34.3,32,1338,1.9072
21.05.12,1250.0,0,30.2,31.2,34.1,31.7,1626,1.8968
21.05.12,1260.0,0,29.9,30.9,34.1,31.4,1920,2.358
21.05.12,1270.0,0,29.7,30.8,34,31.3,2016,2.3505
21.05.12,1280.0,0,29.5,30.5,33.9,31,2112,2.3435
21.05.12,1290.0,0,29.4,30.4,33.9,30.8,2256,2.3350000000000004
21.05.12,1300.0,0,29.1,30.1,34,30.5,2235,2.331
21.05.12,1310.0,0,28.9,29.9,33.8,30.4,2220,2.3275
21.05.12,1320.0,0,28.9,29.8,33.7,30.3,2163,2.325
21.05.12,1330.0,0,28.9,29.7,33.6,30.2,2130,2.322
21.05.12,1340.0,0,28.8,29.6,33.6,30,2109,2.3190000000000004
21.05.12,1350.0,0,28.6,29.3,33.7,29.7,2091,2.3155
21.05.12,1360.0,0,28.3,29.1,33.4,29.5,2025,2.7768
21.05.12,1370.0,0,28.1,28.9,33.2,29.2,1983,2.7737999999999996
21.05.12,1380.0,0,27.9,28.7,33.1,29.1,1935,2.7714
21.05.12,1390.0,0,27.8,28.6,33,29,1923,2.7678000000000003
21.05.12,1400.0,0,27.6,28.4,32.9,28.8,1923,2.3030000000000004
21.05.12,1410.0,0,27.4,28.4,32.8,28.7,1932,2.299
21.05.12,1420.0,0,27.2,28.1,32.6,28.6,1962,2.294
21.05.12,1430.0,0,26.9,28,32.6,28.4,1947,2.291
21.05.12,1440.0,0,26.7,27.8,32.6,28.3,1893,2.2885000000000004
22.05.12,10.0,0,26.5,27.7,32.5,28.2,1932,2.2835
22.05.12,20.0,0,26.4,27.6,32.5,28.1,1944,2.2785
22.05.12,30.0,0,26.4,27.6,32.4,28,1941,2.274
22.05.12,40.0,0,26.7,27.6,32.3,28,1923,2.2704999999999997
22.05.12,50.0,0,26.8,27.7,32.2,28,1884,2.2670000000000003
22.05.12,60.0,0,26.5,27.5,32.1,28,1869,2.2625
22.05.12,70.0,0,26.2,27.4,32,27.9,1749,2.2615
22.05.12,80.0,0,26.2,27.3,32,27.8,1776,2.256
22.05.12,90.0,0,26.3,27.4,32,27.9,1794,2.25
22.05.12,100.0,0,26.3,27.4,32,27.8,1767,2.245
22.05.12,110.0,0,26.2,27.3,32,27.7,1749,2.2395
22.05.12,120.0,0,26,27.2,32,27.6,1710,2.234
22.05.12,130.0,0,25.8,27,32,27.4,1695,2.227
22.05.12,140.0,0,25.5,26.8,32,27.3,1662,2.2190000000000003
22.05.12,150.0,0,25.1,26.6,32,27.1,1698,2.2070000000000003
22.05.12,160.0,0,24.7,26.5,32.1,27,1602,2.2
22.05.12,170.0,0,24.1,26.4,32,26.9,1500,2.1945
22.05.12,180.0,0,23.8,26.5,31.7,26.8,1554,2.1795000000000004
22.05.12,190.0,0,23.8,26.4,31.6,26.8,1470,2.1710000000000003
22.05.12,200.0,0,23.7,26.3,31.6,26.8,0,1.3617
22.05.12,210.0,0,23.7,26.3,31.6,26.8,0,1.3716
22.05.12,220.0,0,23.6,26.3,31.5,26.8,0,1.3767
22.05.12,230.0,0,23.8,26.3,31.4,26.8,0,1.3802999999999999
22.05.12,240.0,0,23.9,26.4,31.4,26.8,0,1.383
22.05.12,250.0,0,24.2,26.5,31.3,26.8,0,1.3847999999999998
22.05.12,260.0,0,24.6,26.6,31.3,27,0,1.3862999999999999
22.05.12,270.0,0,24.7,26.6,31.1,27.1,0,1.3878
22.05.12,280.0,0,24.7,26.6,31.1,27.1,0,1.3886999999999998
22.05.12,290.0,0,24.5,26.4,31,26.9,0,1.3893
22.05.12,300.0,0,24.3,26.3,30.9,26.7,0,1.3899
22.05.12,310.0,0,24.2,26.2,30.8,26.6,0,1.3905
22.05.12,320.0,0,24.1,26,30.7,26.5,0,1.3908
22.05.12,330.0,0,24.1,25.9,30.7,26.4,0,1.3910999999999998
22.05.12,340.0,0,24.4,25.9,30.7,26.3,0,1.3914
22.05.12,350.0,0,24.5,25.9,30.7,26.3,0,1.3917
22.05.12,360.0,0,24.5,25.8,30.8,26.2,0,1.3917
22.05.12,370.0,0,24.5,25.8,30.8,26.2,0,1.392
22.05.12,380.0,0,24.4,25.8,30.7,26.2,0,1.392
22.05.12,390.0,0,24.2,25.6,30.7,26.3,0,1.392
22.05.12,400.0,0,24.1,25.7,30.7,26.3,0,1.392
22.05.12,410.0,0,24.2,25.8,30.6,26.2,0,1.3922999999999999
22.05.12,420.0,0,24.2,25.7,30.5,26.1,0,1.3922999999999999
22.05.12,430.0,0,24.2,25.6,30.5,26.1,0,1.3922999999999999
22.05.12,440.0,0,23.9,25.6,30.5,26.1,0,1.3922999999999999
22.05.12,450.0,0,23.5,25.6,30.4,26.2,0,1.3922999999999999
22.05.12,460.0,2,23.4,25.5,30.3,26.1,0,2.3205
22.05.12,470.0,6,23.9,25.6,30.2,26,0,15.331800000000001
22.05.12,480.0,10,24.5,25.7,30.1,26.1,0,30.7362
22.05.12,490.0,15,24.9,25.8,30.1,26.1,0,45.7562
22.05.12,500.0,21,25.1,25.9,30,26.2,0,67.4064
22.05.12,510.0,28,25.4,25.9,30,26.2,0,95.26789999999998
22.05.12,520.0,34,25.7,26,30,26.3,0,116.56
22.05.12,530.0,48,26,26.2,29.9,26.3,0,167.134
22.05.12,540.0,69,26.6,26.4,29.8,26.5,0,242.08469999999997
22.05.12,550.0,84,27.3,26.7,29.7,26.7,0,296.1321
22.05.12,560.0,85,27.7,26.8,29.6,26.9,0,300.2556
22.05.12,570.0,102,28.2,26.9,29.5,27.1,0,361.692
22.05.12,580.0,167,29.7,27.6,29.6,27.3,0,603.092
22.05.12,590.0,170,30.7,27.8,29.6,27.5,0,609.6640000000001
22.05.12,600.0,175,31,28.1,29.6,27.7,0,631.1508
22.05.12,610.0,193,31.5,28.5,29.7,27.7,0,698.0658
22.05.12,620.0,176,31.9,28.6,29.7,28,0,633.6424999999999
22.05.12,630.0,166,31.5,28.6,29.7,28.1,0,602.3525999999999
22.05.12,640.0,180,31,28.6,29.7,28.1,0,650.216
22.05.12,650.0,198,31.3,28.7,29.8,28.3,0,717.3624000000001
22.05.12,660.0,179,31.4,28.9,29.8,28.5,0,650.3462000000001
22.05.12,670.0,163,30.9,28.6,29.8,28.4,0,589.8672
22.05.12,680.0,174,30.9,28.7,29.8,28.5,0,629.5373999999999
22.05.12,690.0,175,31,28.7,29.8,28.5,0,633.4195000000001
22.05.12,700.0,174,31,28.7,29.8,28.6,0,630.8055
22.05.12,710.0,186,31.3,28.9,29.9,28.6,0,677.9854999999999
22.05.12,720.0,198,31.6,29.2,29.9,28.7,0,718.5809
22.05.12,730.0,196,31.7,29.2,29.8,28.6,0,712.2864
22.05.12,740.0,210,32.1,29.4,29.8,28.6,0,769.105
22.05.12,750.0,223,32.3,29.4,29.8,28.6,0,813.8772
22.05.12,760.0,245,32.7,29.6,29.8,28.7,0,898.263
22.05.12,770.0,262,32.8,29.6,29.8,28.8,0,963.7175
22.05.12,780.0,269,33.5,30,29.9,29.1,0,988.9308
22.05.12,790.0,262,33.8,30.1,29.9,29.2,0,963.5583999999999
22.05.12,800.0,258,33.8,30.3,30,29.4,210,944.8751999999998
22.05.12,810.0,284,34.5,30.6,30,29.6,1320,1014.0630000000001
22.05.12,820.0,287,34.7,30.8,30.1,29.8,1293,1019.3885999999999
22.05.12,830.0,264,34.4,30.6,30.1,29.7,1377,931.6674
22.05.12,840.0,284,34.6,30.8,30.1,29.9,1320,1005.7739999999999
22.05.12,850.0,325,35.6,31.3,30.2,30.2,1284,1149.5825
22.05.12,860.0,366,37,31.8,30.3,30.4,1191,1302.2607
22.05.12,870.0,359,37.5,32,30.4,30.5,1155,1284.9837
22.05.12,880.0,351,37.7,32.2,30.4,30.7,1146,1251.1548
22.05.12,890.0,383,38.5,32.3,30.5,30.7,1128,1376.7087999999999
22.05.12,900.0,422,39.8,32.6,30.5,31,1176,1521.311
22.05.12,910.0,458,41,33.2,30.6,31.1,1167,1662.8535
22.05.12,920.0,479,43.3,33.7,30.6,31.8,1179,1749.4076000000002
22.05.12,930.0,451,43.7,33.9,30.7,31.8,1197,1639.4659999999997
22.05.12,940.0,374,41.1,33.3,30.8,31.5,1284,1341.8860000000002
22.05.12,950.0,381,41,33.5,30.8,31.7,1266,1370.808
22.05.12,960.0,371,41.3,33.6,30.9,31.9,1278,1326.9574
22.05.12,970.0,363,40.9,33.5,31,31.9,1242,1299.7695999999999
22.05.12,980.0,366,41.7,33.9,31,32.4,1224,1309.2155999999998
22.05.12,990.0,457,41.9,34.1,31.2,32.2,1287,1645.8777
22.05.12,1000.0,646,46.5,35.2,31.3,32.6,489,2414.1612
22.05.12,1010.0,470,47.7,35.2,31.3,34,0,1754.1392999999998
22.05.12,1020.0,420,45.5,34.8,31.4,33,0,1567.4253
22.05.12,1030.0,372,43.2,34.3,31.5,33.1,0,1386.4540000000002
22.05.12,1040.0,378,43.3,34.5,31.5,34.4,0,1402.1821
22.05.12,1050.0,328,43.5,35,31.6,34.1,0,1217.463
22.05.12,1060.0,308,43.4,35.1,31.7,36.2,0,1139.1525
22.05.12,1070.0,172,40.7,34.2,31.7,36.4,0,626.5659999999999
22.05.12,1080.0,203,38.8,34,31.7,35.6,0,743.6492000000001
22.05.12,1090.0,283,40.6,34.8,31.8,35.7,0,1043.04
22.05.12,1100.0,270,41.8,35.1,31.9,36,0,992.5657000000001
22.05.12,1110.0,240,41.9,35.1,31.9,36,0,883.3574000000001
22.05.12,1120.0,206,41,35,32,36.6,0,752.3035
22.05.12,1130.0,175,39.8,35.4,32.1,35.7,0,639.612
22.05.12,1140.0,139,37.9,35.2,32.1,35.1,0,505.1535999999999
22.05.12,1150.0,119,37,34.7,32.2,36.3,0,428.29600000000005
22.05.12,1160.0,96,36.1,34.9,32.2,35.3,0,339.36449999999996
22.05.12,1170.0,76,35.1,34.5,32.3,35.1,0,266.9595
22.05.12,1180.0,59,34.1,34,32.3,34.2,0,207.905
22.05.12,1190.0,45,32.9,33.4,32.3,33.7,0,156.33
22.05.12,1200.0,31,31.9,32.9,32.3,33.4,0,106.9152
22.05.12,1210.0,19,31.1,32.4,32.3,33,0,61.5168
22.05.12,1220.0,8,30.2,32,32.3,32.8,0,23.5004
22.05.12,1230.0,2,30,31.6,32.3,32.3,0,3.3523000000000005
22.05.12,1240.0,0,29.7,31.2,32.3,31.9,1374,1.8659999999999999
22.05.12,1250.0,0,29.4,30.9,32.3,31.6,1806,2.3095
22.05.12,1260.0,0,29.4,30.9,32.3,31.4,2013,2.7552
22.05.12,1270.0,0,29.7,30.8,32.3,31.3,2079,2.7444
22.05.12,1280.0,0,29.5,30.3,32.3,30.8,2154,2.7323999999999997
22.05.12,1290.0,0,29.1,29.8,32.3,30.3,2280,2.7179999999999995
22.05.12,1300.0,0,28.8,29.6,32.3,30,2250,2.7089999999999996
22.05.12,1310.0,0,28.6,29.5,32.3,29.9,2349,2.694
22.05.12,1320.0,0,28.4,29.2,32.2,29.7,2328,2.682
22.05.12,1330.0,0,28.2,29,32.2,29.4,2310,2.2235
22.05.12,1340.0,0,28,28.8,32.2,29.2,2280,2.6532
22.05.12,1350.0,0,27.8,28.6,32.3,29,2247,2.6357999999999997
22.05.12,1360.0,0,27.5,28.3,32.3,28.7,2262,2.6118
22.05.12,1370.0,0,27.2,28,32.2,28.4,2259,2.5818
22.05.12,1380.0,0,26.9,27.6,32,27.9,2160,2.5512
22.05.12,1390.0,0,26.6,27.4,32,27.8,0,1.3578
22.05.12,1400.0,0,26.4,27.1,31.8,27.5,0,1.3698
22.05.12,1410.0,0,26.3,27,31.8,27.4,0,1.3752
22.05.12,1420.0,0,26.1,26.8,31.5,27.1,0,1.3788
22.05.12,1430.0,0,25.9,26.6,31.4,27,0,1.3812
22.05.12,1440.0,0,25.7,26.5,31.1,26.8,0,1.383
23.05.12,10.0,0,25.7,26.4,31.2,26.7,0,1.3841999999999999
23.05.12,20.0,0,25.6,26.3,31.1,26.7,0,1.3854
23.05.12,30.0,0,25.5,26.2,31.1,26.6,0,1.3862999999999999
23.05.12,40.0,0,25.4,26.2,31.1,26.5,0,1.3868999999999998
23.05.12,50.0,0,25.4,26.1,31,26.5,0,1.3875
23.05.12,60.0,0,25.4,26.1,30.9,26.5,0,1.3881000000000001
23.05.12,70.0,0,25.4,26.1,30.9,26.5,0,1.3884
23.05.12,80.0,0,25.4,26.1,30.8,26.4,0,1.3886999999999998
23.05.12,90.0,0,25.3,26,30.6,26.4,0,1.3889999999999998
23.05.12,100.0,0,25.3,26,30.6,26.3,0,1.3893
23.05.12,110.0,0,25.2,26,30.6,26.3,0,1.3896
23.05.12,120.0,0,25.1,25.9,30.6,26.3,0,1.3896
23.05.12,130.0,0,25,25.8,30.5,26.2,0,1.3899
23.05.12,140.0,0,24.9,25.8,30.4,26.2,0,1.3899
23.05.12,150.0,0,24.9,25.8,30.4,26.1,0,1.3902
23.05.12,160.0,0,24.8,25.7,30.4,26.1,0,1.3902
23.05.12,170.0,0,24.7,25.7,30.3,26,0,1.3902
23.05.12,180.0,0,24.6,25.6,30.2,26,0,1.3902
23.05.12,190.0,0,24.6,25.6,30.2,26,0,1.3905
23.05.12,200.0,0,24.5,25.5,30.1,25.9,0,1.3905
23.05.12,210.0,0,24.4,25.5,30.1,25.9,0,1.3905
23.05.12,220.0,0,24.4,25.4,30,25.8,0,1.3905
23.05.12,230.0,0,24.3,25.4,29.9,25.9,0,1.3905
23.05.12,240.0,0,24.2,25.4,29.9,25.8,0,1.3905
23.05.12,250.0,0,24.1,25.3,29.9,25.7,0,1.3908
23.05.12,260.0,0,24,25.2,29.8,25.6,0,1.3908
23.05.12,270.0,0,23.9,25.1,29.7,25.6,0,1.3908
23.05.12,280.0,0,23.9,25.1,29.7,25.5,0,1.3908
23.05.12,290.0,0,23.9,25.1,29.7,25.5,0,1.3908
23.05.12,300.0,0,24,25.1,29.6,25.5,0,1.3908
23.05.12,310.0,0,23.9,25,29.5,25.4,0,1.3908
23.05.12,320.0,0,23.8,25,29.4,25.4,0,1.3908
23.05.12,330.0,0,23.6,24.9,29.4,25.3,0,1.3908
23.05.12,340.0,0,23.5,24.9,29.4,25.3,0,1.3908
23.05.12,350.0,0,23.5,24.8,29.4,25.3,0,1.3908
23.05.12,360.0,0,23.5,24.8,29.3,25.3,0,1.3908
23.05.12,370.0,0,23.4,24.8,29.3,25.3,0,1.3910999999999998
23.05.12,380.0,0,23.3,24.8,29.3,25.2,0,1.3910999999999998
23.05.12,390.0,0,23.1,24.7,29.3,25.1,0,1.3910999999999998
23.05.12,400.0,0,22.9,24.6,29.2,25.1,0,1.3910999999999998
23.05.12,410.0,0,22.8,24.6,29.2,25,0,1.3910999999999998
23.05.12,420.0,0,22.7,24.5,29,25,0,1.3910999999999998
23.05.12,430.0,0,22.6,24.4,29,24.9,0,1.3910999999999998
23.05.12,440.0,0,22.7,24.4,28.9,24.8,0,1.3910999999999998
23.05.12,450.0,0,22.8,24.4,28.9,24.8,0,1.3910999999999998
23.05.12,460.0,3,23,24.4,28.8,24.8,0,4.638000000000001
23.05.12,470.0,10,23.2,24.5,28.8,24.9,0,29.7472
23.05.12,480.0,21,23.5,24.6,28.7,24.9,0,67.2624
23.05.12,490.0,28,23.7,24.7,28.7,24.9,0,94.738
23.05.12,500.0,32,23.8,24.7,28.6,25,0,107.53840000000001
23.05.12,510.0,39,24.1,24.8,28.5,25.1,0,133.9785
23.05.12,520.0,48,24.4,25,28.6,25.2,0,165.14549999999997
23.05.12,530.0,69,24.9,25.2,28.5,25.3,0,240.04439999999997
23.05.12,540.0,101,26.1,25.7,28.5,25.5,0,357.8148
23.05.12,550.0,124,27.2,26,28.5,25.7,0,442.5219
23.05.12,560.0,144,28.2,26.6,28.5,26,0,516.6510999999999
23.05.12,570.0,192,29.6,27.3,28.5,26.5,0,698.2511999999999
23.05.12,580.0,186,30.8,27.8,28.5,27,0,672.2646
23.05.12,590.0,147,30.2,27.6,28.5,27.1,0,526.7878000000001
23.05.12,600.0,172,30.1,27.6,28.5,27.2,0,619.1878
23.05.12,610.0,252,31.6,28.4,28.5,27.4,0,914.3810000000001
23.05.12,620.0,421,35.8,29.9,28.7,28.2,825,1526.7312
23.05.12,630.0,364,37.9,30.5,28.8,28.9,1362,1295.3178
23.05.12,640.0,416,39,31,28.9,29.3,1317,1477.665
23.05.12,650.0,489,41,31.5,28.9,29.6,1272,1762.25
23.05.12,660.0,547,44,32.1,29,30.9,1314,1976.4006
23.05.12,670.0,527,44.7,33.1,29.1,30.9,1320,1904.83
23.05.12,680.0,593,45.8,33.3,29.2,31.6,1293,2165.3372
23.05.12,690.0,601,47.1,33.7,29.3,31.9,1287,2192.9625
23.05.12,700.0,632,47.7,33.7,29.5,32.3,1278,2311.5638999999996
23.05.12,710.0,652,48.3,34.9,29.6,32.4,1251,2399.8601000000003
23.05.12,720.0,673,49.9,35.1,29.7,33.2,1227,2476.9875
23.05.12,730.0,704,49.3,35.2,29.9,33.1,1218,2605.5656
23.05.12,740.0,715,51.3,35.3,30.1,34.4,1248,2641.1976000000004
23.05.12,750.0,732,51.9,36.5,30.2,34.3,1251,2710.5021
23.05.12,760.0,748,51.2,36.8,30.3,34.4,1263,2783.1175
23.05.12,770.0,759,51.9,37.4,30.4,34.6,1251,2817.885
23.05.12,780.0,779,51.9,37.4,30.6,34.8,1236,2909.7027
23.05.12,790.0,780,53.3,38.1,30.8,35.3,1251,2910.2547
23.05.12,800.0,791,52.8,38,31,35.5,1251,2951.2938
23.05.12,810.0,798,54.5,38.5,31.2,36,1245,2992.6701000000003
23.05.12,820.0,798,55.3,38.7,31.4,36.6,1242,2982.2252
23.05.12,830.0,791,54.9,38.5,31.6,36.6,1188,2961.1602999999996
23.05.12,840.0,791,55.5,39.3,31.7,36.9,1206,2971.7158999999997
23.05.12,850.0,786,54.8,39.5,31.9,36.8,1230,2943.7326999999996
23.05.12,860.0,781,55.8,39.4,32.2,37.6,1215,2938.7622
23.05.12,870.0,775,54.6,39.7,32.2,37,1233,2909.3256
23.05.12,880.0,772,55.5,39.9,32.4,37.5,1248,2895.4704
23.05.12,890.0,763,54.9,39.5,32.5,37.8,1158,2877.7512
23.05.12,900.0,745,56.7,39.8,32.9,38.8,1185,2798.1996
23.05.12,910.0,734,55.4,40.5,32.9,37.9,1224,2759.9590000000003
23.05.12,920.0,721,56.5,40.7,33.1,39.1,1197,2715.4609
23.05.12,930.0,689,55.2,40.8,33.3,38.6,1194,2586.0507
23.05.12,940.0,682,54.6,40.1,33.4,38.4,45,2620.925
23.05.12,950.0,663,53.2,40.7,33.5,38.3,0,2542.0325999999995
23.05.12,960.0,624,54,40.4,33.8,39.6,0,2387.547
23.05.12,970.0,606,54.4,41.2,33.9,39.2,0,2325.4460999999997
23.05.12,980.0,590,52.2,40.5,34,38.6,0,2259.243
23.05.12,990.0,563,52.2,40.8,34.2,39.3,0,2157.9894
23.05.12,1000.0,525,52.5,40.7,34.4,39.7,0,2013.7754999999997
23.05.12,1010.0,516,53.4,41.1,34.5,39.9,0,1973.3744999999997
23.05.12,1020.0,464,52.1,40.2,34.7,39.6,0,1778.7681
23.05.12,1030.0,451,50.3,40.7,34.8,39.6,0,1728.3747
23.05.12,1040.0,421,50.3,40.3,35,40.7,0,1606.9347
23.05.12,1050.0,400,49.3,40.4,35.1,39.9,0,1532.9412
23.05.12,1060.0,346,48.8,40.5,35.1,39.5,0,1317.274
23.05.12,1070.0,323,47.4,40,35.3,39.5,0,1227.8112
23.05.12,1080.0,295,45.4,39.5,35.4,38.8,0,1122.0825
23.05.12,1090.0,266,44.6,39.4,35.4,39.1,0,1007.3196
23.05.12,1100.0,235,42.7,39.1,35.7,38.5,0,892.0548
23.05.12,1110.0,206,41.6,38.8,35.7,38.4,0,777.4345000000001
23.05.12,1120.0,187,40.3,37.3,35.8,37.4,0,706.4678
23.05.12,1130.0,162,37.5,35.7,35.8,35.6,0,612.5322
23.05.12,1140.0,135,36.1,35,35.7,35,0,504.30780000000004
23.05.12,1150.0,115,35.5,34.8,35.7,34.8,0,428.67140000000006
23.05.12,1160.0,99,35,34.5,35.6,34.5,0,369.90720000000005
23.05.12,1170.0,80,34.3,33.9,35.6,34.1,0,294.19980000000004
23.05.12,1180.0,59,33.5,33.5,35.5,33.7,0,215.80349999999999
23.05.12,1190.0,41,32.8,33,35.5,33.3,0,147.3908
23.05.12,1200.0,27,32.2,32.8,35.4,33,0,91.698
23.05.12,1210.0,16,31.7,32.4,35.4,32.7,0,50.1432
23.05.12,1220.0,7,31.2,32.1,35.4,32.5,108,18.1041
23.05.12,1230.0,2,30.7,31.8,35.3,32.2,1260,2.8518
23.05.12,1240.0,0,30.4,31.6,35.3,32,1524,1.892
23.05.12,1250.0,0,30.1,31.1,35.2,31.5,1827,1.8812
23.05.12,1260.0,0,29.8,31,35.2,31.4,1950,2.3435
23.05.12,1270.0,0,29.6,30.8,35.2,31.2,2022,2.337
23.05.12,1280.0,0,29.3,30.4,35.1,30.8,2133,2.3295000000000003
23.05.12,1290.0,0,28.9,30.1,35.1,30.6,2175,2.324
23.05.12,1300.0,0,28.7,29.8,35,30.2,2253,2.3175000000000003
23.05.12,1310.0,0,28.4,29.6,35,29.9,2112,2.3175000000000003
23.05.12,1320.0,0,28.1,29.2,34.9,29.6,2100,2.7768
23.05.12,1330.0,0,27.7,28.8,34.9,29.2,2082,2.7725999999999997
23.05.12,1340.0,0,27.4,28.5,34.8,28.9,2064,2.3075
23.05.12,1350.0,0,27.1,28.3,34.7,28.7,2058,2.7647999999999997
23.05.12,1360.0,0,26.9,28.2,34.6,28.5,2058,2.3000000000000003
23.05.12,1370.0,0,26.8,28.1,34.6,28.4,2088,2.295
23.05.12,1380.0,0,26.7,27.9,34.5,28.3,2073,2.7497999999999996
23.05.12,1390.0,0,26.6,27.9,34.4,28.3,2097,2.7438
23.05.12,1400.0,0,26.5,27.8,34.4,28.2,2100,2.282
23.05.12,1410.0,0,26.3,27.7,34.4,28.1,2118,2.277
23.05.12,1420.0,0,26.2,27.6,34.3,27.9,2085,2.273
23.05.12,1430.0,0,26,27.4,34.2,27.8,2115,2.2670000000000003
23.05.12,1440.0,0,26,27.4,34.2,27.8,2082,2.2625
24.05.12,10.0,0,25.9,27.3,34,27.7,2043,2.259
24.05.12,20.0,0,25.7,27,33.9,27.5,1977,2.2555
24.05.12,30.0,0,25.5,26.8,33.7,27.3,1851,2.2545
24.05.12,40.0,0,25.4,26.8,33.7,27.2,1869,2.248
24.05.12,50.0,0,25.3,26.7,33.6,27.2,1896,2.241
24.05.12,60.0,0,25.2,26.6,33.5,27,1875,2.2345
24.05.12,70.0,0,25.1,26.5,33.3,26.9,1842,2.2275
24.05.12,80.0,0,25,26.4,33.2,26.8,1824,2.218
24.05.12,90.0,0,25,26.3,33.1,26.7,1782,2.2075
24.05.12,100.0,0,24.9,26.2,33,26.7,1713,2.1985
24.05.12,110.0,0,24.8,26.2,33,26.6,1707,2.1855
24.05.12,120.0,0,24.8,26.1,33,26.6,1674,2.1715
24.05.12,130.0,0,24.6,26,32.8,26.5,849,1.7672
24.05.12,140.0,0,24.5,25.9,32.7,26.4,0,1.3685999999999998
24.05.12,150.0,0,24.4,25.8,32.6,26.3,0,1.3755
24.05.12,160.0,0,24.3,25.7,32.5,26.2,0,1.3797
24.05.12,170.0,0,24.2,25.6,32.5,26.1,0,1.3827
24.05.12,180.0,0,24.1,25.6,32.4,26,0,1.3847999999999998
24.05.12,190.0,0,24,25.5,32.3,25.9,0,1.3865999999999998
24.05.12,200.0,0,23.9,25.4,32.2,25.8,0,1.3878
24.05.12,210.0,0,23.9,25.3,32.1,25.8,0,1.3889999999999998
24.05.12,220.0,0,23.8,25.3,32,25.7,0,1.3896
24.05.12,230.0,0,23.7,25.2,31.9,25.7,0,1.3905
24.05.12,240.0,0,23.6,25.1,31.9,25.6,0,1.3908
24.05.12,250.0,0,23.6,25.1,31.7,25.5,0,1.3910999999999998
24.05.12,260.0,0,23.6,25,31.6,25.5,0,1.3917
24.05.12,270.0,0,23.5,24.9,31.5,25.4,0,1.3917
24.05.12,280.0,0,23.4,24.8,31.4,25.3,0,1.3917
24.05.12,290.0,0,23.3,24.8,31.4,25.2,0,1.392
24.05.12,300.0,0,23.2,24.7,31.4,25.2,0,1.392
24.05.12,310.0,0,23.1,24.6,31.3,25.1,0,1.3922999999999999
24.05.12,320.0,0,23,24.5,31.1,25,0,1.3922999999999999
24.05.12,330.0,0,23,24.4,31,24.9,0,1.3922999999999999
24.05.12,340.0,0,22.9,24.4,30.9,24.9,0,1.3922999999999999
24.05.12,350.0,0,23,24.4,30.7,24.8,0,1.3922999999999999
24.05.12,360.0,0,22.9,24.3,30.7,24.8,0,1.3922999999999999
24.05.12,370.0,0,22.9,24.3,30.6,24.7,0,1.3922999999999999
24.05.12,380.0,0,22.8,24.2,30.5,24.7,0,1.3922999999999999
24.05.12,390.0,0,22.8,24.2,30.3,24.7,0,1.3922999999999999
24.05.12,400.0,0,22.6,24.1,30.3,24.6,0,1.3922999999999999
24.05.12,410.0,0,22.6,24.1,30.2,24.6,0,1.3922999999999999
24.05.12,420.0,0,22.7,24.1,30.1,24.6,0,1.3922999999999999
24.05.12,430.0,0,22.7,24.1,30,24.6,0,1.3922999999999999
24.05.12,440.0,0,22.7,24.1,29.9,24.6,0,1.3922999999999999
24.05.12,450.0,1,22.6,24,29.8,24.6,0,1.3922999999999999
24.05.12,460.0,3,22.6,24,29.7,24.6,0,6.0346
24.05.12,470.0,10,22.8,24.1,29.6,24.6,0,28.377200000000002
24.05.12,480.0,19,23,24.2,29.6,24.6,0,60.255900000000004
24.05.12,490.0,31,23.4,24.3,29.5,24.6,0,105.10080000000002
24.05.12,500.0,46,23.9,24.4,29.3,24.6,0,157.6845
24.05.12,510.0,63,24.4,24.6,29.2,24.7,0,218.82239999999996
24.05.12,520.0,81,25,24.9,29.2,24.9,0,286.21379999999994
24.05.12,530.0,100,25.5,25.1,29.1,25,0,354.277
24.05.12,540.0,122,26,25.2,29.1,25.1,0,433.71
24.05.12,550.0,145,26.6,25.5,29.1,25.3,0,519.7593999999999
24.05.12,560.0,172,27.4,25.9,29.1,25.5,0,617.0675
24.05.12,570.0,197,28.2,26.2,29.1,25.6,0,712.8776
24.05.12,580.0,226,29,26.6,29.1,25.8,0,819.1237
24.05.12,590.0,257,30,27,29.1,26.1,0,932.946
24.05.12,600.0,286,30.9,27.4,29.1,26.3,0,1047.7728
24.05.12,610.0,320,31.9,27.8,29.1,26.6,0,1169.5855999999999
24.05.12,620.0,350,33,28.3,29.2,27,0,1287.37
24.05.12,630.0,379,34,28.5,29.3,27.3,834,1373.0063
24.05.12,640.0,413,35.2,29.1,29.4,27.7,1308,1482.0624
24.05.12,650.0,445,36.4,30,29.4,27.9,1335,1602.8654
24.05.12,660.0,476,37.6,30.3,29.6,28.7,1323,1712.5059
24.05.12,670.0,507,38.8,30.7,29.7,29,1278,1838.2007999999998
24.05.12,680.0,534,39.5,31,29.8,29.3,1281,1939.4270999999999
24.05.12,690.0,560,40.4,31.7,29.8,29.9,1242,2040.423
24.05.12,700.0,586,41.6,32,30,30.2,1245,2147.3019
24.05.12,710.0,611,42.4,32.4,30.1,30.4,1248,2237.8599
24.05.12,720.0,634,43.3,33,30.1,31,1239,2327.4468
24.05.12,730.0,657,44.1,33.4,30.3,31.5,1224,2427.2829
24.05.12,740.0,676,44.6,33.9,30.4,32,1227,2491.9024
24.05.12,750.0,693,45.4,34.4,30.5,32.3,1209,2571.6235
24.05.12,760.0,707,46.8,35.1,30.6,32.9,1203,2619.6116
24.05.12,770.0,724,47,35.4,30.8,33.4,1212,2690.4736000000003
24.05.12,780.0,739,47.9,35.9,31,33.9,1248,2756.0670999999998
24.05.12,790.0,753,48.7,36.7,31.1,34.4,1275,2806.908
24.05.12,800.0,764,49.2,37.1,31.3,34.9,1266,2847.3201
24.05.12,810.0,771,49.7,37.2,31.5,35.1,1284,2888.5308
24.05.12,820.0,777,49.3,37.4,31.8,35.5,1281,2906.5998
24.05.12,830.0,784,49.6,37.9,32,35.8,1251,2944.8909000000003
24.05.12,840.0,787,50.5,38.5,32.1,36.3,1233,2950.6215
24.05.12,850.0,792,50.6,38.8,32.3,36.8,1197,2974.2144000000003
24.05.12,860.0,792,49.9,39.1,32.8,36.7,1206,2991.2937
24.05.12,870.0,788,49.8,39.1,33.1,36.7,1251,2971.2817
24.05.12,880.0,784,49.7,39.3,33.3,37.1,1239,2959.2272000000003
24.05.12,890.0,778,49.8,39.6,33.6,37.4,1233,2948.1453
24.05.12,900.0,767,49.3,39.1,33.6,37.3,1236,2901.5244000000002
24.05.12,910.0,753,49,39.3,33.9,37.2,1170,2862.4721
24.05.12,920.0,740,47.9,38.5,34,36.4,1155,2811.8753999999994
24.05.12,930.0,720,47,38,34.1,36,993,2740.5096
24.05.12,940.0,696,46.4,37.6,34.1,35.7,0,2701.3875
24.05.12,950.0,682,45.5,36.9,34.2,35.2,0,2645.5409999999997
24.05.12,960.0,656,44.6,36.2,34.3,34.9,0,2547.0116000000003
24.05.12,970.0,632,43.7,35.7,34.4,34.6,0,2466.887
24.05.12,980.0,606,42.9,35.3,34.4,34.2,0,2361.6400000000003
24.05.12,990.0,583,42.2,34.9,34.4,33.8,0,2281.272
24.05.12,1000.0,556,41.6,34.7,34.4,33.4,0,2168.7498
24.05.12,1010.0,527,41,34.4,34.4,33.1,0,2058.2828000000004
24.05.12,1020.0,498,40.2,34.2,34.3,32.7,0,1948.8434
24.05.12,1030.0,470,39.6,33.8,34.4,32.7,0,1837.036
24.05.12,1040.0,443,39,33.6,34.4,32.6,0,1734.2196
24.05.12,1050.0,411,38.3,33.3,34.4,32.4,0,1611.7272
24.05.12,1060.0,377,37.5,33,34.4,32.1,0,1472.5566999999999
24.05.12,1070.0,343,36.9,32.8,34.4,32,0,1343.367
24.05.12,1080.0,311,36,32.3,34.4,31.6,0,1215.0128
24.05.12,1090.0,280,35.2,32.1,34.3,31.5,0,1091.4
24.05.12,1100.0,248,34.3,31.6,34.3,31.1,0,965.4970000000001
24.05.12,1110.0,218,33.4,31.2,34.2,30.7,0,843.5112
24.05.12,1120.0,189,32.6,30.8,33.9,30.4,0,727.0752
24.05.12,1130.0,158,31.7,30.5,33.9,30.2,0,606.1328000000001
24.05.12,1140.0,138,31,30,33.7,29.8,0,525.0067
24.05.12,1150.0,117,30.3,29.6,33.6,29.4,0,442.33639999999997
24.05.12,1160.0,96,29.6,29.2,33.4,29.1,0,360.93800000000005
24.05.12,1170.0,79,28.9,28.7,33.4,28.7,0,294.294
24.05.12,1180.0,63,28.3,28.4,33.2,28.4,0,235.029
24.05.12,1190.0,48,27.8,28,33.1,28.1,0,174.55229999999997
24.05.12,1200.0,32,27.2,27.6,33,27.8,0,114.4605
24.05.12,1210.0,18,26.8,27.4,33,27.7,0,62.193599999999996
24.05.12,1220.0,8,26.3,27.1,32.7,27.4,27,23.6064
24.05.12,1230.0,2,26,27,32.7,27.3,1281,3.3341000000000003
24.05.12,1240.0,0,25.7,26.6,32.5,26.9,1581,1.8948
24.05.12,1250.0,0,25.4,26.4,32.2,26.7,1872,2.355
24.05.12,1260.0,0,25.2,26.3,32.2,26.6,2199,2.808
24.05.12,1270.0,0,25.1,26.1,32.3,26.5,2259,2.8007999999999997
24.05.12,1280.0,0,25,26,32.3,26.3,2253,2.7954
24.05.12,1290.0,0,24.9,25.9,32.1,26.2,2208,2.7912
24.05.12,1300.0,0,24.7,25.8,31.8,26.1,2226,2.7858
24.05.12,1310.0,0,24.6,25.7,31.6,26,2244,2.7798
24.05.12,1320.0,0,24.5,25.6,31.5,26,2244,2.7744
24.05.12,1330.0,0,24.5,25.5,31.6,25.9,2217,2.7702
24.05.12,1340.0,0,24.4,25.5,31.4,25.9,2238,2.7641999999999998
24.05.12,1350.0,0,24.4,25.5,31.2,25.9,2277,2.7576
24.05.12,1360.0,0,24.3,25.5,31.3,25.9,2268,2.294
24.05.12,1370.0,0,24.3,25.4,31.2,25.8,2313,2.745
24.05.12,1380.0,0,24.3,25.4,31,25.8,2304,2.7396
24.05.12,1390.0,0,24.2,25.3,31.1,25.7,2289,2.7342
24.05.12,1400.0,0,24.1,25.3,31.2,25.7,2271,2.274
24.05.12,1410.0,0,24,25.3,31.1,25.7,2232,2.7245999999999997
24.05.12,1420.0,0,24.1,25.2,30.8,25.7,2232,2.7179999999999995
24.05.12,1430.0,0,24,25.2,30.8,25.7,2208,2.2600000000000002
24.05.12,1440.0,0,24,25.2,30.6,25.7,2166,2.256
25.05.12,10.0,0,24,25.2,30.8,25.6,2142,2.2505
25.05.12,20.0,0,23.9,25.1,30.8,25.6,2136,2.2445
25.05.12,30.0,0,23.8,25.1,30.7,25.6,2091,2.2395
25.05.12,40.0,0,23.9,25.1,30.7,25.6,2025,2.2350000000000003
25.05.12,50.0,0,23.8,25,30.6,25.5,1992,2.2285
25.05.12,60.0,0,23.8,25,30.5,25.5,1929,2.2230000000000003
25.05.12,70.0,0,23.7,24.9,30.4,25.4,1938,2.2125
25.05.12,80.0,0,23.6,24.9,30.3,25.4,1932,2.201
25.05.12,90.0,0,23.6,24.8,30.3,25.3,1863,2.189
25.05.12,100.0,0,23.5,24.8,30.3,25.3,1818,2.1745
25.05.12,110.0,0,23.5,24.7,30.2,25.2,1803,2.156
25.05.12,120.0,0,23.4,24.6,30.1,25.1,741,1.7684
25.05.12,130.0,0,23.4,24.6,30,25.1,0,1.3679999999999999
25.05.12,140.0,0,23.3,24.5,30,25,0,1.3755
25.05.12,150.0,0,23.2,24.5,29.9,25,0,1.38
25.05.12,160.0,0,23.2,24.5,29.8,25,0,1.3833
25.05.12,170.0,0,23.1,24.4,29.8,24.9,0,1.3857
25.05.12,180.0,0,23,24.4,29.7,24.9,0,1.3875
25.05.12,190.0,0,23,24.3,29.6,24.8,0,1.3889999999999998
25.05.12,200.0,0,23,24.3,29.5,24.8,0,1.3899
25.05.12,210.0,0,23,24.2,29.4,24.8,0,1.3908
25.05.12,220.0,0,22.9,24.2,29.3,24.7,0,1.3914
25.05.12,230.0,0,22.9,24.2,29.2,24.7,0,1.392
25.05.12,240.0,0,22.8,24.1,29.1,24.7,0,1.3922999999999999
25.05.12,250.0,0,22.8,24.1,29.1,24.6,0,1.3926
25.05.12,260.0,0,22.8,24.1,29,24.6,0,1.3929
25.05.12,270.0,0,22.7,24,28.9,24.5,0,1.3929
25.05.12,280.0,0,22.6,23.9,28.7,24.5,0,1.3931999999999998
25.05.12,290.0,0,22.7,23.9,28.7,24.5,0,0.9288
25.05.12,300.0,0,22.9,24.1,28.6,24.5,0,1.3931999999999998
25.05.12,310.0,0,23,24.1,28.6,24.6,0,1.3935
25.05.12,320.0,0,22.9,24,28.5,24.5,0,1.3935
25.05.12,330.0,0,23.1,24.1,28.4,24.5,0,1.3935
25.05.12,340.0,0,23.2,24.1,28.4,24.6,0,1.3935
25.05.12,350.0,0,23.1,24.1,28.3,24.5,0,1.3935
25.05.12,360.0,0,23.1,24.1,28.1,24.5,0,1.3935
25.05.12,370.0,0,23.3,24.2,28,24.6,0,1.3935
25.05.12,380.0,0,23.5,24.2,27.9,24.6,0,0.929
25.05.12,390.0,0,23.3,24.1,27.8,24.6,0,1.3935
25.05.12,400.0,0,22.8,23.9,27.8,24.4,0,1.3935
25.05.12,410.0,0,22.6,23.8,27.7,24.3,0,1.3935
25.05.12,420.0,0,22.5,23.7,27.7,24.3,0,1.3935
25.05.12,430.0,0,22.5,23.7,27.7,24.3,0,1.3935
25.05.12,440.0,0,22.5,23.7,27.6,24.3,0,0.929
25.05.12,450.0,0,22.4,23.7,27.6,24.3,0,0.929
25.05.12,460.0,3,22.4,23.7,27.5,24.3,0,4.1805
25.05.12,470.0,9,22.5,23.7,27.5,24.3,0,26.527799999999996
25.05.12,480.0,20,22.6,23.8,27.5,24.3,0,63.112500000000004
25.05.12,490.0,33,23,24,27.6,24.4,0,112.30610000000001
25.05.12,500.0,49,23.6,24.3,27.5,24.5,0,167.85399999999998
25.05.12,510.0,66,24.4,24.6,27.5,24.7,0,231.47600000000003
25.05.12,520.0,83,25.3,24.9,27.4,24.9,0,293.26
25.05.12,530.0,93,25.9,25.1,27.4,25,0,327.9276
25.05.12,540.0,103,26.3,25.3,27.3,25.2,0,365.1456
25.05.12,550.0,124,26.8,25.5,27.2,25.3,0,441.9457
25.05.12,560.0,156,27.5,25.9,27.2,25.5,0,561.6755999999999
25.05.12,570.0,187,28.3,26.2,27.3,25.7,0,676.848
25.05.12,580.0,218,28.7,26.5,27.3,25.8,0,792.7788
25.05.12,590.0,240,29.4,26.8,27.3,26,0,881.0088000000001
25.05.12,600.0,271,30,26.9,27.4,26.1,0,995.88
25.05.12,610.0,313,30.9,27.4,27.5,26.4,0,1152.141
25.05.12,620.0,360,32.2,28.1,27.5,26.7,537,1323.85
25.05.12,630.0,415,34.1,28.8,27.6,27.1,804,1519.6692
25.05.12,640.0,432,34.6,28.9,27.7,27.3,732,1592.4024
25.05.12,650.0,466,35.1,29.2,27.8,27.5,705,1720.5888
25.05.12,660.0,498,36.3,29.8,27.9,27.9,696,1841.6181
25.05.12,670.0,527,37.8,30.4,28,28.2,1158,1944.5579999999998
25.05.12,680.0,557,38.1,30.4,28.1,28.4,1125,2054.1586
25.05.12,690.0,583,39.1,31,28.2,28.8,1116,2156.7405000000003
25.05.12,700.0,607,39.8,31.3,28.4,29.1,1107,2258.514
25.05.12,710.0,631,41.3,32.1,28.5,29.6,1131,2349.645
25.05.12,720.0,654,41.7,32.1,28.7,29.5,1128,2445.1344
25.05.12,730.0,671,42.6,32.4,28.8,29.8,1110,2512.1144
25.05.12,740.0,688,43.3,32.7,28.9,29.9,1149,2578.2375
25.05.12,750.0,710,43.4,32.7,29.1,30,1146,2673.528
25.05.12,760.0,724,44,33,29.2,30.1,1143,2728.4961
25.05.12,770.0,740,44.7,33.5,29.4,30.5,1140,2790.1986
25.05.12,780.0,752,45.1,33.9,29.6,31,1137,2850.1775
25.05.12,790.0,763,45.7,33.9,29.7,31,1143,2883.1638
25.05.12,800.0,770,45.8,34.1,29.9,31.3,1089,2929.414
25.05.12,810.0,775,46,34.6,30.1,31.7,1068,2945.292
25.05.12,820.0,780,46.5,35,30.3,32.2,1104,2965.2796
25.05.12,830.0,781,46.6,35.2,30.4,32.2,1098,2979.5526
25.05.12,840.0,788,46.8,35.3,30.6,32.3,1086,3002.5008000000003
25.05.12,850.0,776,47.1,35.8,30.8,32.8,1131,2954.5375
25.05.12,860.0,769,46.9,35.7,31,33.1,1113,2941.3662000000004
25.05.12,870.0,634,44.2,35.1,31.1,33,1062,2397.1773
25.05.12,880.0,752,46.4,36,31.3,33.3,1053,2882.5788
25.05.12,890.0,716,46.8,36.2,31.5,33.6,1038,2732.0688
25.05.12,900.0,706,45.6,36,31.6,33.6,1038,2692.2765
25.05.12,910.0,742,46.3,36.2,31.8,33.8,1032,2854.2878
25.05.12,920.0,727,46.4,36.3,31.9,33.9,1020,2789.072
25.05.12,930.0,708,46.7,36.8,32.1,34.2,1011,2714.6594
25.05.12,940.0,691,46.5,36.9,32.3,34.6,978,2658.5624
25.05.12,950.0,671,46.7,37,32.4,34.6,138,2611.1259
25.05.12,960.0,648,45.9,37,32.6,34.8,0,2538.7675999999997
25.05.12,970.0,625,45.9,37,32.7,34.8,0,2446.8720000000003
25.05.12,980.0,604,45.6,36.8,32.8,34.7,0,2359.4316
25.05.12,990.0,580,45,36.8,32.9,34.8,0,2277.6136
25.05.12,1000.0,552,44.5,36.7,33.1,34.8,0,2163.7434
25.05.12,1010.0,523,44.3,36.7,33.2,34.9,0,2053.4041
25.05.12,1020.0,495,43.9,36.7,33.3,35,0,1948.2464
25.05.12,1030.0,463,43.1,36.6,33.4,35,0,1819.4002
25.05.12,1040.0,433,42.3,36.3,33.5,35,0,1711.0935000000002
25.05.12,1050.0,403,40.8,35.8,33.6,34.8,0,1591.1685
25.05.12,1060.0,373,40.1,35.6,33.6,34.6,0,1476.6495999999997
25.05.12,1070.0,341,39.5,35.4,33.7,34.5,0,1351.462
25.05.12,1080.0,310,38.4,34.9,33.7,34.1,0,1224.6359000000002
25.05.12,1090.0,279,37.9,34.9,33.7,34.1,0,1097.8002000000001
25.05.12,1100.0,248,37,34.3,33.7,33.7,0,976.6623999999999
25.05.12,1110.0,219,36.2,34.1,33.7,33.7,0,853.8699999999999
25.05.12,1120.0,190,35.5,33.6,33.7,33.2,0,739.3134
25.05.12,1130.0,164,34.3,32.7,33.6,32.5,0,630.8543999999999
25.05.12,1140.0,140,33.6,32.7,33.6,32.5,0,537.3788000000001
25.05.12,1150.0,118,32.9,31.9,33.6,32,0,448.5818
25.05.12,1160.0,98,32.1,31.5,33.6,31.6,0,368.212
25.05.12,1170.0,79,31.3,30.9,33.6,31.1,0,296.9775
25.05.12,1180.0,62,30.6,30.6,33.6,30.7,0,230.77660000000003
25.05.12,1190.0,46,30,30.2,33.5,30.4,0,167.5632
25.05.12,1200.0,31,29.2,29.5,33.5,29.8,0,109.7707
25.05.12,1210.0,18,28.6,29.3,33.4,29.6,516,59.7534
25.05.12,1220.0,8,28.1,29,33.4,29.3,687,23.1216
25.05.12,1230.0,2,27.7,28.7,33.3,29,882,3.3572
25.05.12,1240.0,0,27.2,28.3,33.2,28.7,1566,1.8968
25.05.12,1250.0,0,26.9,28,33.2,28.4,1791,1.8884
25.05.12,1260.0,0,26.7,27.9,33.1,28.2,1950,2.3510000000000004
25.05.12,1270.0,0,26.5,27.7,33.1,28.1,2049,2.3435
25.05.12,1280.0,0,26.3,27.5,33.1,27.9,2079,2.8062
25.05.12,1290.0,0,26.1,27.3,32.9,27.7,2127,2.7996
25.05.12,1300.0,0,26,27.1,32.7,27.5,2169,2.7929999999999997
25.05.12,1310.0,0,25.8,26.8,32.7,27.2,2124,2.79
25.05.12,1320.0,0,25.5,26.6,32.6,27.1,2106,2.7858
25.05.12,1330.0,0,25.3,26.5,32.4,26.9,2130,2.7804
25.05.12,1340.0,0,25.2,26.5,32.3,26.9,2097,2.7768
25.05.12,1350.0,0,25.2,26.4,32.2,26.9,2073,2.7725999999999997
25.05.12,1360.0,0,25.2,26.4,32.1,26.9,2064,2.7683999999999997
25.05.12,1370.0,0,25.1,26.5,32.1,26.9,2064,2.7641999999999998
25.05.12,1380.0,0,25.2,26.6,32,27,2055,2.76
25.05.12,1390.0,0,25.3,26.6,31.8,27.1,2055,2.7545999999999995
25.05.12,1400.0,0,25.3,26.5,31.7,27,2037,2.7504
25.05.12,1410.0,0,25.2,26.4,31.6,26.9,2034,2.7455999999999996
25.05.12,1420.0,0,25.1,26.3,31.7,26.8,2031,2.7407999999999997
25.05.12,1430.0,0,25,26.2,31.6,26.7,1983,2.7371999999999996
25.05.12,1440.0,0,24.9,26.2,31.5,26.7,1953,2.278
26.05.12,10.0,0,24.8,26.1,31.4,26.7,1905,2.275
26.05.12,20.0,0,24.7,26.1,31.3,26.6,1854,2.727
26.05.12,30.0,0,24.8,26.1,31.2,26.7,1866,2.2675
26.05.12,40.0,0,24.9,26.1,30.9,26.6,1779,2.266
26.05.12,50.0,0,24.8,26,30.7,26.5,1755,2.262
26.05.12,60.0,0,24.7,25.9,30.7,26.4,1716,2.259
26.05.12,70.0,0,24.7,25.9,30.7,26.4,1707,2.2545
26.05.12,80.0,0,24.7,25.8,30.7,26.4,1701,2.2495000000000003
26.05.12,90.0,0,24.6,25.7,30.7,26.3,1695,2.244
26.05.12,100.0,0,24.5,25.7,30.6,26.2,1686,2.2385
26.05.12,110.0,0,24.4,25.6,30.5,26.2,1665,2.2325
26.05.12,120.0,0,24.3,25.6,30.5,26.2,1656,2.225
26.05.12,130.0,0,24.3,25.6,30.5,26.1,1581,2.2190000000000003
26.05.12,140.0,0,24.2,25.5,30.4,26.1,1566,2.2100000000000004
26.05.12,150.0,0,24.1,25.5,30.3,26.1,1596,2.1975000000000002
26.05.12,160.0,0,24.2,25.5,30.3,26.1,1602,2.185
26.05.12,170.0,0,24.1,25.4,30.2,26,1545,2.1745
26.05.12,180.0,0,24,25.4,30.1,26,891,1.7631999999999999
26.05.12,190.0,0,23.9,25.3,30.1,26,0,1.3671
26.05.12,200.0,0,23.9,25.3,30.1,26,0,1.3743
26.05.12,210.0,0,24,25.3,30,25.9,0,1.3788
26.05.12,220.0,0,23.9,25.1,30,25.7,0,1.3818
26.05.12,230.0,0,23.7,25,29.9,25.6,0,1.3841999999999999
26.05.12,240.0,0,23.6,25,29.9,25.6,0,1.3860000000000001
26.05.12,250.0,0,23.8,25.1,29.7,25.7,0,1.3875
26.05.12,260.0,0,23.8,25,29.6,25.6,0,1.3886999999999998
26.05.12,270.0,0,23.7,24.9,29.7,25.5,0,1.3896
26.05.12,280.0,0,23.5,24.7,29.6,25.3,0,1.3902
26.05.12,290.0,0,23.4,24.7,29.5,25.3,0,1.3908
26.05.12,300.0,0,23.3,24.6,29.4,25.3,0,1.3914
26.05.12,310.0,0,23.3,24.6,29.4,25.2,0,1.3917
26.05.12,320.0,0,23.2,24.6,29.3,25.1,0,1.3917
26.05.12,330.0,0,23.2,24.5,29.2,25,0,1.392
26.05.12,340.0,0,23.2,24.5,29.1,25,0,1.3922999999999999
26.05.12,350.0,0,23,24.4,29.1,24.9,0,1.3922999999999999
26.05.12,360.0,0,22.9,24.3,29,24.8,0,1.3926
26.05.12,370.0,0,22.8,24.2,28.9,24.7,0,1.3926
26.05.12,380.0,0,22.8,24.2,28.9,24.7,0,1.3926
26.05.12,390.0,0,22.7,24.1,28.8,24.7,0,1.3929
26.05.12,400.0,0,22.7,24.1,28.8,24.6,0,1.3929
26.05.12,410.0,0,22.5,24,28.8,24.5,0,1.3929
26.05.12,420.0,0,22.3,23.9,28.8,24.5,0,1.3929
26.05.12,430.0,0,22.2,23.9,28.7,24.4,0,1.3929
26.05.12,440.0,0,22,23.8,28.8,24.4,0,1.3929
26.05.12,450.0,0,21.9,23.7,28.7,24.3,0,1.3929
26.05.12,460.0,3,21.8,23.6,28.7,24.3,0,6.038500000000001
26.05.12,470.0,10,21.8,23.7,28.7,24.3,0,31.195200000000003
26.05.12,480.0,21,22,23.7,28.6,24.2,0,71.5887
26.05.12,490.0,36,22.2,23.8,28.6,24.1,0,126.0672
26.05.12,500.0,53,22.7,24.1,28.5,24.2,0,186.912
26.05.12,510.0,70,23.6,24.6,28.4,24.5,0,251.05679999999998
26.05.12,520.0,90,24.7,25,28.3,24.8,0,319.0042
26.05.12,530.0,111,25.6,25.3,28.2,25,0,399.6663
26.05.12,540.0,135,26.4,25.6,28.2,25.2,0,488.9808
26.05.12,550.0,162,27.2,25.9,28.2,25.4,0,588.4775
26.05.12,560.0,190,27.9,26.2,28.1,25.6,0,698.8359999999999
26.05.12,570.0,220,28.8,26.7,28.1,26,0,809.396
26.05.12,580.0,251,29.7,27.2,28.2,26.3,0,925.6363999999999
26.05.12,590.0,284,30.7,27.7,28.2,26.6,0,1056.3663999999999
26.05.12,600.0,320,32,28.3,28.2,27,0,1188.7238
26.05.12,610.0,353,33,28.6,28.3,27.3,144,1317.8032
26.05.12,620.0,389,34,29.1,28.4,27.6,1275,1415.7649999999999
26.05.12,630.0,423,34.8,29.5,28.5,27.9,1308,1534.4386
26.05.12,640.0,454,36.1,30,28.6,28.2,1326,1655.656
26.05.12,650.0,487,37.5,30.5,28.7,28.5,1323,1777.9248
26.05.12,660.0,519,38.5,31,28.8,28.9,1206,1904.7231
26.05.12,670.0,550,39.4,31.6,28.9,29.3,1182,2034.4017999999999
26.05.12,680.0,579,40.1,31.7,29,29.5,1173,2140.732
26.05.12,690.0,606,42,32.7,29.1,29.9,1158,2257.0479
26.05.12,700.0,633,43.5,33.2,29.3,30.4,1164,2355.1285000000003
26.05.12,710.0,655,45.3,33.7,29.4,30.6,1203,2439.0357
26.05.12,720.0,677,46.3,33.8,29.5,30.9,1188,2534.6592
26.05.12,730.0,700,46.9,33.9,29.7,31.1,1152,2620.1029
26.05.12,740.0,721,48,34.9,29.8,31.7,1110,2708.6544
26.05.12,750.0,739,49.1,35.3,30.1,32.2,1119,2787.4272
26.05.12,760.0,757,48.7,35.4,30.2,32,1146,2848.4703
26.05.12,770.0,773,49.4,35.6,30.3,32.3,1131,2924.6616
26.05.12,780.0,783,50.8,36.4,30.5,32.7,1158,2955.0534
26.05.12,790.0,793,52.3,36.7,30.6,33.1,1170,2993.2880999999998
26.05.12,800.0,799,54.6,37.5,30.8,34.1,1212,3022.728
26.05.12,810.0,806,55,37.1,30.9,34.8,1206,3045.6715
26.05.12,820.0,814,53.5,37.4,31.2,34,1200,3080.8071
26.05.12,830.0,819,51.3,37.1,31.4,34,1236,3115.9604
26.05.12,840.0,825,52.1,37.5,31.6,34.5,1320,3125.9844
26.05.12,850.0,821,52.1,37.5,31.8,34.2,1332,3122.9615999999996
26.05.12,860.0,814,53,37.6,31.9,34.5,1302,3091.4297
26.05.12,870.0,809,51.2,37.2,32.2,34.2,1254,3083.893
26.05.12,880.0,805,50.5,37.7,32.3,34.4,1251,3079.0104
26.05.12,890.0,799,52.4,38,32.5,34.9,1245,3042.5482
26.05.12,900.0,787,53.2,38.4,32.7,35.6,1206,3002.1888
26.05.12,910.0,774,53.2,38.2,32.7,35.3,1140,2963.5032
26.05.12,920.0,756,52,38.3,33,35.3,1077,2894.1875999999997
26.05.12,930.0,739,52.6,38.8,33,35.9,1023,2836.2926
26.05.12,940.0,723,51,38.6,33.4,35.5,585,2787.6965
26.05.12,950.0,704,49.6,38.7,33.5,35.9,0,2740.9767
26.05.12,960.0,684,48.7,38.6,33.8,36.1,0,2674.4356
26.05.12,970.0,660,48.7,38.3,33.9,36,0,2574.1994
26.05.12,980.0,636,49.4,38.6,33.9,36.2,0,2482.117
26.05.12,990.0,607,48.7,38.3,34.1,36,0,2375.4996
26.05.12,1000.0,580,47.8,38.7,34.3,36.4,0,2263.7048
26.05.12,1010.0,552,47.3,38.6,34.4,36.5,0,2163.986
26.05.12,1020.0,522,46.8,38.6,34.6,36.4,0,2041.8320999999999
26.05.12,1030.0,489,46,38.4,34.7,36.5,0,1916.227
26.05.12,1040.0,460,44.7,37.9,34.8,36.4,0,1812.7136
26.05.12,1050.0,428,44.1,37.8,34.9,36.2,0,1683.297
26.05.12,1060.0,395,43.1,37.4,34.9,36.3,0,1555.4835
26.05.12,1070.0,361,42.3,37.4,35.1,36.2,0,1424.4396
26.05.12,1080.0,324,41.8,37.2,35.1,36.3,0,1271.8890000000001
26.05.12,1090.0,295,40.9,37.1,35.2,36.2,0,1157.5197
26.05.12,1100.0,261,40.3,37,35.2,36.2,0,1016.1736000000001
26.05.12,1110.0,227,39.2,36.3,35.3,36.1,0,880.821
26.05.12,1120.0,196,37.4,35.2,35.3,35.1,0,757.4056
26.05.12,1130.0,169,36.4,34.8,35.3,34.7,0,649.4832
26.05.12,1140.0,144,35.6,34.5,35.3,34.3,0,549.396
26.05.12,1150.0,119,34.9,34.1,35.2,34,0,449.68320000000006
26.05.12,1160.0,97,34.2,33.7,35.2,33.8,0,358.48620000000005
26.05.12,1170.0,78,33.4,33.2,35.1,33.3,0,286.311
26.05.12,1180.0,61,32.7,32.7,35.1,33,0,223.72349999999997
26.05.12,1190.0,46,31.9,32.2,35,32.5,0,167.5968
26.05.12,1200.0,32,31.2,31.7,35,32,0,115.304
26.05.12,1210.0,20,30.6,31.4,34.9,31.7,0,66.852
26.05.12,1220.0,9,30,30.8,34.9,31.3,0,27.636000000000003
26.05.12,1230.0,3,29.5,30.5,34.8,30.9,711,4.356
26.05.12,1240.0,0,29.1,30.1,34.7,30.6,1425,1.9052000000000002
26.05.12,1250.0,0,28.7,29.9,34.7,30.3,1788,1.8928
26.05.12,1260.0,0,28.4,29.6,34.6,30,1890,2.3585000000000003
26.05.12,1270.0,0,28,29.2,34.7,29.7,2022,2.35
26.05.12,1280.0,0,27.7,28.9,34.6,29.3,2043,2.8139999999999996
26.05.12,1290.0,0,27.3,28.6,34.6,29,2109,2.339
26.05.12,1300.0,0,27.1,28.3,34.4,28.7,2238,2.7971999999999997
26.05.12,1310.0,0,26.9,28.1,34.4,28.5,2367,2.7876
26.05.12,1320.0,0,26.7,28,34.3,28.4,2340,2.7828
26.05.12,1330.0,0,26.4,27.7,34.3,28.1,2238,2.3175000000000003
26.05.12,1340.0,0,26.1,27.5,34.1,27.9,1926,2.7882
26.05.12,1350.0,0,26,27.3,34,27.7,1935,2.32
26.05.12,1360.0,0,25.8,27.2,34,27.6,1929,2.3165
26.05.12,1370.0,0,25.7,27.1,33.9,27.6,1935,2.7756
26.05.12,1380.0,0,25.6,27.1,33.8,27.5,2061,2.3055
26.05.12,1390.0,0,25.5,27,33.7,27.4,2064,2.7618
26.05.12,1400.0,0,25.4,26.9,33.7,27.3,2022,2.2985
26.05.12,1410.0,0,25.2,26.8,33.6,27.2,2112,2.2920000000000003
26.05.12,1420.0,0,25.1,26.6,33.4,27,2100,2.7455999999999996
26.05.12,1430.0,0,25.1,26.5,33.4,26.9,2028,2.286
26.05.12,1440.0,0,24.9,26.4,33.3,26.8,1992,2.2825
27.05.12,10.0,0,24.6,26.2,33.2,26.7,1929,2.2805
27.05.12,20.0,0,24.6,26.1,33.1,26.6,1959,2.275
27.05.12,30.0,0,24.7,26,32.9,26.5,2031,2.2680000000000002
27.05.12,40.0,0,24.6,26,32.8,26.4,1983,2.265
27.05.12,50.0,0,24.4,25.8,32.8,26.3,1995,2.259
27.05.12,60.0,0,24.2,25.7,32.6,26.1,1971,2.2545
27.05.12,70.0,0,24.1,25.6,32.5,26.1,1929,2.2505
27.05.12,80.0,0,24.1,25.6,32.5,26,1890,2.246
27.05.12,90.0,0,24,25.5,32.4,25.9,1875,2.2405000000000004
27.05.12,100.0,0,23.8,25.4,32.4,25.8,1866,2.234
27.05.12,110.0,0,23.7,25.3,32.3,25.7,1839,2.228
27.05.12,120.0,0,23.7,25.2,32.2,25.6,1824,2.221
27.05.12,130.0,0,23.7,25.1,32,25.5,1710,2.2165
27.05.12,140.0,0,23.6,24.9,31.9,25.4,1632,2.2100000000000004
27.05.12,150.0,0,23.5,24.8,31.8,25.2,1569,2.2025
27.05.12,160.0,0,23.3,24.8,31.8,25.2,1515,2.1940000000000004
27.05.12,170.0,0,23.3,24.7,31.7,25.1,1386,2.1895000000000002
27.05.12,180.0,0,23.1,24.6,31.7,25,1317,2.1835
27.05.12,190.0,0,23,24.5,31.7,24.9,1308,2.174
27.05.12,200.0,0,22.9,24.4,31.6,24.9,615,1.7708000000000002
27.05.12,210.0,0,22.9,24.4,31.5,24.8,0,1.3647
27.05.12,220.0,0,22.9,24.3,31.2,24.7,0,1.3716
27.05.12,230.0,0,22.9,24.2,31.1,24.6,0,1.3760999999999999
27.05.12,240.0,0,22.8,24.2,30.9,24.6,0,1.3791
27.05.12,250.0,0,22.6,24.1,30.9,24.5,0,1.3818
27.05.12,260.0,0,22.6,24.1,30.8,24.5,0,1.3836
27.05.12,270.0,0,22.5,24,30.7,24.4,0,1.3851
27.05.12,280.0,0,22.4,23.9,30.6,24.4,0,1.3862999999999999
27.05.12,290.0,0,22.4,23.9,30.5,24.3,0,1.3872
27.05.12,300.0,0,22.4,23.8,30.4,24.3,0,1.3881000000000001
27.05.12,310.0,0,22.3,23.8,30.4,24.2,0,1.3886999999999998
27.05.12,320.0,0,22.2,23.8,30.3,24.2,0,1.3893
27.05.12,330.0,0,22.3,23.7,30.2,24.2,0,1.3896
27.05.12,340.0,0,22.2,23.7,30.1,24.1,0,1.3899
27.05.12,350.0,0,22.2,23.7,30,24.1,0,1.3902
27.05.12,360.0,0,22.3,23.7,29.8,24.1,0,0.927
27.05.12,370.0,0,22.7,23.8,29.7,24.2,0,1.3908
27.05.12,380.0,0,22.4,23.7,29.6,24.1,0,1.3908
27.05.12,390.0,0,22.4,23.6,29.5,24.1,0,1.3910999999999998
27.05.12,400.0,0,22.3,23.6,29.5,24,0,1.3910999999999998
27.05.12,410.0,0,22.3,23.6,29.4,24,0,0.9274
27.05.12,420.0,0,22.1,23.5,29.4,23.9,0,1.3914
27.05.12,430.0,0,22.1,23.4,29.2,23.9,0,1.3914
27.05.12,440.0,0,22,23.4,29.2,23.8,0,1.3914
27.05.12,450.0,0,22.1,23.3,29,23.8,0,1.3914
27.05.12,460.0,3,22,23.3,28.9,23.8,0,6.0307
27.05.12,470.0,10,22.1,23.3,28.8,23.7,0,31.1617
27.05.12,480.0,22,22.3,23.4,28.8,23.8,0,72.93
27.05.12,490.0,37,22.7,23.5,28.7,23.8,0,125.9868
27.05.12,500.0,53,23.2,23.8,28.6,23.9,0,186.8328
27.05.12,510.0,72,23.7,24,28.6,24.1,0,252.315
27.05.12,520.0,92,24.3,24.3,28.5,24.3,0,325.897
27.05.12,530.0,112,25,24.6,28.4,24.5,0,402.645
27.05.12,540.0,125,25.5,24.8,28.4,24.5,0,448.02449999999993
27.05.12,550.0,160,26.3,25.3,28.4,24.7,0,579.0486
27.05.12,560.0,194,27.5,25.8,28.4,25.1,0,708.939
27.05.12,570.0,223,28.4,26.3,28.4,25.3,0,817.4823
27.05.12,580.0,257,29.5,26.8,28.5,25.7,0,946.3014000000001
27.05.12,590.0,289,30.2,27,28.5,26,0,1066.8476
27.05.12,600.0,323,31.4,27.6,28.6,26.3,0,1193.06
27.05.12,610.0,357,32.8,28.1,28.7,26.6,0,1329.1488
27.05.12,620.0,391,33.9,28.5,28.8,27.2,1035,1423.782
27.05.12,630.0,425,35.2,29.2,28.9,27.7,1236,1538.2794000000001
27.05.12,640.0,459,36.3,29.6,29,28.1,1191,1672.9914999999999
27.05.12,650.0,491,37.4,30.2,29.1,28.5,1179,1791.1296
27.05.12,660.0,525,38.5,30.5,29.2,29,1146,1930.4119999999998
27.05.12,670.0,557,39.7,31.5,29.3,29.5,1131,2051.9
27.05.12,680.0,588,41.4,32.2,29.4,29.9,1134,2171.529
27.05.12,690.0,614,43.2,32.8,29.5,30.5,1152,2276.9446
27.05.12,700.0,641,45.2,34.2,29.6,31.3,1119,2378.5128
27.05.12,710.0,665,45.4,33.9,29.7,31.7,1104,2474.3568999999998
27.05.12,720.0,688,45.9,34.6,29.8,32.2,1107,2573.197
27.05.12,730.0,712,46.9,35.4,30,33.1,1107,2658.768
27.05.12,740.0,732,47.4,35.7,30.2,33.3,1215,2743.5878999999995
27.05.12,750.0,750,48.6,36.5,30.5,33.9,1212,2809.4196
27.05.12,760.0,767,49,36.7,30.6,34.4,1197,2876.7672
27.05.12,770.0,783,49.4,36.9,30.8,35,1218,2948.1255000000006
27.05.12,780.0,796,50.4,37.6,31,35,1230,2989.1406
27.05.12,790.0,808,50.1,37.6,31.2,35.3,1212,3043.278
27.05.12,800.0,816,50.6,38,31.5,35.7,1206,3087.3129999999996
27.05.12,810.0,823,52.3,39.2,31.6,36.3,1137,3115.112
27.05.12,820.0,830,53.6,39.7,31.6,37.1,1095,3147.7913999999996
27.05.12,830.0,835,53.8,39.7,31.8,37.1,1095,3159.8462
27.05.12,840.0,835,53.7,39.8,32.1,37.1,1077,3165.001
27.05.12,850.0,832,53.8,40.1,32.3,37.5,1086,3166.7562
27.05.12,860.0,828,54.9,40.5,32.3,37.8,1104,3143.4208
27.05.12,870.0,823,55.4,40.5,32.5,38,1089,3121.2918
27.05.12,880.0,817,57.5,41.6,32.7,38.8,1074,3106.803
27.05.12,890.0,807,56.1,41.4,32.9,38.6,1101,3062.8245
27.05.12,900.0,790,55.6,41.9,33.4,38.6,1095,3008.4093000000003
27.05.12,910.0,775,57.4,42.1,33.3,39.5,1170,2935.4886
27.05.12,920.0,767,57.3,42.5,33.5,39.8,1155,2907.9312000000004
27.05.12,930.0,752,58.6,41.5,33.9,40.7,1155,2858.9874
27.05.12,940.0,729,56.9,42.5,33.9,40.2,636,2786.4555
27.05.12,950.0,710,56.8,42.7,34.1,40.2,0,2738.3822
27.05.12,960.0,687,58.1,42.9,34.4,41.4,0,2663.0754
27.05.12,970.0,663,57.7,42.3,34.7,41.6,0,2567.005
27.05.12,980.0,635,56.8,42.7,34.7,40.9,0,2463.1089
27.05.12,990.0,609,54.9,42.6,34.8,40.5,0,2359.192
27.05.12,1000.0,581,51.9,41.4,35.1,40.1,0,2256.1073
27.05.12,1010.0,547,51.3,41.4,35.2,40.1,0,2130.9691000000003
27.05.12,1020.0,519,50.1,41.5,35.3,39.9,0,2018.3774
27.05.12,1030.0,491,50.6,41.7,35.6,40.5,0,1910.5331
27.05.12,1040.0,457,49.4,41.3,35.7,40.3,0,1786.4064
27.05.12,1050.0,422,47,40.2,36,39.4,0,1645.8351
27.05.12,1060.0,392,44.9,39.5,36.3,38.9,0,1535.3464
27.05.12,1070.0,357,43.9,39.3,36.3,38.8,0,1393.5328
27.05.12,1080.0,325,43.1,38.9,36.5,38.5,0,1267.1538
27.05.12,1090.0,292,41.7,38.3,36.5,37.9,0,1142.19
27.05.12,1100.0,260,40,37.3,36.5,36.9,0,1010.7905
27.05.12,1110.0,226,38.9,36.7,36.4,36.3,0,876.0232
27.05.12,1120.0,196,37.8,36.2,36.3,35.8,0,754.2528000000001
27.05.12,1130.0,167,37.2,35.9,36.3,35.7,0,637.625
27.05.12,1140.0,142,36.3,35.5,36.2,35.3,0,540.1103
27.05.12,1150.0,120,35.6,35.1,36.2,35.1,0,452.03659999999996
27.05.12,1160.0,100,35,34.8,36.2,34.8,0,371.59540000000004
27.05.12,1170.0,80,34.5,34.6,36.2,34.7,0,298.42560000000003
27.05.12,1180.0,63,34,34.3,36.2,34.6,0,229.1832
27.05.12,1190.0,46,33.4,33.9,36.1,34.2,0,166.9975
27.05.12,1200.0,32,32.7,33.3,36,33.7,0,112.29939999999998
27.05.12,1210.0,19,31.9,32.8,36,33.2,0,64.363
27.05.12,1220.0,9,31.3,32.4,35.9,32.8,0,26.649
27.05.12,1230.0,3,30.8,31.9,35.9,32.4,0,3.9392
27.05.12,1240.0,0,30.1,31.1,35.8,31.6,1224,1.9180000000000001
27.05.12,1250.0,0,29.4,30.5,35.7,30.9,1941,1.8916
27.05.12,1260.0,0,28.8,30,35.6,30.4,2160,2.3535
27.05.12,1270.0,0,28.4,29.6,35.6,30,2253,2.3455
27.05.12,1280.0,0,28.1,29.3,35.5,29.7,2304,2.339
27.05.12,1290.0,0,27.8,29,35.4,29.4,2352,2.7996
27.05.12,1300.0,0,27.4,28.7,35.4,29.1,2304,2.33
27.05.12,1310.0,0,27.1,28.4,35.3,28.8,2364,2.7882
27.05.12,1320.0,0,26.8,28,35.2,28.4,2445,2.3165
27.05.12,1330.0,0,26.5,27.7,35.1,28.1,2445,2.3120000000000003
27.05.12,1340.0,0,26.1,27.4,35.1,27.8,2406,2.3085
27.05.12,1350.0,0,25.9,27.2,34.9,27.6,2406,2.304
27.05.12,1360.0,0,25.7,27,34.8,27.4,2388,2.76
27.05.12,1370.0,0,25.6,26.9,34.7,27.2,2376,2.7552
27.05.12,1380.0,0,25.4,26.8,34.7,27.2,2406,2.7486
27.05.12,1390.0,0,25.3,26.6,34.5,27,2415,2.285
27.05.12,1400.0,0,25.2,26.4,34.3,26.8,2337,2.739
27.05.12,1410.0,0,25,26.4,34.2,26.8,2322,2.278
27.05.12,1420.0,0,24.9,26.3,34.1,26.7,2301,2.7287999999999997
27.05.12,1430.0,0,24.8,26.3,34.1,26.6,2295,2.269
27.05.12,1440.0,0,24.7,26.1,33.9,26.6,2331,2.2625
28.05.12,10.0,0,24.5,26,33.8,26.4,2325,2.7078
28.05.12,20.0,0,24.4,25.9,33.7,26.3,2286,2.7018
28.05.12,30.0,0,24.2,25.7,33.6,26.2,2262,2.2465
28.05.12,40.0,0,24.1,25.5,33.3,26,1998,2.249
28.05.12,50.0,0,24,25.5,33.3,25.9,1956,2.2455
28.05.12,60.0,0,24,25.4,33.2,25.8,1932,2.2405000000000004
28.05.12,70.0,0,23.8,25.4,33.2,25.8,1908,2.2350000000000003
28.05.12,80.0,0,23.7,25.3,33.2,25.8,1863,2.23
28.05.12,90.0,0,23.8,25.3,33.1,25.7,1875,2.2225
28.05.12,100.0,0,23.7,25.2,33,25.6,1782,2.218
28.05.12,110.0,0,23.7,25.1,32.9,25.6,1734,2.211
28.05.12,120.0,0,23.6,25.1,32.8,25.5,1716,2.2015000000000002
28.05.12,130.0,0,23.5,25,32.7,25.4,1638,2.1925000000000003
28.05.12,140.0,0,23.4,24.8,32.4,25.3,1614,2.181
28.05.12,150.0,0,23.3,24.7,32.3,25.2,1602,2.1670000000000003
28.05.12,160.0,0,23.2,24.5,32.2,25.1,657,1.774
28.05.12,170.0,0,22.9,24.4,32.2,24.9,0,1.3679999999999999
28.05.12,180.0,0,22.8,24.3,31.9,24.9,0,1.3752
28.05.12,190.0,0,22.7,24.3,31.8,24.9,0,1.3794
28.05.12,200.0,0,22.6,24.3,31.7,24.8,0,1.3827
28.05.12,210.0,0,22.6,24.2,31.7,24.8,0,1.3851
28.05.12,220.0,0,22.5,24.2,31.6,24.8,0,1.3868999999999998
28.05.12,230.0,0,22.6,24.1,31.5,24.7,0,1.3881000000000001
28.05.12,240.0,0,22.5,24,31.4,24.6,0,1.3893
28.05.12,250.0,0,22.4,24,31.2,24.6,0,1.3899
28.05.12,260.0,0,22.4,24,31.2,24.5,0,1.3905
28.05.12,270.0,0,22.2,23.9,31.1,24.5,0,1.3910999999999998
28.05.12,280.0,0,22.1,23.8,31.1,24.4,0,1.3914
28.05.12,290.0,0,22,23.8,31.1,24.3,0,1.3917
28.05.12,300.0,0,22,23.8,30.9,24.3,0,1.392
28.05.12,310.0,0,22,23.8,30.9,24.3,0,1.3922999999999999
28.05.12,320.0,0,21.9,23.7,30.9,24.2,0,1.3922999999999999
28.05.12,330.0,0,21.8,23.6,30.8,24.1,0,1.3922999999999999
28.05.12,340.0,0,21.7,23.5,30.7,24.1,0,1.3926
28.05.12,350.0,0,21.6,23.4,30.6,24,0,1.3926
28.05.12,360.0,0,21.6,23.4,30.4,24,0,1.3926
28.05.12,370.0,0,21.5,23.3,30.2,23.9,0,1.3926
28.05.12,380.0,0,21.5,23.3,30.1,23.9,0,1.3926
28.05.12,390.0,0,21.5,23.2,30,23.8,0,1.3926
28.05.12,400.0,0,21.4,23.1,29.9,23.7,0,1.3926
28.05.12,410.0,0,21.4,23.1,29.8,23.7,0,1.3926
28.05.12,420.0,0,21.5,23.1,29.6,23.7,0,1.3926
28.05.12,430.0,0,21.5,23.1,29.5,23.7,0,1.3926
28.05.12,440.0,0,21.5,23,29.5,23.6,0,1.3926
28.05.12,450.0,0,21.5,23,29.4,23.6,0,1.3926
28.05.12,460.0,3,21.5,23,29.4,23.6,0,6.501600000000001
28.05.12,470.0,11,21.7,23.1,29.3,23.6,0,33.0505
28.05.12,480.0,23,21.8,23.2,29.2,23.6,0,78.624
28.05.12,490.0,39,22.1,23.4,29,23.7,0,136.9155
28.05.12,500.0,57,22.4,23.7,28.9,23.9,0,202.48800000000003
28.05.12,510.0,77,22.8,24.1,28.9,24.1,0,274.6387
28.05.12,520.0,100,23.1,24.3,28.8,24.2,0,358.83720000000005
28.05.12,530.0,124,24.1,24.7,28.8,24.5,0,446.3163
28.05.12,540.0,146,25.5,25.2,28.7,24.8,0,523.1952
28.05.12,550.0,173,26.7,25.6,28.7,25.2,0,624.6914999999999
28.05.12,560.0,202,27.7,26,28.7,25.5,0,733.0986
28.05.12,570.0,232,28.6,26.6,28.8,25.9,0,847.0998000000001
28.05.12,580.0,262,29.8,27,28.8,26.3,0,963.4430000000001
28.05.12,590.0,294,30.8,27.4,28.9,26.6,0,1081.5066
28.05.12,600.0,324,31.7,27.8,29,27,0,1194.5214
28.05.12,610.0,356,33.1,28.6,29.1,27.6,0,1321.92
28.05.12,620.0,392,34.6,29.3,29.2,28.1,1152,1419.2458
28.05.12,630.0,427,36.6,30.1,29.3,28.6,1287,1542.9887999999999
28.05.12,640.0,457,38.1,30.9,29.4,29,1290,1650.8796
28.05.12,650.0,489,40.5,32.1,29.5,29.8,1251,1779.956
28.05.12,660.0,521,41.6,32.2,29.6,29.8,1203,1907.04
28.05.12,670.0,548,43,33.4,29.6,30.3,1200,2007.3735
28.05.12,680.0,577,44.5,33.6,29.7,31,1302,2111.6420000000003
28.05.12,690.0,604,46.4,34.2,29.9,31.9,1308,2224.6299
28.05.12,700.0,632,48.8,34.5,29.9,32.4,1296,2328.485
28.05.12,710.0,659,51,35,30.1,33.6,1293,2437.365
28.05.12,720.0,680,53.5,36,30.2,34.2,1245,2514.7182
28.05.12,730.0,697,51.8,36.2,30.3,33.3,1281,2582.898
28.05.12,740.0,716,54,36.2,30.5,34.9,1218,2668.5324
28.05.12,750.0,728,54,36.5,30.6,33.9,1197,2710.9789
28.05.12,760.0,744,56.3,38.1,30.7,35.2,1191,2773.3325999999997
28.05.12,770.0,761,57.7,38.4,30.9,36.7,1197,2847.331
28.05.12,780.0,772,58.5,38.7,31.1,37.8,1209,2885.1225
28.05.12,790.0,784,58.4,38.3,31.3,37.8,1203,2943.252
28.05.12,800.0,791,58.4,39.6,31.4,36.7,1200,2960.9242
28.05.12,810.0,802,58.2,39.3,31.6,37,1233,3009.912
28.05.12,820.0,812,60.7,40.4,31.7,38.5,1233,3048.7779
28.05.12,830.0,814,60,40.3,32,37.4,1314,3046.1716
28.05.12,840.0,814,55.4,39.7,32.5,35.9,1320,3058.2125
28.05.12,850.0,816,57,39.9,32.5,36.6,1293,3073.7290000000003
28.05.12,860.0,816,56.9,40.2,32.6,36.7,1227,3069.0694
28.05.12,870.0,810,57.6,40.7,32.8,37.1,1227,3056.9656
28.05.12,880.0,801,56.3,40.6,33.1,37.2,1152,3022.8336
28.05.12,890.0,790,58,41.2,33.2,38.2,1179,2983.5245000000004
28.05.12,900.0,777,58.4,40.9,33.5,37.7,1224,2937.6150000000002
28.05.12,910.0,767,60.3,42.2,33.5,39.7,1218,2886.9343999999996
28.05.12,920.0,755,59.2,41.6,33.6,40,1239,2847.6675
28.05.12,930.0,744,59.7,41.9,33.8,41.5,867,2826.3573
28.05.12,940.0,726,60.5,42.3,34,42.2,0,2788.3926
28.05.12,950.0,701,56,41.5,34.2,39.4,0,2707.7772
28.05.12,960.0,685,55.8,41.6,34.4,39.7,0,2638.3542
28.05.12,970.0,667,56.8,42.5,34.6,40.6,0,2571.9255000000003
28.05.12,980.0,639,57.2,42.3,34.8,41.1,0,2465.3412000000003
28.05.12,990.0,619,56.1,42.2,35,41.2,0,2386.4064000000003
28.05.12,1000.0,590,56.1,42.5,35.1,41,0,2271.0759000000003
28.05.12,1010.0,570,55.3,41.5,35.4,42.2,0,2203.247
28.05.12,1020.0,537,55.9,42.3,35.5,43.8,0,2069.0432
28.05.12,1030.0,516,54.1,41.7,35.7,41.8,0,1993.8252000000002
28.05.12,1040.0,488,54.2,41.9,35.9,42.9,0,1879.7265000000002
28.05.12,1050.0,451,54.2,42.2,36,44,0,1737.0564
28.05.12,1060.0,416,52,41.9,36.1,42.1,0,1608.672
28.05.12,1070.0,382,51.1,41.5,36.2,42.8,0,1471.5224
28.05.12,1080.0,342,48.8,41.2,36.3,41.2,0,1315.5654
28.05.12,1090.0,304,46.8,41.2,36.3,40.5,0,1172.0310000000002
28.05.12,1100.0,271,45.7,41.4,36.5,40.9,0,1037.674
28.05.12,1110.0,234,43.6,39.5,36.6,39.4,0,896.8622
28.05.12,1120.0,204,40.6,38.2,36.7,37.9,0,774.7319
28.05.12,1130.0,170,39,37.7,36.8,37.3,0,644.3962
28.05.12,1140.0,147,37.7,36.9,36.7,36.5,0,553.1370000000001
28.05.12,1150.0,122,36.7,36.3,36.7,36,0,454.5
28.05.12,1160.0,100,35.8,35.6,36.6,35.5,0,366.7599
28.05.12,1170.0,82,35,35.1,36.5,35.1,0,296.3274
28.05.12,1180.0,65,34.4,34.9,36.5,34.9,0,234.859
28.05.12,1190.0,50,33.8,34.5,36.5,34.7,0,178.8179
28.05.12,1200.0,35,33.2,34,36.4,34.3,0,123.60360000000001
28.05.12,1210.0,22,32.4,33.2,36.4,33.6,744,71.2803
28.05.12,1220.0,10,31.2,32,36.3,32.5,1260,30.069899999999997
28.05.12,1230.0,3,29.9,30.9,36.1,31.4,1356,5.7108
28.05.12,1240.0,0,28.9,30,35.9,30.5,1647,1.8932
28.05.12,1250.0,0,28.1,29.3,35.8,29.7,1833,1.8856000000000002
28.05.12,1260.0,0,27.5,28.7,35.7,29.1,2046,1.8772
28.05.12,1270.0,0,27.1,28.3,35.6,28.6,2229,2.337
28.05.12,1280.0,0,26.7,27.8,35.4,28.2,2289,2.331
28.05.12,1290.0,0,26.3,27.6,35.4,27.9,2346,2.3245
28.05.12,1300.0,0,26.1,27.4,35.3,27.8,2448,2.317
28.05.12,1310.0,0,25.9,27.2,35.2,27.6,2442,2.3125
28.05.12,1320.0,0,25.7,27.1,35.1,27.4,2433,2.308
28.05.12,1330.0,0,25.5,26.9,34.8,27.3,2430,2.3035
28.05.12,1340.0,0,25.3,26.8,34.6,27.3,2529,2.7552
28.05.12,1350.0,0,25.1,26.6,34.4,27.1,2637,2.745
28.05.12,1360.0,0,25,26.5,34.4,27,2481,2.7444
28.05.12,1370.0,0,24.9,26.5,34.4,26.9,2469,2.7384
28.05.12,1380.0,0,24.7,26.2,33.9,26.8,2451,2.7329999999999997
28.05.12,1390.0,0,24.7,26.2,33.8,26.7,2472,2.7258
28.05.12,1400.0,0,24.5,26.1,33.7,26.6,2442,2.7204
28.05.12,1410.0,0,24.5,26.1,33.8,26.5,2214,2.7228
28.05.12,1420.0,0,24.5,26,33.8,26.5,2313,2.2605
28.05.12,1430.0,0,24.4,25.9,33.7,26.4,2232,2.257
28.05.12,1440.0,0,24.4,25.8,33.6,26.3,2220,2.2520000000000002
29.05.12,10.0,0,24.3,25.7,33.4,26.2,2202,2.2465
29.05.12,20.0,0,24.2,25.7,33.3,26.1,2241,2.2385
29.05.12,30.0,0,24.2,25.5,33.2,26,2187,2.233
29.05.12,40.0,0,24,25.5,33.1,25.9,2103,2.229
29.05.12,50.0,0,23.9,25.3,33,25.8,2040,2.2235
29.05.12,60.0,0,23.7,25.2,32.8,25.7,2004,2.217
29.05.12,70.0,0,23.5,25,32.8,25.6,1938,2.2100000000000004
29.05.12,80.0,0,23.4,24.9,32.6,25.4,1887,2.2005
29.05.12,90.0,0,23.3,24.8,32.5,25.3,1881,2.1875
29.05.12,100.0,0,23.1,24.6,32.4,25.2,1755,2.1780000000000004
29.05.12,110.0,0,23,24.6,32.2,25.1,1737,2.1620000000000004
29.05.12,120.0,0,22.9,24.5,32.3,25,552,1.782
29.05.12,130.0,0,22.8,24.4,32.1,24.9,0,1.3703999999999998
29.05.12,140.0,0,22.7,24.2,32,24.8,0,1.3772999999999997
29.05.12,150.0,0,22.6,24.1,31.9,24.7,0,1.3815
29.05.12,160.0,0,22.5,24,31.8,24.6,0,1.3844999999999998
29.05.12,170.0,0,22.3,23.9,31.7,24.5,0,1.3868999999999998
29.05.12,180.0,0,22.1,23.8,31.6,24.4,0,1.3884
29.05.12,190.0,0,22,23.7,31.4,24.3,0,1.3896
29.05.12,200.0,0,22,23.6,31.3,24.1,0,1.3905
29.05.12,210.0,0,21.9,23.5,31.1,24,0,1.3914
29.05.12,220.0,0,21.8,23.5,31,24,0,1.3917
29.05.12,230.0,0,21.8,23.4,31,23.9,0,1.3922999999999999
29.05.12,240.0,0,21.7,23.4,30.9,23.8,0,1.3926
29.05.12,250.0,0,21.6,23.3,30.7,23.7,0,1.3929
29.05.12,260.0,0,21.5,23.2,30.6,23.7,0,1.3929
29.05.12,270.0,0,21.5,23.1,30.5,23.6,0,1.3931999999999998
29.05.12,280.0,0,21.3,23,30.4,23.5,0,1.3931999999999998
29.05.12,290.0,0,21.1,22.8,30.3,23.4,0,1.3935
29.05.12,300.0,0,21,22.8,30.3,23.3,0,1.3935
29.05.12,310.0,0,20.8,22.6,30.1,23.2,0,1.3935
29.05.12,320.0,0,20.7,22.6,30.1,23.1,0,1.3935
29.05.12,330.0,0,20.6,22.5,30,23,0,1.3935
29.05.12,340.0,0,20.5,22.4,29.9,22.9,0,1.3935
29.05.12,350.0,0,20.4,22.2,29.7,22.8,0,1.3935
29.05.12,360.0,0,20.3,22.1,29.6,22.7,0,1.3935
29.05.12,370.0,0,20.2,22.1,29.6,22.6,0,1.3935
29.05.12,380.0,0,20.1,22,29.5,22.5,0,1.3935
29.05.12,390.0,0,20.1,21.9,29.4,22.4,0,1.3935
29.05.12,400.0,0,20,21.9,29.2,22.4,0,1.3935
29.05.12,410.0,0,19.9,21.9,29.2,22.4,0,1.3935
29.05.12,420.0,0,19.9,21.9,29,22.4,0,1.3935
29.05.12,430.0,0,19.9,21.8,28.7,22.3,0,1.3935
29.05.12,440.0,0,19.8,21.7,28.6,22.2,0,1.3935
29.05.12,450.0,1,19.7,21.6,28.6,22.1,0,1.3935
29.05.12,460.0,4,19.7,21.5,28.5,22,0,10.2256
29.05.12,470.0,13,19.8,21.6,28.4,22,0,41.958
29.05.12,480.0,26,19.9,21.9,28.3,22.1,0,87.1782
29.05.12,490.0,40,20.2,22.3,28.3,22.1,0,138.4152
29.05.12,500.0,57,20.5,23,28.3,22.3,0,197.76800000000003
29.05.12,510.0,77,20.9,23.4,28.2,22.5,0,268.02090000000004
29.05.12,520.0,100,21.3,23.2,28,22.8,0,356.62080000000003
29.05.12,530.0,126,22.3,23.7,28,23.1,0,448.49699999999996
29.05.12,540.0,153,24,24.2,28,23.5,0,545.2668
29.05.12,550.0,185,25.5,24.9,27.9,23.9,0,663.9243
29.05.12,560.0,220,26.9,25.5,27.9,24.2,0,791.787
29.05.12,570.0,258,28.4,26,27.9,24.7,0,930.3480000000001
29.05.12,580.0,296,29.7,26.5,28,25,0,1073.7849999999999
29.05.12,590.0,334,31,27,28.1,25.3,0,1213.188
29.05.12,600.0,372,32.4,27.5,28.1,25.6,204,1357.1599999999999
29.05.12,610.0,408,33.8,28.1,28.2,26,1278,1449.7178999999999
29.05.12,620.0,446,34.8,28.4,28.3,26.2,1191,1588.9279000000001
29.05.12,630.0,481,36.3,29.1,28.4,26.6,1230,1725.6707000000001
29.05.12,640.0,517,37.9,29.3,28.5,27.1,1254,1854.1875
29.05.12,650.0,550,40.5,30.1,28.6,28,1236,1980.4840000000002
29.05.12,660.0,582,41.5,30.5,28.8,28.3,1221,2112.8228
29.05.12,670.0,614,42.4,30.8,28.9,28.4,1218,2228.7243999999996
29.05.12,680.0,645,44.2,31.2,29,29.3,1227,2355.156
29.05.12,690.0,672,45.8,31.9,29.1,29.7,1200,2458.0242000000003
29.05.12,700.0,699,46.3,32.3,29.3,29.8,1215,2561.9404
29.05.12,710.0,724,47.1,33.1,29.4,30.1,1209,2672.8968
29.05.12,720.0,747,48.4,33.6,29.5,31,1206,2754.8433999999997
29.05.12,730.0,770,50.4,33.9,29.7,31.8,1209,2848.5656
29.05.12,740.0,788,50.8,34.6,29.8,31.7,1290,2927.1466
29.05.12,750.0,809,53,34.1,30,33.2,1299,2999.5368000000003
29.05.12,760.0,825,55.2,34.3,30.2,34.1,1239,3078.6624
29.05.12,770.0,840,56.3,35.5,30.4,34.4,1152,3133.3498
29.05.12,780.0,848,55.6,36.1,30.6,33.9,1146,3172.7686000000003
29.05.12,790.0,861,56.1,35.7,30.8,34.3,1149,3235.0328
29.05.12,800.0,864,57.5,36.4,30.9,34.5,1143,3238.6877999999997
29.05.12,810.0,876,57.8,37.1,31.1,35.4,1131,3291.2292
29.05.12,820.0,879,58.9,37.1,31.3,35.9,1131,3313.7553
29.05.12,830.0,880,58.6,37,31.5,36.9,1098,3313.2520999999997
29.05.12,840.0,880,59.2,37.7,31.7,36.3,1155,3325.3312
29.05.12,850.0,876,58,38.1,31.8,35.6,1161,3301.65
29.05.12,860.0,876,57.8,37.9,32.1,37,1110,3308.9727999999996
29.05.12,870.0,864,58.1,38.3,32.2,37.6,1161,3277.3873
29.05.12,880.0,860,59.9,38.1,32.4,38.6,1176,3251.9266000000002
29.05.12,890.0,850,58.9,39,32.6,37.2,1152,3217.5465
29.05.12,900.0,844,58.7,38.7,32.8,38.9,1083,3211.4028
29.05.12,910.0,827,60.1,39.3,33,39.3,1071,3132.0892
29.05.12,920.0,816,59.6,39.5,33.1,38.3,1101,3100.6184000000003
29.05.12,930.0,799,58.5,39.6,33.3,37.8,1110,3024.0539999999996
29.05.12,940.0,776,60.1,40.7,33.4,39.5,1080,2940.63
29.05.12,950.0,758,59.2,39.3,33.8,40.3,1077,2880.6008
29.05.12,960.0,737,59.1,39.5,33.8,40.4,534,2813.1882
29.05.12,970.0,711,58.9,39.7,33.9,41,0,2739.346
29.05.12,980.0,690,57.9,40.5,34.1,39.6,0,2665.472
29.05.12,990.0,660,57.2,40.6,34.3,40.8,0,2546.5832
29.05.12,1000.0,629,57.2,41.3,34.4,41,0,2436.1740000000004
29.05.12,1010.0,599,56.7,40.4,34.5,40.8,0,2317.1724
29.05.12,1020.0,569,54.4,39.7,34.8,40.1,0,2214.1394999999998
29.05.12,1030.0,535,50.7,39.7,34.9,37.7,0,2094.969
29.05.12,1040.0,500,49.6,39.7,35,37.9,0,1956.872
29.05.12,1050.0,468,50.2,39.8,35.1,39.3,0,1833.3832
29.05.12,1060.0,433,50.4,40.2,35.2,40.2,0,1695.6888
29.05.12,1070.0,396,47.4,39.7,35.4,38.6,0,1543.5672000000002
29.05.12,1080.0,356,45.8,39.3,35.4,38.4,0,1387.3275
29.05.12,1090.0,320,44.7,39.2,35.5,38.9,0,1238.736
29.05.12,1100.0,283,44.1,38.9,35.6,39.4,0,1088.0567999999998
29.05.12,1110.0,246,44.3,39.3,35.6,42.3,0,942.2693999999999
29.05.12,1120.0,211,43.5,39.2,35.7,39.9,0,800.4162
29.05.12,1130.0,178,42.1,39.5,35.8,39,0,668.3
29.05.12,1140.0,144,39.3,38,36,37.2,0,537.628
29.05.12,1150.0,118,36.1,35.5,35.9,35,0,433.656
29.05.12,1160.0,93,34.4,34.6,35.7,34.1,0,324.8336
29.05.12,1170.0,73,33.4,34,35.6,33.6,0,252.70720000000003
29.05.12,1180.0,55,32.6,33.3,35.5,33.1,0,193.8096
29.05.12,1190.0,42,31.8,32.6,35.5,32.6,0,148.3218
29.05.12,1200.0,31,31.1,32,35.4,32.2,0,108.54220000000001
29.05.12,1210.0,21,30.4,31.5,35.4,31.8,0,69.496
29.05.12,1220.0,11,29.9,31,35.4,31.4,0,33.1516
29.05.12,1230.0,4,29.3,30.5,35.3,30.9,648,7.7776000000000005
29.05.12,1240.0,1,28.8,30.1,35.2,30.5,1368,1.9116
29.05.12,1250.0,0,28.3,29.6,35.1,30.1,1581,1.9032
29.05.12,1260.0,0,27.8,29.2,35,29.7,1803,1.8944
29.05.12,1270.0,0,27.3,28.6,35,29.1,1884,2.3615
29.05.12,1280.0,0,26.8,28.2,34.8,28.7,1962,2.355
29.05.12,1290.0,0,26.4,27.7,34.8,28.1,2070,2.3480000000000003
29.05.12,1300.0,0,26.1,27.4,34.6,27.8,2112,2.3425000000000002
29.05.12,1310.0,0,25.7,27.1,34.5,27.5,2106,2.3385000000000002
29.05.12,1320.0,0,25.4,26.9,34.5,27.3,2073,2.336
29.05.12,1330.0,0,25.2,26.7,34.4,27.1,2034,2.8002
29.05.12,1340.0,0,25,26.5,34.3,26.9,2007,2.7965999999999998
29.05.12,1350.0,0,24.8,26.3,34.2,26.7,2031,2.7918
29.05.12,1360.0,0,24.6,26.1,34.2,26.5,2070,2.3215
29.05.12,1370.0,0,24.4,25.9,34.1,26.3,2073,2.3175000000000003
29.05.12,1380.0,0,24.3,25.7,33.9,26.1,2127,2.3125
29.05.12,1390.0,0,24.2,25.6,33.7,26,2115,2.3085
29.05.12,1400.0,0,24,25.4,33.5,25.8,2127,2.3045000000000004
29.05.12,1410.0,0,23.7,25.3,33.4,25.7,2244,2.297
29.05.12,1420.0,0,23.6,25.1,33.3,25.5,2181,2.2945
29.05.12,1430.0,0,23.5,25,33,25.5,2094,2.293
29.05.12,1440.0,0,23.4,24.9,33,25.4,2118,2.288
30.05.12,10.0,0,23.3,24.8,32.8,25.3,2043,2.2864999999999998
30.05.12,20.0,0,23.2,24.8,32.8,25.2,1974,2.2845
30.05.12,30.0,0,23.1,24.7,32.7,25.1,2046,2.278
30.05.12,40.0,0,22.9,24.6,32.7,25.1,1953,2.2765
30.05.12,50.0,0,22.8,24.6,32.7,25,1857,2.2755
30.05.12,60.0,0,22.6,24.5,32.6,24.9,1821,2.2725000000000004
30.05.12,70.0,0,22.6,24.4,32.4,24.8,1728,2.2715
30.05.12,80.0,0,22.4,24.3,32.4,24.7,1716,2.2680000000000002
30.05.12,90.0,0,22.2,24.2,32.2,24.6,1698,2.2645
30.05.12,100.0,0,22.2,24.1,32.1,24.5,1668,2.261
30.05.12,110.0,0,22.1,24,32,24.4,1611,2.2585
30.05.12,120.0,0,22,23.9,31.9,24.3,1551,2.2565000000000004
30.05.12,130.0,0,21.9,23.8,31.7,24.2,1530,2.2525
30.05.12,140.0,0,21.7,23.6,31.7,24.1,1503,2.249
30.05.12,150.0,0,21.3,23.4,31.6,24,1593,2.2405000000000004
30.05.12,160.0,0,20.9,23.1,31.6,23.8,1581,1.7872000000000001
30.05.12,170.0,0,20.5,22.7,31.5,23.4,1572,2.2275
30.05.12,180.0,0,20.3,22.6,31.4,23.2,1563,2.2195
30.05.12,190.0,0,20.2,22.5,31.4,23.2,1539,2.2125
30.05.12,200.0,0,20.3,22.6,31.3,23.3,1383,1.7696
30.05.12,210.0,0,20.3,22.6,31.2,23.2,1497,1.7584
30.05.12,220.0,0,20,22.4,31.2,23.1,1479,1.7512
30.05.12,230.0,0,20,22.3,31.1,22.9,1476,1.7424000000000002
30.05.12,240.0,0,20.2,22.5,31.1,23,36,1.3617
30.05.12,250.0,0,20.1,22.4,31,23,0,1.3727999999999998
30.05.12,260.0,0,20.1,22.4,30.9,22.9,0,1.3776
30.05.12,270.0,0,20,22.2,30.8,22.8,0,1.3812
30.05.12,280.0,0,19.9,22.2,30.7,22.7,0,1.3836
30.05.12,290.0,0,19.8,22.1,30.6,22.6,0,1.3857
30.05.12,300.0,0,19.9,22.1,30.6,22.5,0,1.3872
30.05.12,310.0,0,19.7,22,30.5,22.4,0,1.3884
30.05.12,320.0,0,19.7,21.9,30.4,22.4,0,1.3893
30.05.12,330.0,0,19.6,21.9,30.3,22.3,0,1.3899
30.05.12,340.0,0,19.4,21.8,30.2,22.3,0,1.3908
30.05.12,350.0,0,19.3,21.8,30.2,22.2,0,1.3910999999999998
30.05.12,360.0,0,19.2,21.7,30,22.2,0,1.3917
30.05.12,370.0,0,19.1,21.6,29.9,22.1,0,1.3917
30.05.12,380.0,0,19,21.5,29.7,22.1,0,1.392
30.05.12,390.0,0,18.9,21.5,29.6,22,0,1.3922999999999999
30.05.12,400.0,0,18.8,21.4,29.5,22,0,1.3926
30.05.12,410.0,0,18.8,21.4,29.3,21.9,0,1.3926
30.05.12,420.0,0,18.7,21.2,29.3,21.7,0,1.3929
30.05.12,430.0,0,18.5,21.1,29.2,21.6,0,1.3929
30.05.12,440.0,0,18.6,21,29.1,21.5,0,1.3929
30.05.12,450.0,0,18.4,21,29,21.5,0,1.3931999999999998
30.05.12,460.0,3,18.3,20.9,28.9,21.4,0,6.5044
30.05.12,470.0,10,18.5,21,28.8,21.4,0,31.667600000000004
30.05.12,480.0,23,18.8,21.2,28.8,21.5,0,79.594
30.05.12,490.0,37,19.3,21.7,28.6,21.6,0,133.7072
30.05.12,500.0,53,20,22.2,28.4,21.7,0,196.5184
30.05.12,510.0,73,20.8,22.9,28.4,22,0,269.3077
30.05.12,520.0,93,21.7,22.8,28.3,22.2,0,342.55740000000003
30.05.12,530.0,117,22.8,23.3,28.1,22.6,0,418.98350000000005
30.05.12,540.0,147,24,23.8,28,22.9,0,522.7943
30.05.12,550.0,180,25.2,24.4,28,23.2,0,641.834
30.05.12,560.0,206,26.3,24.8,28,23.6,0,734.976
30.05.12,570.0,243,27.4,25.2,27.9,24,0,869.6422
30.05.12,580.0,285,29.1,26,28,24.4,0,1017.7130999999999
30.05.12,590.0,325,30.8,26.8,28,24.9,0,1167.408
30.05.12,600.0,359,32,27,28.2,25.3,0,1295.6286
30.05.12,610.0,397,33.7,27.7,28.2,25.8,999,1400.6553
30.05.12,620.0,435,35.6,28.4,28.3,26.3,1245,1528.1760000000002
30.05.12,630.0,459,37,28.9,28.4,26.6,1212,1622.9538
30.05.12,640.0,501,39.1,29.6,28.5,27.4,1164,1774.6488
30.05.12,650.0,529,41,30.2,28.6,27.7,1152,1890.6804000000002
30.05.12,660.0,545,42.6,30.4,28.7,28.8,1137,1947.3578999999997
30.05.12,670.0,579,42,30.7,28.9,28.2,1131,2075.5566999999996
30.05.12,680.0,624,42.9,31.7,29,28.7,1128,2254.576
30.05.12,690.0,653,45.1,31.8,29.1,29.5,1137,2361.9375
30.05.12,700.0,672,45.7,32.4,29.2,29.9,1125,2435.2016000000003
30.05.12,710.0,703,48.7,32.9,29.4,31.7,1098,2567.8656
30.05.12,720.0,728,49.7,34.2,29.4,31.3,1098,2659.8968999999997
30.05.12,730.0,752,51,34.8,29.6,32.1,1095,2764.7862000000005
30.05.12,740.0,771,52.1,34.9,29.9,32.8,1071,2835.0972
30.05.12,750.0,788,53.7,35.7,30,33.1,1083,2903.0355
30.05.12,760.0,805,54.5,35.8,30.2,34.1,1080,2980.3286
30.05.12,770.0,817,55.7,36.3,30.4,34.4,1080,3021.8373
30.05.12,780.0,831,56.9,35.9,30.6,35.4,1110,3078.768
30.05.12,790.0,840,57.8,36.6,30.8,36.2,1146,3123.6204999999995
30.05.12,800.0,851,57.2,37.3,31,35.6,1161,3159.1926000000003
30.05.12,810.0,861,58.1,37,31.3,36.7,1161,3213.8528
30.05.12,820.0,863,59,37.6,31.3,37,1167,3212.158
30.05.12,830.0,866,59.7,37.9,31.6,37.9,1161,3227.4795
30.05.12,840.0,867,60.4,37.8,31.8,38.4,1143,3246.3687999999997
30.05.12,850.0,862,59.6,39,31.9,36.9,1143,3220.65
30.05.12,860.0,862,60.4,38.8,32.1,38.5,1125,3221.8325999999997
30.05.12,870.0,856,61.2,40.4,32.3,39.3,1116,3210.9579
30.05.12,880.0,850,61.7,40.1,32.5,39.3,1101,3185.216
30.05.12,890.0,840,57.9,40.2,32.7,37.3,1113,3158.1724999999997
30.05.12,900.0,828,57.8,40.3,32.9,37.9,1080,3105.912
30.05.12,910.0,814,60,40.2,33.1,39.6,1128,3048.6456
30.05.12,920.0,798,60.2,41.5,33.2,39.1,1113,2992.9732
30.05.12,930.0,780,58.9,40.9,33.5,39,1041,2921.1335999999997
30.05.12,940.0,760,59,41.2,33.6,39.6,0,2894.584
30.05.12,950.0,741,59.7,41.4,33.7,40.5,0,2826.8885999999998
30.05.12,960.0,717,58.2,41.4,33.9,38.8,0,2727.864
30.05.12,970.0,690,58.2,41.6,34.1,39.9,0,2633.3703
30.05.12,980.0,662,57.9,41.6,34.3,41.5,0,2520.5796
30.05.12,990.0,635,57,41.4,34.4,40.4,0,2417.5350000000003
30.05.12,1000.0,609,53.4,40.4,34.6,38.7,0,2325.594
30.05.12,1010.0,577,52.3,40.7,34.8,38.7,0,2198.1980000000003
30.05.12,1020.0,547,53.3,41.3,34.9,40.9,0,2080.785
30.05.12,1030.0,514,53.8,41.2,35,44,0,1963.9941999999999
30.05.12,1040.0,481,53.7,40.5,35.3,43.3,0,1837.9934999999998
30.05.12,1050.0,448,51.9,40.5,35.5,40.9,0,1715.5095000000001
30.05.12,1060.0,413,51,40.7,35.5,41.2,0,1576.2585
30.05.12,1070.0,377,48.8,40.3,35.5,39.7,0,1434.3147
30.05.12,1080.0,340,46.6,39.8,35.5,39,0,1296.9215
30.05.12,1090.0,304,45.9,40.2,35.7,39.3,0,1150.3833
30.05.12,1100.0,269,44.5,39.7,35.8,39.1,0,1016.7785
30.05.12,1110.0,237,43.7,39.7,35.9,39.8,0,892.1682
30.05.12,1120.0,203,43,39.7,35.9,39.6,0,757.2692999999999
30.05.12,1130.0,171,42.4,40.1,36,40.1,0,638.6016000000001
30.05.12,1140.0,143,41.5,39.7,36.1,40.9,0,527.7384
30.05.12,1150.0,117,40.5,39.3,36.1,41,0,427.908
30.05.12,1160.0,94,39.5,39.6,36.2,40.1,0,333.6067
30.05.12,1170.0,75,38.5,39,36.2,40,0,263.4148
30.05.12,1180.0,58,37.3,38.3,36.2,39.1,0,205.41
30.05.12,1190.0,44,36.3,37.7,36.2,38.3,0,156.3122
30.05.12,1200.0,32,35.5,37,36.3,37.7,0,111.0094
30.05.12,1210.0,21,33.9,34.3,36.2,34.9,0,68.4618
30.05.12,1220.0,11,32.4,33.4,36.1,33.9,0,31.648000000000003
30.05.12,1230.0,4,31.6,32.8,35.9,33.3,0,6.4129
30.05.12,1240.0,1,31,32.4,35.9,32.9,78,1.473
30.05.12,1250.0,0,30.6,31.9,35.8,32.4,777,1.9324000000000001
30.05.12,1260.0,0,30.2,31.6,35.8,32.1,1542,2.383
30.05.12,1270.0,0,29.7,31.1,35.8,31.7,1845,2.3695
30.05.12,1280.0,0,29.2,30.7,35.7,31.2,2013,2.3600000000000003
30.05.12,1290.0,0,28.8,30.4,35.7,30.9,2139,2.352
30.05.12,1300.0,0,28.5,30.2,35.6,30.7,2142,2.3480000000000003
30.05.12,1310.0,0,28.4,29.9,35.5,30.4,2100,2.345
30.05.12,1320.0,0,28.1,29.6,35.5,30,2022,2.3435
30.05.12,1330.0,0,27.8,29.3,35.4,29.8,2082,2.338
30.05.12,1340.0,0,27.5,29.2,35.4,29.7,2145,2.3325
30.05.12,1350.0,0,27.2,29,35.3,29.6,2130,2.329
30.05.12,1360.0,0,26.9,28.8,35.2,29.4,2145,2.3245
30.05.12,1370.0,0,26.8,28.8,35.2,29.3,2133,2.321
30.05.12,1380.0,0,26.7,28.5,35.1,29.1,2127,2.3175000000000003
30.05.12,1390.0,0,26.4,28.3,34.9,28.9,2136,2.3135000000000003
30.05.12,1400.0,0,26.3,28.2,34.8,28.8,2121,2.31
30.05.12,1410.0,0,26.2,28.1,34.8,28.6,2169,2.305
30.05.12,1420.0,0,26,27.9,34.6,28.5,2163,2.301
30.05.12,1430.0,0,25.8,27.7,34.6,28.3,2160,2.297
30.05.12,1440.0,0,25.6,27.6,34.6,28.2,2139,2.2935
31.05.12,10.0,0,25.5,27.6,34.6,28.1,2097,2.291
31.05.12,20.0,0,25.3,27.4,34.6,28,2133,2.2855000000000003
31.05.12,30.0,0,25,27.3,34.6,27.8,1998,2.2855000000000003
31.05.12,40.0,0,25,27.2,34.4,27.7,1941,2.283
31.05.12,50.0,0,24.9,27,34.4,27.6,1878,2.2815000000000003
31.05.12,60.0,0,24.7,27,34.3,27.5,1854,2.278
31.05.12,70.0,0,24.8,26.8,34.1,27.4,1836,2.2745
31.05.12,80.0,0,24.7,26.7,34,27.3,1812,2.2715
31.05.12,90.0,0,24.5,26.5,33.9,27.1,1791,2.2675
31.05.12,100.0,0,24.3,26.3,33.7,27,1722,2.266
31.05.12,110.0,0,23.9,25.8,33.5,26.6,1671,2.2635
31.05.12,120.0,0,23.4,25.7,33.5,26.4,1683,2.2585
31.05.12,130.0,0,23.4,25.7,33.5,26.5,1596,2.2575
31.05.12,140.0,0,23.4,25.8,33.5,26.4,1590,2.253
31.05.12,150.0,0,23.3,25.6,33.5,26.3,1548,2.2495000000000003
31.05.12,160.0,0,23.2,25.5,33.3,26.1,1503,2.246
31.05.12,170.0,0,23.1,25.4,33.3,25.9,1509,1.7924000000000002
31.05.12,180.0,0,23.1,25.4,33.3,25.9,1554,1.786
31.05.12,190.0,0,22.8,25.2,33.2,25.8,1521,1.7812000000000001
31.05.12,200.0,0,22.6,25,33.1,25.6,1362,1.7808000000000002
31.05.12,210.0,0,22.3,24.8,33,25.5,1419,1.774
31.05.12,220.0,0,22,24.6,32.9,25.4,1413,1.7680000000000002
31.05.12,230.0,0,21.8,24.6,32.9,25.3,1407,1.7616
31.05.12,240.0,0,21.7,24.4,32.8,25.1,1392,1.7552
31.05.12,250.0,0,21.4,24.4,32.7,24.9,1386,2.185
31.05.12,260.0,0,21.5,24.3,32.6,24.8,477,1.7892
31.05.12,270.0,0,21.3,24.1,32.6,24.8,0,1.3698
31.05.12,280.0,0,21.3,24.3,32.5,24.9,0,1.3755
31.05.12,290.0,0,21.1,24.1,32.4,24.7,0,1.8392
31.05.12,300.0,0,20.8,24,32.3,24.7,0,1.3820999999999999
31.05.12,310.0,0,20.8,23.7,32.2,24.3,0,1.3839000000000001
31.05.12,320.0,0,20.8,23.7,32.1,24.2,0,1.3857
31.05.12,330.0,0,20.5,23.8,32,24.3,0,1.3868999999999998
31.05.12,340.0,0,20.6,23.8,31.9,24.4,0,1.3881000000000001
31.05.12,350.0,0,20.7,23.8,31.9,24.5,0,1.3889999999999998
31.05.12,360.0,0,20.5,23.4,31.8,24.3,0,1.3896
31.05.12,370.0,0,20.5,22.9,31.5,23.9,0,1.3902
31.05.12,380.0,0,20.5,22.8,31.4,23.6,0,1.3905
31.05.12,390.0,0,20.5,22.8,31.2,23.6,0,1.3910999999999998
31.05.12,400.0,0,20.6,23,31.2,23.6,0,1.3914
31.05.12,410.0,0,20.2,22.8,31.2,23.3,0,1.3917
31.05.12,420.0,0,20,22.6,31.1,23.2,0,1.3917
31.05.12,430.0,0,20,22.6,31,23.3,0,1.392
31.05.12,440.0,0,19.7,22.5,31,23.2,0,1.392
31.05.12,450.0,2,19.5,22.3,30.9,23,0,2.3205
31.05.12,460.0,5,19.4,21.9,30.8,22.7,0,12.077000000000002
31.05.12,470.0,14,19.5,21.9,30.5,22.5,0,42.872
31.05.12,480.0,27,20.2,22.6,30.5,22.9,0,91.86519999999999
31.05.12,490.0,41,21,23.3,30.5,23.1,0,141.7409
31.05.12,500.0,51,21.9,23.7,30.4,23.3,0,175.9814
31.05.12,510.0,65,22.5,24,30.3,23.5,0,225.7594
31.05.12,520.0,92,23.5,24.2,30.2,23.8,0,323.6688
31.05.12,530.0,137,25.1,24.8,30.1,24.1,0,483.9231
31.05.12,540.0,149,26.4,25.5,30,24.6,0,528.0583
31.05.12,550.0,172,27.5,26.1,30,25,0,609.536
31.05.12,560.0,209,28.8,26.7,30,25.5,0,740.2671
31.05.12,570.0,242,30.1,27.4,30,25.9,0,861.0024
31.05.12,580.0,280,32,28.1,30,26.5,0,995.3959000000001
31.05.12,590.0,316,33.5,28.8,30,26.9,0,1127.5715
31.05.12,600.0,349,34.9,29.2,30.1,27.3,0,1253.886
31.05.12,610.0,381,35.8,29.7,30.2,27.7,0,1368.3715
31.05.12,620.0,415,37.4,30.5,30.3,28.2,1152,1465.2961
31.05.12,630.0,452,38.9,30.5,30.4,28.8,1098,1593.657
31.05.12,640.0,467,39.5,30.9,30.5,28.9,1086,1655.8745999999999
31.05.12,650.0,494,39.2,31,30.6,29,1071,1757.1411
31.05.12,660.0,546,40.6,32,30.6,29.4,1056,1949.3783999999998
31.05.12,670.0,581,42.8,32.6,30.7,30,1092,2079.3723999999997
31.05.12,680.0,614,45.7,33.5,30.8,31.2,1092,2212.9089999999997
31.05.12,690.0,643,48.9,34.4,30.9,32.3,1053,2321.475
31.05.12,700.0,675,50.3,35.2,31.1,32.5,1050,2450.8801
31.05.12,710.0,697,50.4,35.4,31.2,32.2,1041,2533.949
31.05.12,720.0,704,51.8,35.8,31.3,32.6,1068,2564.064
31.05.12,730.0,698,52.4,36.3,31.5,33.3,1059,2550.4748
31.05.12,740.0,696,51.8,36.2,31.6,33.6,1047,2541.7449
31.05.12,750.0,702,52.4,37.2,31.7,34.6,1050,2571.5165
31.05.12,760.0,749,55,37.1,31.9,35.4,1065,2757.2119
31.05.12,770.0,752,56.1,38.2,32.1,36.1,1065,2761.606
31.05.12,780.0,737,56.4,38.1,32.2,36.7,1053,2718.6279999999997
31.05.12,790.0,751,56.3,39,32.3,36.1,1044,2768.4096
31.05.12,800.0,746,55.7,38.4,32.6,36.4,1053,2752.17
31.05.12,810.0,773,56.6,39.4,32.8,37.2,1059,2863.1871
31.05.12,820.0,762,58,39.1,33,37.9,1059,2816.4864000000002
31.05.12,830.0,807,58.9,39.8,33.1,38.4,1059,2988.5604
31.05.12,840.0,803,59.1,40,33.4,38.4,1056,2989.2226
31.05.12,850.0,818,58.4,40,33.5,37.6,1056,3039.9288
31.05.12,860.0,801,57.8,40.9,33.6,37.8,1125,2983.7536
31.05.12,870.0,807,57.5,40.9,33.9,38.9,1119,3001.4946
31.05.12,880.0,827,58.6,41,34,38.7,1146,3079.0427999999997
31.05.12,890.0,828,57.1,41.2,34.2,38.5,1095,3101.0261
31.05.12,900.0,801,57.3,41.6,34.4,39,1095,2984.9688
31.05.12,910.0,786,59.1,41.7,34.6,39.8,1104,2928.9249
31.05.12,920.0,779,57.2,41.8,34.7,38.6,1152,2910.1719999999996
31.05.12,930.0,772,56.5,41.7,35,39,1188,2875.2108
31.05.12,940.0,752,56.1,41.3,35.2,39.4,432,2837.6711999999998
31.05.12,950.0,736,59.6,41.6,35.4,42.4,0,2785.2712
31.05.12,960.0,714,60.5,42.2,35.5,42.8,0,2700.7365000000004
31.05.12,970.0,685,59.1,42.5,35.5,41,0,2596.4991
31.05.12,980.0,648,55.1,42.1,35.8,39.6,0,2453.6204000000002
31.05.12,990.0,610,54.6,41.9,35.9,40.2,0,2305.316
31.05.12,1000.0,577,53.6,41.5,36.1,39.5,0,2185.8113999999996
31.05.12,1010.0,555,51.8,41.6,36.3,39.6,0,2092.93
31.05.12,1020.0,532,52.9,42,36.4,41.1,0,2012.1357999999998
31.05.12,1030.0,501,54.2,41.9,36.5,43,0,1890.7052
31.05.12,1040.0,464,54.4,41.5,36.6,43.8,0,1741.8912000000003
31.05.12,1050.0,426,51.7,41.3,36.8,41.2,0,1602.0575999999999
31.05.12,1060.0,392,47.6,41,37,39.9,0,1468.383
31.05.12,1070.0,373,47.8,41.4,37,40.2,0,1400.8
31.05.12,1080.0,342,47.4,41,37.1,40.5,0,1284.6912
31.05.12,1090.0,305,47,40.9,37.1,40.5,0,1138.067
31.05.12,1100.0,270,45.9,40.9,37.3,40.5,0,1008.8743000000001
31.05.12,1110.0,238,44.8,40.9,37.4,41,0,885.2410000000001
31.05.12,1120.0,208,44.2,40.5,37.4,41,0,769.0221
31.05.12,1130.0,174,42.6,39.9,37.5,39.7,0,642.1092000000001
31.05.12,1140.0,145,38.7,37.5,37.5,37,0,535.9828
31.05.12,1150.0,118,37.1,36.8,37.4,36.4,0,432.9468
31.05.12,1160.0,96,36.3,36.4,37.4,36.1,0,340.7628
31.05.12,1170.0,77,35.6,36.1,37.3,36,0,273.546
31.05.12,1180.0,61,35.1,35.6,37.3,35.6,0,215.78400000000002
31.05.12,1190.0,48,34.3,34.9,37.2,35.1,0,169.8862
31.05.12,1200.0,36,33.7,34.5,37.2,34.8,0,125.1936
31.05.12,1210.0,23,33,33.9,37.1,34.3,0,78.7368
31.05.12,1220.0,12,32.2,33.2,37,33.7,0,37.019999999999996
31.05.12,1230.0,4,31.2,32.5,37,32.9,222,7.838400000000001
31.05.12,1240.0,1,30.6,31.9,36.9,32.4,1299,1.4322
31.05.12,1250.0,0,29.9,31.2,36.8,31.7,1509,1.9024
31.05.12,1260.0,0,29.3,30.5,36.7,30.9,1641,1.8963999999999999
31.05.12,1270.0,0,28.6,29.9,36.6,30.3,1842,1.8884
31.05.12,1280.0,0,28.1,29.4,36.5,29.8,1953,2.353
31.05.12,1290.0,0,27.6,28.9,36.4,29.3,2073,2.3455
31.05.12,1300.0,0,27.2,28.6,36.3,29,2064,2.342
31.05.12,1310.0,0,26.9,28.3,36.2,28.7,2049,2.3385000000000002
31.05.12,1320.0,0,26.7,28.1,36.1,28.5,2040,2.3355
31.05.12,1330.0,0,26.3,27.8,36,28.2,2106,2.33
31.05.12,1340.0,0,26.1,27.7,36,28,2157,2.324
31.05.12,1350.0,0,26,27.4,35.7,27.8,2166,2.32
31.05.12,1360.0,0,25.8,27.2,35.6,27.6,2169,2.3160000000000003
31.05.12,1370.0,0,25.7,27.2,35.4,27.6,2124,2.3135000000000003
31.05.12,1380.0,0,25.5,27,35.3,27.4,2097,2.3105
31.05.12,1390.0,0,25.3,26.8,35.1,27.3,2127,2.3055
31.05.12,1400.0,0,25.2,26.6,34.7,27.1,2154,2.301
31.05.12,1410.0,0,25,26.5,34.6,27,2136,2.2975000000000003
31.05.12,1420.0,0,25,26.4,34.4,26.9,2154,2.2925
31.05.12,1430.0,0,24.9,26.3,34.4,26.8,2145,2.289
31.05.12,1440.0,0,24.8,26.2,34.4,26.6,2184,2.2835
01.06.12,10.0,0,24.6,26,34.2,26.5,2196,2.278
01.06.12,20.0,0,24.4,25.9,34.2,26.3,2145,2.275
01.06.12,30.0,0,24.3,25.8,34,26.3,2136,2.2704999999999997
01.06.12,40.0,0,24.1,25.7,33.8,26.2,2187,2.2635
01.06.12,50.0,0,24,25.5,33.6,26,2232,2.2565000000000004
01.06.12,60.0,0,23.8,25.4,33.5,25.9,2187,2.2520000000000002
01.06.12,70.0,0,23.7,25.3,33.4,25.9,2085,2.2495000000000003
01.06.12,80.0,0,23.5,25.2,33.3,25.8,2013,2.246
01.06.12,90.0,0,23.4,25.1,33.2,25.7,1971,2.2420000000000004
01.06.12,100.0,0,23.3,25,33,25.6,1869,2.2395
01.06.12,110.0,0,23.2,24.8,32.9,25.5,1818,2.2350000000000003
01.06.12,120.0,0,23,24.7,32.8,25.3,1740,2.2305
01.06.12,130.0,0,22.8,24.5,32.7,25.1,1542,1.7852000000000001
01.06.12,140.0,0,22.8,24.4,32.5,24.9,1506,2.2260000000000004
01.06.12,150.0,0,22.7,24.3,32.4,24.8,1530,2.218
01.06.12,160.0,0,22.6,24.2,32.4,24.7,1569,2.2070000000000003
01.06.12,170.0,0,22.4,24,32.3,24.6,1563,2.197
01.06.12,180.0,0,22.4,23.9,32,24.4,1374,2.1965
01.06.12,190.0,0,22.3,23.8,31.9,24.3,1479,2.181
01.06.12,200.0,0,22.3,23.7,31.8,24.2,1458,2.17
01.06.12,210.0,0,22.2,23.7,31.8,24.2,603,1.7748
01.06.12,220.0,0,22.1,23.6,31.7,24.1,0,1.3659
01.06.12,230.0,0,22,23.5,31.7,24,0,1.3725
01.06.12,240.0,0,21.9,23.5,31.5,24,0,1.3767
01.06.12,250.0,0,21.7,23.4,31.4,23.9,0,1.3797
01.06.12,260.0,0,21.7,23.3,31.3,23.8,0,1.3820999999999999
01.06.12,270.0,0,21.5,23.2,31.2,23.8,0,1.3839000000000001
01.06.12,280.0,0,21.4,23.2,31.2,23.7,0,1.3854
01.06.12,290.0,0,21.4,23.1,31,23.6,0,1.3865999999999998
01.06.12,300.0,0,21.4,23,30.8,23.5,0,1.3875
01.06.12,310.0,0,21.1,22.8,30.9,23.4,0,1.3884
01.06.12,320.0,0,21.1,22.8,30.7,23.4,0,1.3889999999999998
01.06.12,330.0,0,21,22.7,30.6,23.3,0,1.3896
01.06.12,340.0,0,21,22.7,30.5,23.2,0,1.3899
01.06.12,350.0,0,20.9,22.7,30.4,23.2,0,1.3902
01.06.12,360.0,0,20.8,22.5,30.4,23.1,0,1.3905
01.06.12,370.0,0,20.7,22.4,30.3,23,0,1.3908
01.06.12,380.0,0,20.6,22.3,30.2,22.9,0,1.3910999999999998
01.06.12,390.0,0,20.6,22.2,30.1,22.8,0,1.3910999999999998
01.06.12,400.0,0,20.5,22.2,30,22.7,0,1.3914
01.06.12,410.0,0,20.4,22.1,29.9,22.6,0,1.3914
01.06.12,420.0,0,20.4,22,29.8,22.6,0,1.3917
01.06.12,430.0,0,20.2,21.9,29.7,22.5,0,1.3917
01.06.12,440.0,0,20.1,21.7,29.6,22.4,0,1.3917
01.06.12,450.0,1,19.9,21.6,29.6,22.2,0,1.3917
01.06.12,460.0,4,20.1,21.8,29.5,22.3,0,7.425599999999999
01.06.12,470.0,11,20.4,21.9,29.4,22.3,0,32.571
01.06.12,480.0,20,20.6,22,29.3,22.3,0,66.38499999999999
01.06.12,490.0,35,20.8,22.3,29.1,22.4,0,121.72999999999999
01.06.12,500.0,52,21.1,22.9,28.9,22.5,0,183.5691
01.06.12,510.0,73,21.6,23.4,28.7,22.8,0,258.2034
01.06.12,520.0,94,22.1,23.4,28.7,23.1,0,336.58740000000006
01.06.12,530.0,113,23,23.6,28.5,23.3,0,422.4231
01.06.12,540.0,137,24,24.1,28.5,23.7,0,494.74159999999995
01.06.12,550.0,166,25.2,24.7,28.4,24.1,0,583.8066
01.06.12,560.0,208,26.6,25.3,28.3,24.4,0,728.4925000000001
01.06.12,570.0,246,28,26,28.4,24.9,0,863.3994
01.06.12,580.0,281,29.4,26.6,28.4,25.3,0,985.0880000000001
01.06.12,590.0,319,30.6,27,28.5,25.6,0,1124.4412
01.06.12,600.0,357,31.8,27.7,28.5,26,0,1256.0832
01.06.12,610.0,394,33.2,28.4,28.6,26.6,126,1390.6709999999998
01.06.12,620.0,429,34.2,28.7,28.7,26.9,1248,1483.7718
01.06.12,630.0,465,35.4,29.4,28.8,27.5,1197,1609.229
01.06.12,640.0,502,36.4,29.6,29,28,1161,1746.2466
01.06.12,650.0,531,37.9,30.1,29.1,28.2,1161,1864.023
01.06.12,660.0,560,38.3,30,29.3,28.3,1146,1970.3702
01.06.12,670.0,582,38.9,30.9,29.4,28.9,1104,2059.8246
01.06.12,680.0,616,40.1,31.5,29.5,29.2,1098,2180.0750000000003
01.06.12,690.0,636,41.5,32.2,29.6,30,1098,2259.8361
01.06.12,700.0,685,42.9,32.7,29.7,30.7,1074,2455.2424
01.06.12,710.0,710,43.6,32.7,30,30.9,1071,2552.5319999999997
01.06.12,720.0,729,43.6,32.9,30.2,31.3,1092,2622.6018
01.06.12,730.0,741,44.2,33.5,30.3,31.6,1083,2683.7369000000003
01.06.12,740.0,732,44.9,33.8,30.4,32,1086,2646.873
01.06.12,750.0,747,45.4,34.3,30.7,32.5,1059,2716.6728
01.06.12,760.0,805,46.8,35.4,30.8,33.2,1029,2934.288
01.06.12,770.0,817,47.9,35.8,31,33.7,1017,2985.9144
01.06.12,780.0,824,48.7,36.4,31.2,34.2,1011,3028.861
01.06.12,790.0,842,50.2,37.3,31.3,34.7,1017,3094.2086000000004
01.06.12,800.0,847,54.2,38.7,31.4,35.3,1032,3115.1982000000003
01.06.12,810.0,854,54.3,38.6,31.6,35.2,1050,3153.816
01.06.12,820.0,860,55.4,38.8,31.8,36.2,1050,3171.918
01.06.12,830.0,861,57.6,39.2,32.1,36.9,1044,3186.6636000000003
01.06.12,840.0,857,57.1,39.7,32.4,36.3,1035,3167.7555
01.06.12,850.0,861,58.2,39.7,32.4,37,1071,3179.8602
01.06.12,860.0,857,56.4,39.4,32.5,36.8,1152,3177.2111999999997
01.06.12,870.0,850,54.2,39.1,32.8,36.4,1164,3145.645
01.06.12,880.0,843,53.7,39.5,33,36.9,1134,3122.5856
01.06.12,890.0,833,54.3,39.9,33.1,37.1,1071,3097.859
01.06.12,900.0,820,52.1,38.9,33.5,36.8,1071,3044.2536
01.06.12,910.0,806,51.9,39.3,33.6,36.8,1047,2998.4823
01.06.12,920.0,792,52.2,39.6,33.8,37.3,1032,2934.6592
01.06.12,930.0,774,51.9,39.7,34,37.6,1017,2869.3469999999998
01.06.12,940.0,754,51.5,39.9,34.2,37.6,1017,2797.2522
01.06.12,950.0,734,53.2,39.9,34.3,38.4,951,2715.6324999999997
01.06.12,960.0,713,51.2,39.7,34.7,37.6,0,2676.5012
01.06.12,970.0,684,48.9,38.9,34.9,37.2,0,2577.8163
01.06.12,980.0,657,47.1,38.4,35.1,36.8,0,2465.6528
01.06.12,990.0,632,46,37.9,35.2,36.3,0,2378.2000000000003
01.06.12,1000.0,603,44.9,37.6,35.3,36.1,0,2265.9322
01.06.12,1010.0,574,43.9,37,35.3,35.6,921,2117.4993
01.06.12,1020.0,542,43,36.5,35.3,35.2,1050,1997.6741999999997
01.06.12,1030.0,510,42.3,36.2,35.3,35.1,1071,1867.8120000000001
01.06.12,1040.0,478,41.8,36.2,35.4,35.1,1074,1749.748
01.06.12,1050.0,445,41,35.6,35.4,34.7,1053,1619.0803999999998
01.06.12,1060.0,411,40.2,35.4,35.4,34.5,1041,1491.7026
01.06.12,1070.0,382,39.7,35.1,35.4,34.3,45,1422.1588
01.06.12,1080.0,351,38.9,34.8,35.4,33.9,0,1306.3713
01.06.12,1090.0,315,37.8,34.3,35.3,33.6,0,1170.6795
01.06.12,1100.0,272,37.1,34.2,35.4,33.6,0,1010.6754
01.06.12,1110.0,233,36.3,33.8,35.4,33.4,0,860.2125
01.06.12,1120.0,199,35.1,33.1,35.3,32.8,0,738.1854000000001
01.06.12,1130.0,170,34.2,32.9,35.2,32.4,0,623.5515
01.06.12,1140.0,141,33.2,32.3,35.2,31.9,0,518.1015
01.06.12,1150.0,115,32.2,31.8,35,31.3,0,419.67199999999997
01.06.12,1160.0,92,31.4,31.2,35,30.9,0,324.19440000000003
01.06.12,1170.0,74,30.5,30.7,34.8,30.4,0,259.428
01.06.12,1180.0,58,29.8,30.1,34.6,30,0,204.55470000000003
01.06.12,1190.0,44,28.9,29.3,34.4,29.4,0,156.36599999999999
01.06.12,1200.0,33,28.2,28.7,34.2,28.8,0,114.39120000000001
01.06.12,1210.0,21,27.6,28.3,34.1,28.5,0,72.0948
01.06.12,1220.0,11,27.1,27.9,33.9,28.2,0,33.982499999999995
01.06.12,1230.0,4,26.5,27.4,33.7,27.8,378,7.3035
01.06.12,1240.0,1,26.1,27.1,33.7,27.4,1287,1.9040000000000001
01.06.12,1250.0,0,25.8,26.8,33.6,27.2,1512,1.896
01.06.12,1260.0,0,25.6,26.5,33.4,26.9,1713,2.3605
01.06.12,1270.0,0,25.3,26.3,33.3,26.7,1833,2.353
01.06.12,1280.0,0,25.1,26.1,33,26.5,1968,2.8139999999999996
01.06.12,1290.0,0,24.8,25.9,32.8,26.3,2160,2.802
01.06.12,1300.0,0,24.7,25.8,32.8,26.2,2151,2.3315
01.06.12,1310.0,0,24.6,25.6,32.6,26,2130,2.7936
01.06.12,1320.0,0,24.5,25.5,32.6,25.9,2163,2.7876
01.06.12,1330.0,0,24.4,25.4,32.5,25.8,2163,2.7828
01.06.12,1340.0,0,24.3,25.3,32.3,25.6,2154,2.315
01.06.12,1350.0,0,24.3,25.2,32.1,25.6,2199,2.7714
01.06.12,1360.0,0,24.2,25.2,32.2,25.6,2196,2.3055
01.06.12,1370.0,0,24.1,25.1,32.1,25.5,2175,2.7624
01.06.12,1380.0,0,23.9,25,32,25.4,2157,2.7582
01.06.12,1390.0,0,23.8,24.9,31.9,25.4,2214,2.751
01.06.12,1400.0,0,23.8,24.9,31.8,25.3,2178,2.7474
01.06.12,1410.0,0,23.7,24.8,31.6,25.2,2028,2.7474
01.06.12,1420.0,0,23.6,24.7,31.6,25.2,2028,2.286
01.06.12,1430.0,0,23.5,24.7,31.4,25.1,2058,2.2805
01.06.12,1440.0,0,23.4,24.6,31.3,25.1,2016,2.2775
02.06.12,10.0,0,23.3,24.5,31.2,25,1929,2.2760000000000002
02.06.12,20.0,0,23.2,24.5,31.1,25,1794,2.2760000000000002
02.06.12,30.0,0,23.1,24.4,31,24.9,1767,2.2735
02.06.12,40.0,0,23,24.4,31,24.9,1752,2.27
02.06.12,50.0,0,23,24.3,30.8,24.8,1794,2.2640000000000002
02.06.12,60.0,0,23,24.3,30.7,24.8,1734,2.2615
02.06.12,70.0,0,23,24.2,30.6,24.7,1698,2.258
02.06.12,80.0,0,22.9,24.2,30.5,24.7,1617,2.256
02.06.12,90.0,0,22.8,24.1,30.4,24.6,1566,1.8024000000000002
02.06.12,100.0,0,22.6,24.1,30.4,24.6,1551,1.7984
02.06.12,110.0,0,22.6,24,30.3,24.5,1530,1.7944
02.06.12,120.0,0,22.5,23.9,30.3,24.5,1509,1.79
02.06.12,130.0,0,22.5,23.9,30.2,24.5,1488,1.7852000000000001
02.06.12,140.0,0,22.5,23.9,30.1,24.4,1476,1.78
02.06.12,150.0,0,22.5,23.8,30,24.4,1527,1.7716
02.06.12,160.0,0,22.4,23.8,30,24.3,1560,1.7628000000000001
02.06.12,170.0,0,22.4,23.8,29.9,24.3,1428,1.7596
02.06.12,180.0,0,22.4,23.7,29.8,24.2,1467,1.75
02.06.12,190.0,0,22.3,23.7,29.7,24.1,1314,1.7464
02.06.12,200.0,0,22.3,23.6,29.6,24.1,0,1.3647
02.06.12,210.0,0,22.2,23.5,29.6,24,0,1.3734
02.06.12,220.0,0,22.1,23.5,29.5,23.9,0,1.3781999999999999
02.06.12,230.0,0,22.1,23.4,29.3,23.9,0,1.3815
02.06.12,240.0,0,22.1,23.3,29.2,23.8,0,1.3839000000000001
02.06.12,250.0,0,22,23.3,29.2,23.7,0,1.3857
02.06.12,260.0,0,21.9,23.2,29.1,23.7,0,1.3872
02.06.12,270.0,0,21.9,23.2,29,23.7,0,1.3884
02.06.12,280.0,0,21.9,23.2,28.9,23.7,0,1.3893
02.06.12,290.0,0,21.9,23.2,28.8,23.6,0,1.3902
02.06.12,300.0,0,21.8,23.1,28.8,23.6,0,1.3908
02.06.12,310.0,0,21.8,23.1,28.7,23.6,0,1.3914
02.06.12,320.0,0,21.7,23,28.6,23.6,0,1.3917
02.06.12,330.0,0,21.5,23,28.6,23.5,0,1.392
02.06.12,340.0,0,21.4,22.9,28.5,23.5,0,1.3922999999999999
02.06.12,350.0,0,21.4,22.9,28.5,23.5,0,1.3926
02.06.12,360.0,0,21.5,22.9,28.4,23.5,0,1.3926
02.06.12,370.0,0,21.6,22.9,28.3,23.5,0,1.3929
02.06.12,380.0,0,21.6,22.9,28.2,23.4,0,1.3929
02.06.12,390.0,0,21.6,22.9,28.1,23.4,0,1.3931999999999998
02.06.12,400.0,0,21.6,22.9,28,23.4,0,1.3931999999999998
02.06.12,410.0,0,21.6,22.9,27.9,23.3,0,1.3931999999999998
02.06.12,420.0,0,21.7,22.9,27.8,23.3,0,1.3935
02.06.12,430.0,0,21.8,22.9,27.7,23.3,0,1.3935
02.06.12,440.0,0,22,22.9,27.6,23.4,0,1.3935
02.06.12,450.0,0,22.1,23,27.5,23.4,0,0.929
02.06.12,460.0,2,22,23,27.5,23.5,0,3.7168
02.06.12,470.0,11,22.2,23.1,27.5,23.5,0,33.0647
02.06.12,480.0,21,22.5,23.2,27.6,23.6,0,67.889
02.06.12,490.0,25,22.5,23.4,27.5,23.6,0,84.546
02.06.12,500.0,45,22.9,23.6,27.5,23.7,0,158.053
02.06.12,510.0,63,23.6,24,27.5,23.9,0,220.9377
02.06.12,520.0,90,24.4,24.2,27.5,24,0,318.12109999999996
02.06.12,530.0,122,25.3,24.6,27.4,24.2,0,431.86589999999995
02.06.12,540.0,204,27.3,25.1,27.4,24.4,0,732.105
02.06.12,550.0,173,27.9,25.2,27.5,24.6,0,615.717
02.06.12,560.0,206,27.9,25.6,27.4,24.8,0,736.7193
02.06.12,570.0,233,28.7,26,27.5,25,0,832.6668000000001
02.06.12,580.0,223,29.2,26.4,27.5,25.3,0,797.76
02.06.12,590.0,290,30.6,26.7,27.6,25.4,0,1043.763
02.06.12,600.0,326,31.5,27,27.6,25.6,0,1170.792
02.06.12,610.0,208,31.1,26.8,27.7,25.8,0,743.454
02.06.12,620.0,197,29.2,26.6,27.7,25.7,0,706.3349999999999
02.06.12,630.0,415,32,27.5,27.7,26.1,789,1478.8437
02.06.12,640.0,531,36.8,28.6,27.8,26.7,1203,1897.4088
02.06.12,650.0,370,35.2,28.2,28,26.8,1182,1301.178
02.06.12,660.0,573,37.3,29.4,28,27.1,1182,2051.3354999999997
02.06.12,670.0,610,41,30.6,28.2,28,1176,2207.235
02.06.12,680.0,607,40.8,30.5,28.3,28.3,1149,2196.8544
02.06.12,690.0,622,41.2,30.6,28.4,28.4,1113,2251.8633
02.06.12,700.0,642,42.4,31.4,28.5,28.6,1149,2338.496
02.06.12,710.0,669,44.3,32,28.7,28.9,1125,2435.7678
02.06.12,720.0,690,45.2,32.9,28.8,29.8,1104,2527.7616
02.06.12,730.0,709,47.3,33.5,28.9,30.1,1104,2600.4354
02.06.12,740.0,756,50.1,33.8,29.1,30.6,1101,2785.2972
02.06.12,750.0,648,47.5,33.7,29.2,30.5,1113,2377.3855
02.06.12,760.0,499,43.9,33,29.4,30.2,1128,1812.4401000000003
02.06.12,770.0,498,42.8,33,29.4,30.5,1119,1806.4620000000002
02.06.12,780.0,653,45.9,34.1,29.6,31.4,1143,2399.0179
02.06.12,790.0,609,47.3,34.2,29.8,31.1,1113,2229.3294
02.06.12,800.0,404,42.1,33.4,29.9,30.9,1110,1455.9434999999999
02.06.12,810.0,421,40.5,32.9,30,31.1,1080,1514.6622
02.06.12,820.0,549,41.8,33.8,30.2,31.3,1023,1997.9759999999999
02.06.12,830.0,554,43.3,34.2,30.3,32,1026,2026.1003
02.06.12,840.0,654,45.1,35,30.5,32.2,1023,2407.1936
02.06.12,850.0,823,48.2,35.7,30.7,32.9,1020,3078.8208
02.06.12,860.0,790,49.6,36.9,31,33.5,1053,2952.216
02.06.12,870.0,910,53,37.6,31.3,34,1053,3418.7022
02.06.12,880.0,854,52.8,37.3,31.4,34,1035,3212.81
02.06.12,890.0,724,50.7,37.1,31.7,34.3,1014,2698.6079999999997
02.06.12,900.0,781,48.9,36.7,31.9,34.3,1032,2926.9231999999997
02.06.12,910.0,789,50.2,37.5,32.1,34.7,1083,2965.6202999999996
02.06.12,920.0,765,50,37.3,32.2,34.4,1050,2868.898
02.06.12,930.0,749,50,37.3,32.4,34.6,822,2822.5712
02.06.12,940.0,732,49.4,37.5,32.6,34.9,0,2787.8788
02.06.12,950.0,711,47.6,36.9,32.8,34.8,0,2714.4618
02.06.12,960.0,691,47.7,37.1,32.9,34.7,0,2642.9856
02.06.12,970.0,668,47.7,36.5,32.9,35,0,2544.1621
02.06.12,980.0,643,46.7,36.7,33.2,34.8,0,2454.0896
02.06.12,990.0,616,46.6,36.9,33.3,34.9,0,2349.6054999999997
02.06.12,1000.0,589,47.7,37.2,33.4,35,0,2235.5025
02.06.12,1010.0,560,46.5,36.6,33.5,35,0,2132.7024
02.06.12,1020.0,531,45.3,36.6,33.7,35,0,2010.1309999999999
02.06.12,1030.0,499,44.1,36.5,33.8,34.6,0,1889.3886
02.06.12,1040.0,467,43.6,36.3,33.9,35,0,1770.2032
02.06.12,1050.0,431,42.8,35.8,34,34.8,0,1624.2336
02.06.12,1060.0,396,41.8,35.5,34.1,34.6,0,1490.211
02.06.12,1070.0,361,40.2,34.9,34.2,34.1,0,1361.3468
02.06.12,1080.0,328,39.3,34.7,34.2,33.9,0,1232.3191
02.06.12,1090.0,296,38.6,34.6,34.2,33.8,0,1113.33
02.06.12,1100.0,261,37.2,33.7,34.3,33.3,0,976.7710000000001
02.06.12,1110.0,229,36.1,33.5,34.2,32.9,0,856.4879999999999
02.06.12,1120.0,197,35.3,32.9,34.2,32.7,0,735.3668
02.06.12,1130.0,168,34.2,32.6,34.2,32.1,0,625.9328
02.06.12,1140.0,140,33.4,32.3,34.2,31.9,0,519.8302
02.06.12,1150.0,114,32.6,31.8,34.1,31.5,153,420.9205
02.06.12,1160.0,93,31.7,31.3,34.1,31,1155,320.7068
02.06.12,1170.0,75,30.9,30.8,34.1,30.6,1239,257.4803
02.06.12,1180.0,59,30.2,30.4,34.1,30.3,1242,201.6018
02.06.12,1190.0,45,29.6,30.1,34,30.1,1263,154.1268
02.06.12,1200.0,33,29,29.6,34,29.8,1377,111.88759999999999
02.06.12,1210.0,21,28.5,29.3,33.9,29.5,1443,69.9744
02.06.12,1220.0,11,28.1,29,33.9,29.3,1461,33.5049
02.06.12,1230.0,4,27.7,28.8,33.8,29.2,1602,7.995100000000001
02.06.12,1240.0,1,27.5,28.5,33.8,28.9,1839,1.8728
02.06.12,1250.0,0,27.1,28.1,33.7,28.5,2052,2.331
02.06.12,1260.0,0,26.8,27.9,33.5,28.3,2196,2.323
02.06.12,1270.0,0,26.6,27.7,33.5,28.1,2289,2.7786
02.06.12,1280.0,0,26.3,27.4,33.5,27.8,2256,2.775
02.06.12,1290.0,0,26,27.1,33.4,27.5,2274,2.3075
02.06.12,1300.0,0,25.8,26.9,33.3,27.2,2337,2.7618
02.06.12,1310.0,0,25.5,26.6,33.3,27,2361,2.7545999999999995
02.06.12,1320.0,0,25.3,26.4,33.2,26.8,2307,2.751
02.06.12,1330.0,0,25,26.1,33.1,26.5,2283,2.7468
02.06.12,1340.0,0,24.7,25.9,32.9,26.2,2277,2.2845
02.06.12,1350.0,0,24.6,25.7,32.9,26.1,2229,2.281
02.06.12,1360.0,0,24.4,25.5,32.6,25.9,2253,2.2755
02.06.12,1370.0,0,24.2,25.3,32.4,25.7,2211,2.2715
02.06.12,1380.0,0,24,25.2,32.5,25.5,2229,2.266
02.06.12,1390.0,0,23.8,25.1,32.3,25.4,2205,2.261
02.06.12,1400.0,0,23.7,25,32.3,25.3,2223,2.2545
02.06.12,1410.0,0,23.6,24.8,32.1,25.2,2178,2.2495000000000003
02.06.12,1420.0,0,23.6,24.8,32.1,25.1,2142,2.245
02.06.12,1430.0,0,23.5,24.7,32,25,2154,2.2375000000000003
02.06.12,1440.0,0,23.5,24.7,32,25,2112,2.6771999999999996
03.06.12,10.0,0,23.4,24.6,31.8,24.9,2097,2.6675999999999997
03.06.12,20.0,0,23.2,24.5,31.7,24.9,2028,2.2155
03.06.12,30.0,0,23.1,24.4,31.5,24.8,2097,2.2015000000000002
03.06.12,40.0,0,23.1,24.3,31.4,24.7,2052,2.1895000000000002
03.06.12,50.0,0,23,24.3,31.3,24.7,2058,2.172
03.06.12,60.0,0,22.9,24.2,31.4,24.7,1998,2.154
03.06.12,70.0,0,22.9,24.2,31.3,24.6,1371,2.1710000000000003
03.06.12,80.0,0,22.8,24.1,31.1,24.5,0,1.365
03.06.12,90.0,0,22.7,24.1,31.1,24.5,0,1.3743
03.06.12,100.0,0,22.7,24,31,24.5,0,1.3797
03.06.12,110.0,0,22.7,24,30.9,24.5,0,1.3833
03.06.12,120.0,0,22.7,23.9,30.7,24.4,0,1.3860000000000001
03.06.12,130.0,0,22.6,23.8,30.6,24.3,0,1.3878
03.06.12,140.0,0,22.6,23.8,30.5,24.3,0,1.3893
03.06.12,150.0,0,22.5,23.8,30.4,24.3,0,1.3905
03.06.12,160.0,0,22.5,23.8,30.3,24.2,0,1.3914
03.06.12,170.0,0,22.5,23.7,30.2,24.2,0,1.392
03.06.12,180.0,0,22.4,23.7,30.1,24.1,0,1.3926
03.06.12,190.0,0,22.4,23.6,30.1,24.1,0,1.3929
03.06.12,200.0,0,22.3,23.6,29.9,24.1,0,1.3931999999999998
03.06.12,210.0,0,22.2,23.6,30,24,0,1.3935
03.06.12,220.0,0,22.2,23.5,29.9,24,0,1.3938
03.06.12,230.0,0,22.2,23.5,29.7,24,0,1.3938
03.06.12,240.0,0,22.2,23.5,29.6,23.9,0,1.3941
03.06.12,250.0,0,22.2,23.5,29.5,23.9,0,1.3941
03.06.12,260.0,0,22.1,23.4,29.5,23.9,0,1.3941
03.06.12,270.0,0,22,23.4,29.4,23.9,0,1.3943999999999999
03.06.12,280.0,0,21.9,23.3,29.3,23.8,0,1.3943999999999999
03.06.12,290.0,0,21.9,23.3,29.2,23.8,0,1.3943999999999999
03.06.12,300.0,0,21.9,23.3,29.2,23.8,0,1.3943999999999999
03.06.12,310.0,0,22,23.3,29.1,23.8,0,1.3943999999999999
03.06.12,320.0,0,22,23.3,29,23.8,0,1.3943999999999999
03.06.12,330.0,0,22,23.3,28.9,23.8,0,1.3943999999999999
03.06.12,340.0,0,22.1,23.3,28.8,23.8,0,1.3943999999999999
03.06.12,350.0,0,22.2,23.4,28.7,23.8,0,1.3943999999999999
03.06.12,360.0,0,22.3,23.4,28.6,23.8,0,1.3943999999999999
03.06.12,370.0,0,22.4,23.4,28.6,23.8,0,1.3943999999999999
03.06.12,380.0,0,22.4,23.4,28.5,23.8,0,1.3943999999999999
03.06.12,390.0,0,22.2,23.4,28.4,23.8,0,1.3943999999999999
03.06.12,400.0,0,22.2,23.3,28.4,23.8,0,1.3943999999999999
03.06.12,410.0,0,22.2,23.3,28.3,23.7,0,1.3943999999999999
03.06.12,420.0,0,22.1,23.3,28.2,23.7,0,1.3943999999999999
03.06.12,430.0,0,22.1,23.3,28.1,23.7,0,1.3943999999999999
03.06.12,440.0,0,22,23.2,28.1,23.7,0,1.3943999999999999
03.06.12,450.0,0,22,23.2,28,23.7,0,1.3943999999999999
03.06.12,460.0,3,22.1,23.2,27.9,23.7,0,6.0437
03.06.12,470.0,10,22.2,23.3,27.9,23.7,0,29.358
03.06.12,480.0,19,22.5,23.4,27.8,23.7,0,64.12970000000001
03.06.12,490.0,29,22.8,23.6,27.7,23.8,0,97.31069999999998
03.06.12,500.0,42,23.1,23.8,27.7,23.9,0,146.63649999999998
03.06.12,510.0,67,23.8,24.4,27.7,24.1,0,236.07690000000002
03.06.12,520.0,101,24.7,24.6,27.6,24.3,0,361.9672
03.06.12,530.0,126,25.8,24.9,27.7,24.5,0,453.91150000000005
03.06.12,540.0,139,26.3,25.3,27.7,24.7,0,497.58220000000006
03.06.12,550.0,161,27.1,25.6,27.7,25,0,577.2837
03.06.12,560.0,191,27.9,26,27.7,25.2,0,686.6952
03.06.12,570.0,222,29.1,26.3,27.8,25.3,0,798.7004999999999
03.06.12,580.0,253,31,27.3,27.9,25.8,0,913.0261
03.06.12,590.0,288,32,27.6,28,25.9,0,1041.348
03.06.12,600.0,322,33.3,27.9,28.1,26.2,0,1165.2187999999999
03.06.12,610.0,355,35.2,28.8,28.1,26.8,270,1287.2219
03.06.12,620.0,389,38.1,29.5,28.2,28,1263,1375.0843
03.06.12,630.0,423,39,29.8,28.3,27.4,1290,1496.0955000000001
03.06.12,640.0,458,39.8,30.6,28.3,27.7,1275,1629.5136
03.06.12,650.0,491,42.1,31,28.5,28.7,1260,1749.8924
03.06.12,660.0,523,42.7,31.1,28.6,28.5,1182,1873.3502
03.06.12,670.0,554,44.5,32.1,28.7,30,1158,2002.0272999999997
03.06.12,680.0,584,47.4,33.3,28.8,30.9,1137,2111.5480000000002
03.06.12,690.0,609,48.1,32.8,28.9,30.6,1140,2213.8206
03.06.12,700.0,634,47,33.4,29,30.4,1131,2308.3401
03.06.12,710.0,657,47.4,33.7,29.2,30.6,1110,2402.9435
03.06.12,720.0,679,49.2,34.6,29.3,30.9,1122,2491.1964000000003
03.06.12,730.0,696,51.3,35.5,29.5,31.9,1110,2553.862
03.06.12,740.0,716,53.1,36.2,29.7,32.5,1119,2632.5376
03.06.12,750.0,733,55,36.2,29.8,34.2,1110,2710.1385
03.06.12,760.0,749,55.5,36.7,30,34.3,1098,2767.7998
03.06.12,770.0,764,55.5,37.4,30.1,33.7,1086,2839.212
03.06.12,780.0,777,57.5,37.8,30.3,35.5,1065,2888.98
03.06.12,790.0,791,59.9,37.8,30.5,36.1,1059,2941.2864000000004
03.06.12,800.0,799,59.1,38.4,30.7,35.5,1044,2985.3864
03.06.12,810.0,799,57.7,38.9,30.9,35,1059,2982.3586
03.06.12,820.0,802,56.3,38.6,31.2,35.2,1098,3007.8986
03.06.12,830.0,804,57.2,39.5,31.4,35.9,1233,2998.6923
03.06.12,840.0,804,60,39.5,31.5,37.8,1197,3003.5807999999997
03.06.12,850.0,807,61.3,39.2,31.8,39,1185,3023.4432
03.06.12,860.0,807,58.6,40,32.1,36.9,1089,3022.8
03.06.12,870.0,799,58.3,40.6,32.3,37,1047,3005.9932
03.06.12,880.0,790,60,40.1,32.5,39.2,1071,2975.2911999999997
03.06.12,890.0,779,61,40.9,32.6,39.6,1062,2923.95
03.06.12,900.0,773,59.5,40.5,32.8,39.4,1050,2912.1854999999996
03.06.12,910.0,761,58.5,40.7,32.9,39.5,1098,2856.8456
03.06.12,920.0,749,59.6,41,33.2,40.4,1089,2807.9016
03.06.12,930.0,723,57.9,41,33.5,38.8,1077,2719.9635
03.06.12,940.0,710,58.1,42.1,33.5,40.4,1068,2659.33
03.06.12,950.0,712,60.5,41.7,33.6,42,12,2711.5194
03.06.12,960.0,562,56.2,41.1,33.9,40.4,0,2133.6942
03.06.12,970.0,300,48.3,39.5,33.9,40.2,0,1116.7772
03.06.12,980.0,186,44.1,38.5,33.8,39.4,0,690.9464
03.06.12,990.0,128,40.5,37.6,33.9,38.7,0,469.965
03.06.12,1000.0,141,39.5,37.4,34,38.3,0,519.255
03.06.12,1010.0,433,43.3,38.4,34.1,38.8,0,1624.935
03.06.12,1020.0,530,50.8,40.2,34.3,40.8,0,2004.266
03.06.12,1030.0,514,52,40.6,34.4,41.4,0,1947.348
03.06.12,1040.0,461,53,40.7,34.7,41.1,0,1747.4552999999999
03.06.12,1050.0,29,40,33.1,34.6,35.6,0,99.4244
03.06.12,1060.0,42,31.8,30.5,34.1,32.6,0,151.719
03.06.12,1070.0,196,25.2,24.2,33.2,26.9,0,740.2192
03.06.12,1080.0,179,25,24.3,33.1,26.4,0,680.408
03.06.12,1090.0,74,24.6,25.3,32.8,27,0,274.9976
03.06.12,1100.0,25,23.8,24.1,32.8,25.5,0,86.3456
03.06.12,1110.0,14,23.9,25.4,32.7,25.6,0,45.965999999999994
03.06.12,1120.0,12,24.2,26.1,32.8,26.4,0,38.583600000000004
03.06.12,1130.0,11,25,26.5,32.8,27,0,34.16
03.06.12,1140.0,9,25.5,26.9,32.9,27.4,0,26.818
03.06.12,1150.0,8,25.9,27.1,32.9,27.9,0,22.4158
03.06.12,1160.0,5,26,27.4,32.9,27.9,0,12.6594
03.06.12,1170.0,4,26.2,27.8,33,27.9,642,8.163400000000001
03.06.12,1180.0,4,26.5,28,32.9,28.3,1242,6.627600000000001
03.06.12,1190.0,3,25.4,28,33,28.2,1269,6.1438
03.06.12,1200.0,2,25,28.1,32.9,28.5,1284,2.8314
03.06.12,1210.0,1,25.1,28.1,32.8,28.8,1335,1.8836000000000002
03.06.12,1220.0,0,25.9,27.5,32.7,28.1,1401,1.8796000000000002
03.06.12,1230.0,0,25.8,26.9,32.4,27.4,1572,2.341
03.06.12,1240.0,0,25.9,26.6,32.1,27.2,1707,2.3335000000000004
03.06.12,1250.0,0,25.7,26.6,31.9,27.1,1998,2.321
03.06.12,1260.0,0,25.8,26.5,31.7,27,2094,2.314
03.06.12,1270.0,0,25.7,26.3,31.6,26.9,2103,2.3095
03.06.12,1280.0,0,25.7,26.3,31.3,26.8,2157,2.3035
03.06.12,1290.0,0,25.6,26.1,31.3,26.7,2163,2.2985
03.06.12,1300.0,0,25.6,26.1,31.4,26.7,2154,2.2945
03.06.12,1310.0,0,25.6,26.2,31.2,26.7,2136,2.2905
03.06.12,1320.0,0,25.6,26.3,31.3,26.8,2115,2.7438
03.06.12,1330.0,0,25.4,26.3,31.3,26.9,2079,2.7396
03.06.12,1340.0,0,24,26.1,31.2,26.9,2094,2.7336
03.06.12,1350.0,0,23.9,26,31.2,26.6,2055,2.2745
03.06.12,1360.0,0,23.9,25.9,31.1,26.6,2058,2.2695000000000003
03.06.12,1370.0,0,24.1,25.9,30.9,26.5,2022,2.7186
03.06.12,1380.0,0,23.9,25.7,30.6,26.4,1968,2.7137999999999995
03.06.12,1390.0,0,24.1,25.5,30.4,26.1,1953,2.7084
03.06.12,1400.0,0,24.5,25.4,30.3,26,1929,2.7024
03.06.12,1410.0,0,24.6,25.4,30.3,26,1905,2.6957999999999998
03.06.12,1420.0,0,24.5,25.4,30.2,26,1818,2.6915999999999998
03.06.12,1430.0,0,24.3,25.4,30.4,26,1764,2.2385
03.06.12,1440.0,0,24.1,25.4,30.6,26,1746,2.232
04.06.12,10.0,0,23.8,25.3,30.6,26,1707,2.2255
04.06.12,20.0,0,23.7,25.3,30.6,26,1674,2.218
04.06.12,30.0,0,23.9,25.3,30.3,25.8,1734,2.2055000000000002
04.06.12,40.0,0,23.8,25.2,30.2,25.8,1734,2.1935
04.06.12,50.0,0,23.6,25.1,30.3,25.8,1686,2.182
04.06.12,60.0,0,23.5,25.1,30.3,25.7,1701,2.1645
04.06.12,70.0,0,23.5,25,30.2,25.6,87,1.3587
04.06.12,80.0,0,23.4,24.9,30.1,25.6,0,1.3731
04.06.12,90.0,0,23.4,24.9,30.1,25.6,0,1.3781999999999999
04.06.12,100.0,0,23.4,24.9,30.1,25.5,0,1.3815
04.06.12,110.0,0,23.5,25,30.1,25.5,0,1.3839000000000001
04.06.12,120.0,0,23.5,25,30,25.6,0,1.3857
04.06.12,130.0,0,23.5,24.9,29.9,25.5,0,1.3872
04.06.12,140.0,0,23.5,25,29.8,25.6,0,1.3884
04.06.12,150.0,0,23.3,25,29.8,25.6,0,1.3893
04.06.12,160.0,0,23.2,25,29.8,25.6,0,1.3902
04.06.12,170.0,0,23.2,25,29.7,25.6,0,1.3908
04.06.12,180.0,0,23.1,24.9,29.7,25.6,0,1.3910999999999998
04.06.12,190.0,0,23.1,24.9,29.6,25.6,0,1.3917
04.06.12,200.0,0,23.3,25,29.5,25.6,0,1.392
04.06.12,210.0,0,23.3,25,29.4,25.5,0,1.392
04.06.12,220.0,0,23.3,24.9,29.4,25.5,0,1.3922999999999999
04.06.12,230.0,0,23.2,24.9,29.4,25.5,0,1.3926
04.06.12,240.0,0,23.2,25,29.3,25.5,0,1.3926
04.06.12,250.0,0,23.3,24.9,29.3,25.5,0,1.3929
04.06.12,260.0,0,23.5,24.9,29.2,25.6,0,1.3929
04.06.12,270.0,0,23.5,24.9,29.1,25.6,0,1.3929
04.06.12,280.0,0,23.5,25,29.1,25.6,0,1.3931999999999998
04.06.12,290.0,0,23.6,25,29,25.6,0,1.3931999999999998
04.06.12,300.0,0,23.5,25,29,25.6,0,1.3931999999999998
04.06.12,310.0,0,23.3,25,29,25.6,0,1.3931999999999998
04.06.12,320.0,0,23.2,24.9,28.9,25.5,0,1.3931999999999998
04.06.12,330.0,0,23.2,24.9,28.9,25.5,0,1.3931999999999998
04.06.12,340.0,0,23.1,24.9,28.8,25.5,0,1.3931999999999998
04.06.12,350.0,0,23.1,24.9,28.8,25.5,0,1.3935
04.06.12,360.0,0,23,24.8,28.7,25.4,0,1.3935
04.06.12,370.0,0,22.9,24.8,28.7,25.4,0,1.3935
04.06.12,380.0,0,22.8,24.7,28.6,25.3,0,1.3935
04.06.12,390.0,0,22.5,24.6,28.6,25.2,0,1.3935
04.06.12,400.0,0,22.5,24.7,28.5,25.2,0,1.3935
04.06.12,410.0,0,22.6,24.6,28.4,25.2,0,1.3935
04.06.12,420.0,0,22.8,24.7,28.4,25.2,0,1.3935
04.06.12,430.0,0,22.7,24.7,28.4,25.2,0,1.3935
04.06.12,440.0,0,22.9,24.7,28.4,25.2,0,1.3935
04.06.12,450.0,0,23.2,24.8,28.3,25.3,0,1.3935
04.06.12,460.0,2,23.5,24.9,28.3,25.4,0,1.858
04.06.12,470.0,6,23.6,24.9,28.3,25.5,0,16.275
04.06.12,480.0,15,23.8,25,28.2,25.5,0,46.2132
04.06.12,490.0,27,24.1,25.1,28.2,25.6,0,90.1056
04.06.12,500.0,41,24.5,25.2,28.1,25.5,0,141.8914
04.06.12,510.0,52,24.8,25.2,28.1,25.6,0,182.3078
04.06.12,520.0,67,25.2,25.4,28,25.6,0,237.3456
04.06.12,530.0,79,25.9,25.5,28,25.8,0,282.91380000000004
04.06.12,540.0,98,26.6,25.7,28,25.9,0,350.68600000000004
04.06.12,550.0,117,27.4,26.1,28,26,0,417.824
04.06.12,560.0,135,28.3,26.2,27.9,26.2,0,488.5439
04.06.12,570.0,156,29.1,26.6,28,26.4,0,565.9616
04.06.12,580.0,183,29.9,26.9,28,26.5,0,666.1326
04.06.12,590.0,202,30.7,27,28,26.6,0,738.9264000000001
04.06.12,600.0,233,31.8,27.3,28,26.9,0,854.5593
04.06.12,610.0,239,33,27.7,28,27.3,0,881.8095999999999
04.06.12,620.0,341,34.8,28.3,28,27.7,705,1249.492
04.06.12,630.0,436,38,28.9,28.1,28.1,1188,1589.5440000000003
04.06.12,640.0,428,39.7,29.2,28.2,28.5,1143,1570.8374
04.06.12,650.0,462,39.7,29.4,28.2,28.7,1149,1687.0256
04.06.12,660.0,427,40.1,29.6,28.3,28.8,1122,1558.1550000000002
04.06.12,670.0,511,40.2,30.3,28.4,28.4,1101,1874.0673000000002
04.06.12,680.0,499,40.4,30.1,28.4,28.4,1101,1834.6335000000001
04.06.12,690.0,505,41.6,30.7,28.5,28.8,1071,1867.4568
04.06.12,700.0,651,45.1,31.3,28.6,29.5,1071,2424.8808
04.06.12,710.0,668,47.9,31.6,28.7,29.8,1092,2503.281
04.06.12,720.0,673,47.6,31.7,28.8,29.7,1077,2515.7293
04.06.12,730.0,735,49.9,32.7,28.9,30.5,1059,2761.5598
04.06.12,740.0,678,50.4,33.1,29,30.5,1068,2548.0938
04.06.12,750.0,763,51.3,33.2,29.1,30.6,1065,2876.0514000000003
04.06.12,760.0,768,51.8,33.1,29.2,30.9,1053,2900.3184
04.06.12,770.0,779,52.9,33.6,29.4,31.8,1065,2957.124
04.06.12,780.0,790,55.2,33.8,29.5,32.4,1053,2990.6072
04.06.12,790.0,803,54.6,34,29.6,31.6,1038,3056.053
04.06.12,800.0,799,54.6,34.1,29.8,31.8,1032,3033.1583
04.06.12,810.0,819,55.5,34.7,29.9,32.7,1119,3107.5298
04.06.12,820.0,818,55.6,35,30.1,32.4,1110,3116.505
04.06.12,830.0,821,57.3,35.8,30.2,33.3,1092,3123.9831
04.06.12,840.0,824,57.9,35.5,30.4,33.6,1095,3135.502
04.06.12,850.0,814,54.9,35.2,30.5,32.5,1092,3114.8958
04.06.12,860.0,818,53.7,35.4,30.7,32.5,1119,3122.5281999999997
04.06.12,870.0,814,56,36.2,30.8,34.5,1119,3117.6405
04.06.12,880.0,807,54.7,35.7,31,33.3,1128,3086.094
04.06.12,890.0,798,55.2,36.5,31.1,34.4,1110,3053.6884999999997
04.06.12,900.0,792,55.1,36.6,31.3,34.4,1098,3042.6
04.06.12,910.0,780,54.9,36.6,31.5,34.2,1161,2985.9003999999995
04.06.12,920.0,764,54.2,37.4,31.6,34.5,1149,2926.1925
04.06.12,930.0,750,55.2,37.3,31.7,35.5,1101,2880.4494
04.06.12,940.0,729,55.1,37.4,31.9,35.1,894,2799.5
04.06.12,950.0,711,53,37.5,32,35.4,0,2785.8816
04.06.12,960.0,688,53.7,37.4,32.2,35.5,0,2690.496
04.06.12,970.0,669,52.3,37.6,32.4,35.2,0,2621.3199999999997
04.06.12,980.0,646,53.9,38.2,32.5,36.9,0,2542.4469
04.06.12,990.0,619,54.8,37.9,32.7,37,0,2435.0186
04.06.12,1000.0,596,53.5,38.5,32.8,36.6,0,2349.8419
04.06.12,1010.0,567,52.5,37.5,33.1,38.2,0,2253.108
04.06.12,1020.0,539,52.2,38.3,33.2,38,0,2136.372
04.06.12,1030.0,509,51.2,38.6,33.3,37.7,0,2031.4433999999999
04.06.12,1040.0,479,50.5,38.1,33.4,37.7,0,1905.6622
04.06.12,1050.0,446,48.2,38,33.6,37.5,0,1775.9900000000002
04.06.12,1060.0,412,47.9,37.9,33.7,37.5,0,1643.8487999999998
04.06.12,1070.0,378,46.3,37.9,33.7,37.1,0,1498.0646
04.06.12,1080.0,342,45.2,37.5,33.8,37,0,1352.2135
04.06.12,1090.0,307,43.8,37.4,34,36.8,0,1213.5864000000001
04.06.12,1100.0,273,42.3,36.8,34,36.5,0,1069.14
04.06.12,1110.0,240,41.3,36.8,34.1,36.5,0,937.992
04.06.12,1120.0,207,40.1,36.4,34.2,36.3,0,804.3652000000001
04.06.12,1130.0,176,39.1,36.5,34.3,36.1,0,678.6468
04.06.12,1140.0,148,37.8,36.2,34.4,35.9,0,569.621
04.06.12,1150.0,123,36.5,35.1,34.4,34.8,0,465.6096
04.06.12,1160.0,100,35.2,34.4,34.3,34.2,0,371.1015
04.06.12,1170.0,80,34.3,33.9,34.3,33.9,0,297.8944
04.06.12,1180.0,64,33.6,33.4,34.2,33.7,0,235.15660000000003
04.06.12,1190.0,49,33,33.1,34.2,33.4,0,178.8926
04.06.12,1200.0,35,32.4,32.7,34.1,33.2,0,124.475
04.06.12,1210.0,22,31.8,32.3,34.1,32.9,0,75.9033
04.06.12,1220.0,11,31.2,31.9,34,32.6,0,33.6124
04.06.12,1230.0,4,30.7,31.5,33.9,32.2,696,6.7998
04.06.12,1240.0,1,30.3,31.1,33.9,31.8,1278,1.4331
04.06.12,1250.0,0,29.9,30.9,33.9,31.6,1476,1.4274
04.06.12,1260.0,0,29.7,30.7,33.9,31.4,1635,1.8956
04.06.12,1270.0,0,29.6,30.5,33.9,31.1,1587,1.8940000000000001
04.06.12,1280.0,0,29.2,30.1,33.8,30.7,1674,2.361
04.06.12,1290.0,0,29,29.9,33.7,30.5,1788,2.3535
04.06.12,1300.0,0,28.7,29.7,33.8,30.2,1752,2.3510000000000004
04.06.12,1310.0,0,28.5,29.4,33.6,29.9,1782,2.347
04.06.12,1320.0,0,28.2,29.2,33.7,29.7,1812,2.3425000000000002
04.06.12,1330.0,0,27.9,28.9,33.5,29.5,1812,2.339
04.06.12,1340.0,0,27.7,28.7,33.4,29.2,1824,2.8026
04.06.12,1350.0,0,27.6,28.7,33.3,29.2,1809,2.3329999999999997
04.06.12,1360.0,0,27.5,28.6,33.3,29.1,1809,2.3295000000000003
04.06.12,1370.0,0,27.5,28.5,33.2,29,1881,2.324
04.06.12,1380.0,0,27.3,28.4,33.2,28.9,1950,2.3185
04.06.12,1390.0,0,27.2,28.3,33,28.8,1962,2.3145000000000002
04.06.12,1400.0,0,27.1,28.3,33,28.8,2016,2.309
04.06.12,1410.0,0,27.1,28.2,32.9,28.8,2007,2.3055
04.06.12,1420.0,0,27.1,28.2,32.8,28.7,1956,2.3035
04.06.12,1430.0,0,27.1,28.1,32.7,28.6,1887,2.302
04.06.12,1440.0,0,27,28,32.7,28.6,1845,1.84
05.06.12,10.0,0,26.9,27.9,32.6,28.5,1839,2.297
05.06.12,20.0,0,26.7,27.8,32.5,28.3,1791,1.8356000000000001
05.06.12,30.0,0,26.6,27.7,32.5,28.2,1767,2.2920000000000003
05.06.12,40.0,0,26.5,27.6,32.4,28.1,1605,2.294
05.06.12,50.0,0,26.4,27.4,32.3,28,1557,1.834
05.06.12,60.0,0,26.3,27.3,32.2,27.9,1542,2.29
05.06.12,70.0,0,26.1,27.2,32.2,27.8,1461,1.8319999999999999
05.06.12,80.0,0,26,27.1,32.1,27.7,1422,1.8304
05.06.12,90.0,0,25.9,27,31.9,27.6,1617,2.278
05.06.12,100.0,0,25.9,26.8,31.8,27.4,1593,2.275
05.06.12,110.0,0,25.7,26.8,31.7,27.3,1581,1.8172
05.06.12,120.0,0,25.6,26.6,31.7,27.2,1557,1.8144
05.06.12,130.0,0,25.4,26.6,31.7,27.1,1530,1.8116
05.06.12,140.0,0,25.3,26.5,31.6,27,1479,1.8096
05.06.12,150.0,0,25.2,26.4,31.6,26.9,1542,1.804
05.06.12,160.0,0,25,26.3,31.5,26.8,1566,1.7984
05.06.12,170.0,0,25,26.2,31.5,26.8,1554,1.7936
05.06.12,180.0,0,24.9,26.2,31.4,26.7,1551,1.7880000000000003
05.06.12,190.0,0,24.9,26.1,31.4,26.6,1446,1.7856
05.06.12,200.0,0,24.8,26,31.3,26.5,1440,1.7808000000000002
05.06.12,210.0,0,24.7,25.9,31.2,26.4,1464,1.774
05.06.12,220.0,0,24.6,25.8,31.2,26.4,1434,1.7684
05.06.12,230.0,0,24.5,25.7,31.1,26.3,1419,1.7624000000000002
05.06.12,240.0,0,24.3,25.6,31,26.2,1416,1.7556
05.06.12,250.0,0,24.2,25.5,31,26.1,1407,1.7480000000000002
05.06.12,260.0,0,24.2,25.5,30.9,26.1,606,1.3368
05.06.12,270.0,0,24.2,25.4,30.8,26,0,1.3695
05.06.12,280.0,0,24.1,25.4,30.8,26.1,0,1.3752
05.06.12,290.0,0,24.1,25.4,30.7,26.1,0,1.3791
05.06.12,300.0,0,24.2,25.4,30.6,26.1,0,1.3818
05.06.12,310.0,0,24.1,25.3,30.6,26,0,1.3839000000000001
05.06.12,320.0,0,23.9,25.2,30.5,25.9,0,1.3857
05.06.12,330.0,0,23.6,25.1,30.5,25.8,0,1.3868999999999998
05.06.12,340.0,0,23.8,25.2,30.3,25.9,0,1.3881000000000001
05.06.12,350.0,0,23.9,25.2,30.3,25.9,0,1.3889999999999998
05.06.12,360.0,0,23.9,25.2,30.1,25.8,0,1.3896
05.06.12,370.0,0,23.9,25.1,30,25.8,0,1.3902
05.06.12,380.0,0,23.9,25.1,30,25.8,0,1.3908
05.06.12,390.0,0,23.9,25.1,29.9,25.7,0,1.3910999999999998
05.06.12,400.0,0,23.8,25,29.9,25.7,0,1.3914
05.06.12,410.0,0,23.8,25,29.8,25.6,0,1.3917
05.06.12,420.0,0,23.8,25,29.7,25.6,0,1.3917
05.06.12,430.0,0,23.7,25,29.7,25.6,0,1.392
05.06.12,440.0,0,23.8,25,29.6,25.6,0,1.392
05.06.12,450.0,0,23.8,24.9,29.5,25.5,0,1.3922999999999999
05.06.12,460.0,3,23.8,24.9,29.4,25.5,0,6.5002
05.06.12,470.0,10,23.8,24.9,29.4,25.4,0,32.119499999999995
05.06.12,480.0,22,24,24.9,29.3,25.4,0,74.3961
05.06.12,490.0,37,24.3,25,29.2,25.4,0,127.50549999999998
05.06.12,500.0,53,24.6,25.2,29.1,25.4,0,186.9516
05.06.12,510.0,71,25,25.4,29.1,25.4,0,253.4744
05.06.12,520.0,93,25.4,25.4,29,25.4,0,334.36159999999995
05.06.12,530.0,116,26,25.6,28.9,25.5,0,422.6904
05.06.12,540.0,142,26.6,25.8,28.8,25.7,0,518.295
05.06.12,550.0,172,27.3,26.1,28.8,25.8,0,630.9387
05.06.12,560.0,205,28.3,26.5,28.9,26.1,0,754.116
05.06.12,570.0,239,29.2,26.8,28.9,26.4,0,879.0630999999998
05.06.12,580.0,272,30.3,27.3,28.9,26.7,0,1008.8892000000001
05.06.12,590.0,307,31.2,27.5,29,27,0,1137.192
05.06.12,600.0,342,32.2,27.9,29.1,27.2,0,1272.4566
05.06.12,610.0,378,33.4,28.3,29.2,27.5,705,1387.4889999999998
05.06.12,620.0,414,34.4,28.7,29.3,27.7,1254,1500.2079
05.06.12,630.0,450,35.5,28.9,29.3,27.9,1236,1641.2956
05.06.12,640.0,486,36.7,29.2,29.4,28.1,1227,1773.7001000000002
05.06.12,650.0,518,37.7,29.8,29.5,28.4,1206,1898.9643
05.06.12,660.0,551,39.6,30.4,29.6,28.6,1209,2032.7740000000001
05.06.12,670.0,582,40.7,30.5,29.7,28.6,1197,2148.1512000000002
05.06.12,680.0,614,41.2,30.8,29.8,29,1194,2277.5129
05.06.12,690.0,642,42.8,31.8,29.9,29.4,1176,2382.891
05.06.12,700.0,668,45.1,32.5,30,29.8,1179,2488.419
05.06.12,710.0,695,44.3,32.1,30.1,30,1137,2601.6119999999996
05.06.12,720.0,718,45.2,32.7,30.2,30.4,1077,2689.5425
05.06.12,730.0,737,46.6,33.1,30.4,30.8,1062,2769.8579999999997
05.06.12,740.0,756,47.8,33.8,30.5,30.8,1065,2852.5132
05.06.12,750.0,773,49.3,34.3,30.7,31.2,930,2920.5926
05.06.12,760.0,787,48.7,34.2,30.9,31.2,846,2992.5
05.06.12,770.0,803,50.2,35.1,31,32.1,846,3046.7947999999997
05.06.12,780.0,817,51.5,35.3,31.1,32.4,900,3104.4843
05.06.12,790.0,827,53.4,35.9,31.3,32.7,891,3150.658
05.06.12,800.0,834,52.6,36,31.6,32.9,891,3178.0986000000003
05.06.12,810.0,839,53.5,36.4,31.7,33.3,903,3197.7881
05.06.12,820.0,844,52.2,36.4,32,33.4,897,3235.1241999999997
05.06.12,830.0,848,54,37.1,32.2,34.2,888,3247.4684
05.06.12,840.0,850,52.6,37.1,32.4,33.8,900,3266.948
05.06.12,850.0,849,54.8,37.8,32.5,34.5,903,3246.7725
05.06.12,860.0,847,55.4,38.1,32.6,34.5,870,3245.1328
05.06.12,870.0,842,54.7,38.2,32.8,34.7,864,3242.4462
05.06.12,880.0,835,56.8,38.9,32.9,35.3,948,3196.68
05.06.12,890.0,824,56.5,39,33.2,35.8,1278,3142.386
05.06.12,900.0,816,55.7,39,33.4,35.5,1107,3133.0013999999996
05.06.12,910.0,806,58.8,39.5,33.4,36.8,1107,3074.6441
05.06.12,920.0,790,58.3,39.7,33.7,37,1110,3027.9585
05.06.12,930.0,774,58.1,39.8,33.9,37.4,1152,2957.3619
05.06.12,940.0,756,55.9,39.6,33.9,37,453,2927.6289
05.06.12,950.0,736,56,39.9,34.2,37.8,0,2882.172
05.06.12,960.0,713,52.4,39.4,34.5,36.4,0,2796.3401999999996
05.06.12,970.0,690,50.5,38.8,34.7,36.3,0,2716.9884
05.06.12,980.0,666,50.3,38.7,34.8,36.2,0,2633.5808
05.06.12,990.0,640,50.4,38.5,34.8,36.4,0,2532.2527999999998
05.06.12,1000.0,614,48.7,38.3,34.9,36.2,303,2525.9489999999996
05.06.12,1010.0,586,48.3,38.3,35,36.4,414,2458.5744
05.06.12,1020.0,558,48.1,38,35.3,36.6,408,2343.4925
05.06.12,1030.0,526,46.4,37.9,35.4,36.3,381,2224.467
05.06.12,1040.0,492,45.9,37.7,35.6,36.2,81,1990.1270000000002
05.06.12,1050.0,460,45.3,38,35.9,36.4,168,1845.8175999999999
05.06.12,1060.0,426,43.7,37.4,36.1,36.2,375,1801.1096000000002
05.06.12,1070.0,392,43.1,37.6,36.2,36.4,357,1648.7341
05.06.12,1080.0,358,42.2,37.2,36.4,36.2,531,1507.3344
05.06.12,1090.0,321,41.6,37.2,36.5,36.3,858,1343.0391
05.06.12,1100.0,284,40.8,37,36.7,36.2,813,1187.1816000000001
05.06.12,1110.0,248,40,36.9,36.8,36.3,801,1036.0192
05.06.12,1120.0,215,39.1,36.7,36.9,36.1,801,891.68
05.06.12,1130.0,183,38.5,36.8,37,36.1,789,753.3656
05.06.12,1140.0,151,37.4,36.5,37.1,35.7,756,621.049
05.06.12,1150.0,121,36.1,35.3,37.1,34.9,753,491.814
05.06.12,1160.0,98,34.4,34,37.2,33.8,741,389.0484
05.06.12,1170.0,79,33.3,33.5,37.1,33.3,747,307.9684
05.06.12,1180.0,62,32.6,32.8,37.2,32.8,762,243.07429999999997
05.06.12,1190.0,48,31.7,32.1,37.3,32.2,777,186.5632
05.06.12,1200.0,35,30.9,31.4,37,31.7,792,132.864
05.06.12,1210.0,23,30.3,31,37,31.3,789,81.9328
05.06.12,1220.0,12,29.7,30.5,36.8,30.8,786,36.537600000000005
05.06.12,1230.0,5,29.1,30,36.7,30.5,843,6.0412
05.06.12,1240.0,1,28.5,29.6,36.4,30,951,1.9912
05.06.12,1250.0,0,28.1,29.1,36.1,29.6,1236,1.9696
05.06.12,1260.0,0,27.7,28.7,35.8,29.1,1416,1.9576
05.06.12,1270.0,0,27.3,28.4,35.7,28.9,1566,1.9484000000000001
05.06.12,1280.0,0,27,28.1,35.5,28.5,1836,2.4205
05.06.12,1290.0,0,26.9,28,35.6,28.4,1899,2.4130000000000003
05.06.12,1300.0,0,26.7,27.8,35.4,28.2,1911,2.408
05.06.12,1310.0,0,26.5,27.6,35.4,28,1788,1.9576
05.06.12,1320.0,0,26.3,27.4,35.2,27.8,2193,2.3920000000000003
05.06.12,1330.0,0,26.1,27.2,35.1,27.5,2322,2.382
05.06.12,1340.0,0,25.9,26.9,35,27.3,2364,2.3755
05.06.12,1350.0,0,25.7,26.8,34.9,27.2,2337,2.3715
05.06.12,1360.0,0,25.5,26.6,34.7,26.9,2331,2.3670000000000004
05.06.12,1370.0,0,25.4,26.4,34.5,26.7,2310,2.3625000000000003
05.06.12,1380.0,0,25.3,26.3,34.4,26.6,2319,2.358
05.06.12,1390.0,0,25.2,26.2,34.3,26.6,2343,2.353
05.06.12,1400.0,0,25.1,26.1,34.2,26.5,2334,2.3489999999999998
05.06.12,1410.0,0,24.9,26,34,26.4,2337,2.345
05.06.12,1420.0,0,24.8,26,33.9,26.3,2283,2.3425000000000002
05.06.12,1430.0,0,24.8,25.8,33.8,26.2,2319,2.3375
05.06.12,1440.0,0,24.7,25.8,33.7,26.2,2301,2.3345
06.06.12,10.0,0,24.7,25.7,33.5,26.1,2190,2.334
06.06.12,20.0,0,24.6,25.7,33.4,26.1,2145,1.8656000000000001
06.06.12,30.0,0,24.5,25.6,33.3,26,2001,1.8663999999999998
06.06.12,40.0,0,24.5,25.6,33.2,25.9,1827,1.8684
06.06.12,50.0,0,24.4,25.5,33.1,25.9,1755,1.868
06.06.12,60.0,0,24.3,25.4,33,25.8,1641,1.8688
06.06.12,70.0,0,24.3,25.3,32.9,25.7,1590,1.868
06.06.12,80.0,0,24.2,25.3,32.8,25.7,1575,1.8663999999999998
06.06.12,90.0,0,24,25.2,32.7,25.6,1560,1.8652000000000002
06.06.12,100.0,0,24,25.2,32.6,25.6,1518,1.864
06.06.12,110.0,0,23.9,25.1,32.5,25.5,1476,1.8636000000000001
06.06.12,120.0,0,23.8,25,32.4,25.5,1455,1.8619999999999999
06.06.12,130.0,0,23.7,24.9,32.3,25.4,1452,1.8604
06.06.12,140.0,0,23.6,24.9,32.3,25.4,1446,1.8588
06.06.12,150.0,0,23.6,24.8,32.2,25.3,1440,1.8572
06.06.12,160.0,0,23.5,24.8,32.1,25.3,1440,1.8556000000000001
06.06.12,170.0,0,23.5,24.8,32,25.3,1449,1.8536000000000001
06.06.12,180.0,0,23.5,24.8,31.9,25.3,1449,1.8519999999999999
06.06.12,190.0,0,23.5,24.8,31.8,25.3,1434,1.8504
06.06.12,200.0,0,23.6,24.8,31.7,25.3,1419,1.8492
06.06.12,210.0,0,23.6,24.8,31.7,25.3,1419,1.8476
06.06.12,220.0,0,23.7,24.9,31.5,25.3,1413,1.846
06.06.12,230.0,0,23.7,24.9,31.5,25.4,1443,1.8436000000000001
06.06.12,240.0,0,23.7,24.9,31.4,25.4,1485,1.8412000000000002
06.06.12,250.0,0,23.5,24.8,31.3,25.4,1518,1.8384
06.06.12,260.0,0,23.2,24.6,31.1,25.3,1356,1.8408000000000002
06.06.12,270.0,0,23.2,24.7,31,25.3,1413,1.838
06.06.12,280.0,0,23.2,24.7,31,25.3,1398,1.8368000000000002
06.06.12,290.0,0,23.2,24.7,30.9,25.3,1395,1.8352000000000002
06.06.12,300.0,0,23.1,24.6,30.8,25.3,1389,1.8336000000000001
06.06.12,310.0,0,22.9,24.5,30.7,25.1,1386,1.8319999999999999
06.06.12,320.0,0,22.7,24.4,30.6,25.1,1380,1.8308000000000002
06.06.12,330.0,0,22.6,24.4,30.7,25.1,1380,1.8292
06.06.12,340.0,0,22.6,24.4,30.7,25,1377,1.8272
06.06.12,350.0,0,22.6,24.4,30.6,24.9,1380,1.8252000000000002
06.06.12,360.0,0,22.7,24.4,30.4,24.9,1380,1.8236
06.06.12,370.0,0,22.7,24.3,30.3,24.8,1362,1.3664999999999998
06.06.12,380.0,0,22.6,24.2,30.2,24.7,1383,1.8196
06.06.12,390.0,0,22.7,24.2,30.3,24.7,1401,1.8172
06.06.12,400.0,0,23.1,24.3,30.1,24.8,1395,1.8152000000000001
06.06.12,410.0,0,23.1,24.3,29.9,24.8,1260,1.3626
06.06.12,420.0,0,22.8,24.2,29.9,24.7,1191,1.3632
06.06.12,430.0,0,22.6,24.1,29.8,24.6,1170,1.3622999999999998
06.06.12,440.0,0,22.6,24.1,29.6,24.6,1095,1.3629
06.06.12,450.0,0,23,24.3,29.5,24.7,1080,1.3622999999999998
06.06.12,460.0,3,23.3,24.4,29.4,24.8,1053,6.3546000000000005
06.06.12,470.0,11,23.1,24.3,29.4,24.7,1059,33.5738
06.06.12,480.0,22,23.1,24.2,29.4,24.6,966,72.704
06.06.12,490.0,36,23.3,24.3,29.3,24.6,804,120.8135
06.06.12,500.0,54,23.7,24.7,29.3,24.7,777,186.7903
06.06.12,510.0,74,24.3,25,29.3,24.8,786,256.4892
06.06.12,520.0,96,24.9,25.1,29.2,24.9,768,334.34
06.06.12,530.0,115,25.5,25.2,29.1,25,765,402.8264
06.06.12,540.0,139,26.2,25.5,29.1,25.2,756,487.84779999999995
06.06.12,550.0,181,27.1,25.9,29.1,25.4,711,644.725
06.06.12,560.0,212,28.1,26.1,29.1,25.7,702,756.2526
06.06.12,570.0,249,28.9,26.5,29.1,25.8,762,894.9213
06.06.12,580.0,286,30,26.8,29.1,26,813,1035.1292
06.06.12,590.0,322,31.4,27.5,29.2,26.5,786,1174.0626
06.06.12,600.0,358,32.6,28,29.3,26.8,735,1316.9117999999999
06.06.12,610.0,396,33.6,28.2,29.3,27.3,726,1454.2416
06.06.12,620.0,432,34.4,28.8,29.4,27.6,870,1583.2744
06.06.12,630.0,469,35.4,29.4,29.5,28.1,780,1732.6452000000002
06.06.12,640.0,505,37,30,29.6,28.7,882,1859.5410000000002
06.06.12,650.0,538,38.3,30.4,29.7,29,867,1993.835
06.06.12,660.0,571,39.3,30.7,29.8,29.2,861,2112.9216
06.06.12,670.0,602,40.5,31.4,29.9,30.1,852,2235.0699
06.06.12,680.0,631,41.4,31.8,30,30.2,873,2352.571
06.06.12,690.0,661,42.5,32.4,30.1,30.5,834,2466.2816000000003
06.06.12,700.0,687,43.4,32.8,30.2,30.8,804,2568.3875
06.06.12,710.0,710,44.1,33.1,30.4,30.8,801,2670.564
06.06.12,720.0,734,45.5,33.9,30.5,31.4,798,2758.3257
06.06.12,730.0,756,46.6,34.2,30.6,31.8,807,2854.5349
06.06.12,740.0,773,47.6,34.7,30.8,31.9,807,2915.6146
06.06.12,750.0,791,48.4,35.2,31,32.7,756,2992.604
06.06.12,760.0,809,48.2,35.1,31.1,32.8,771,3076.5278000000003
06.06.12,770.0,825,48.8,35.7,31.3,33.5,819,3131.9903999999997
06.06.12,780.0,840,49.6,36.1,31.4,33.8,774,3194.3136
06.06.12,790.0,852,50.7,36.6,31.6,34,804,3252.09
06.06.12,800.0,862,52.7,37.8,31.7,34.6,792,3280.5514
06.06.12,810.0,869,55.1,38.2,31.9,35,786,3316.562
06.06.12,820.0,874,54.1,38.1,32.1,35.1,780,3331.7375
06.06.12,830.0,877,55.3,38.5,32.3,35.4,834,3339.5919999999996
06.06.12,840.0,877,57.3,39.1,32.5,35.8,762,3353.529
06.06.12,850.0,872,55.8,38.9,32.6,35.9,798,3333.7262
06.06.12,860.0,872,58.8,40,32.8,37,969,3324.7104
06.06.12,870.0,865,60.8,40.3,33,38,966,3302.6223
06.06.12,880.0,856,57.9,39.6,33.4,36,1041,3266.1576
06.06.12,890.0,852,57.6,40.3,33.5,36.5,990,3265.0335999999998
06.06.12,900.0,842,60.6,41,33.6,38.9,918,3217.6866
06.06.12,910.0,828,59.4,40.5,33.9,37.7,966,3164.8645
06.06.12,920.0,807,54.9,39.6,34.2,36.8,969,3106.2092
06.06.12,930.0,789,52.1,39.3,34.4,36.1,936,3056.784
06.06.12,940.0,774,50.8,39.1,34.5,36.1,321,3049.0056
06.06.12,950.0,755,52.9,39.3,34.6,36.3,0,2956.4287999999997
06.06.12,960.0,734,54.3,39.7,34.7,37.6,0,2869.35
06.06.12,970.0,712,55.6,40.1,34.8,38,0,2786.958
06.06.12,980.0,685,52.2,39.6,35.1,36.9,0,2680.4700000000003
06.06.12,990.0,655,50.8,39.4,35.4,37.1,0,2564.0947
06.06.12,1000.0,629,47.8,38.3,35.5,36.8,0,2477.934
06.06.12,1010.0,598,47.8,38.6,35.6,36.7,0,2346.0849
06.06.12,1020.0,567,47.3,38.7,35.7,36.6,0,2225.2405
06.06.12,1030.0,535,46.8,38.7,35.8,36.7,0,2106.1692
06.06.12,1040.0,504,46.1,38.4,35.9,36.7,0,1977.4776
06.06.12,1050.0,470,45.2,38.4,36,36.7,0,1844.4635000000003
06.06.12,1060.0,435,44.8,38.2,36.1,36.5,0,1699.6116000000002
06.06.12,1070.0,397,43.9,38,36.2,36.7,0,1552.7684000000002
06.06.12,1080.0,360,42.7,37.6,36.2,36.4,0,1409.2059
06.06.12,1090.0,324,42,37.6,36.3,36.4,0,1260.748
06.06.12,1100.0,287,41.5,37.6,36.3,36.8,0,1113.9955
06.06.12,1110.0,252,40.2,37.1,36.4,36.4,0,974.7336
06.06.12,1120.0,217,39.3,36.9,36.4,36.5,0,832.975
06.06.12,1130.0,184,38.7,37.3,36.4,36.6,0,704.158
06.06.12,1140.0,149,37.8,36.9,36.4,36.3,0,565.4989999999999
06.06.12,1150.0,121,36,35.6,36.3,35.3,0,453.43679999999995
06.06.12,1160.0,98,34.7,34.7,36.2,34.4,0,354.7908
06.06.12,1170.0,78,33.8,34,36.1,33.8,0,282.23999999999995
06.06.12,1180.0,63,32.9,33.2,35.9,33.2,0,226.8079
06.06.12,1190.0,49,32,32.5,35.8,32.6,0,178.1035
06.06.12,1200.0,37,31.3,31.9,35.6,32.1,774,134.8486
06.06.12,1210.0,24,30.6,31.3,35.5,31.6,858,86.4324
06.06.12,1220.0,13,30.1,31,35.3,31.4,1134,39.1608
06.06.12,1230.0,5,29.8,30.9,35.3,31.4,1260,7.085
06.06.12,1240.0,1,29.4,30.4,35.2,30.9,1446,2.1864
06.06.12,1250.0,0,28.9,30,35.2,30.5,1611,2.1932
06.06.12,1260.0,0,28.5,29.7,35.3,30.2,1761,2.0432
06.06.12,1270.0,0,27.9,28.9,35.5,29.4,1851,1.9391999999999998
06.06.12,1280.0,0,27.4,28.3,35.1,28.7,2067,2.4075
06.06.12,1290.0,0,26.7,27.7,34.8,28.1,2187,2.3954999999999997
06.06.12,1300.0,0,26.3,27.4,34.7,27.7,2352,2.8571999999999997
06.06.12,1310.0,0,26,27,34.5,27.3,2367,2.375
06.06.12,1320.0,0,25.7,26.7,34.5,27,2280,2.373
06.06.12,1330.0,0,25.4,26.4,34.1,26.7,2250,2.37
06.06.12,1340.0,0,25.2,26.3,34,26.6,2223,2.3670000000000004
06.06.12,1350.0,0,25.1,26.2,33.9,26.5,2112,2.3665
06.06.12,1360.0,0,24.9,26.1,33.8,26.4,2106,2.3635
06.06.12,1370.0,0,24.8,25.9,33.7,26.3,2091,2.3605
06.06.12,1380.0,0,24.7,25.8,33.6,26.2,2139,2.356
06.06.12,1390.0,0,24.6,25.8,33.5,26.2,2121,2.3525
06.06.12,1400.0,0,24.6,25.7,33.4,26.1,2169,2.3480000000000003
06.06.12,1410.0,0,24.5,25.6,33.2,26,2109,2.346
06.06.12,1420.0,0,24.4,25.6,33.1,25.9,2079,2.3440000000000003
06.06.12,1430.0,0,24.4,25.5,33,25.9,2112,2.3395
06.06.12,1440.0,0,24.3,25.5,33,25.9,2085,2.3375
07.06.12,10.0,0,24.3,25.5,32.8,25.9,2025,2.336
07.06.12,20.0,0,24.3,25.5,32.7,25.9,1971,2.3345
07.06.12,30.0,0,24.3,25.4,32.5,25.8,1848,2.3355
07.06.12,40.0,0,24.2,25.3,32.4,25.7,1800,2.334
07.06.12,50.0,0,24.1,25.3,32.3,25.7,1776,2.3325
07.06.12,60.0,0,24,25.2,32.2,25.6,1749,1.8644
07.06.12,70.0,0,24,25.1,32,25.5,1734,1.8628
07.06.12,80.0,0,23.9,25,31.9,25.4,1713,1.8612000000000002
07.06.12,90.0,0,23.8,25,31.9,25.4,1686,1.8596000000000001
07.06.12,100.0,0,23.7,24.9,31.7,25.3,1641,1.8588
07.06.12,110.0,0,23.6,24.8,31.7,25.2,1677,1.8556000000000001
07.06.12,120.0,0,23.5,24.7,31.5,25.1,1722,1.8528
07.06.12,130.0,0,23.5,24.6,31.4,25,1683,1.8512000000000002
07.06.12,140.0,0,23.4,24.6,31.4,25,1521,1.8532
07.06.12,150.0,0,23.3,24.6,31.3,25,1650,1.848
07.06.12,160.0,0,23.4,24.5,31.1,24.9,1614,1.8463999999999998
07.06.12,170.0,0,23.4,24.5,31,24.9,1596,1.8448
07.06.12,180.0,0,23.4,24.5,30.9,24.9,1506,1.8448
07.06.12,190.0,0,23.4,24.4,30.8,24.8,1491,1.8432
07.06.12,200.0,0,23.3,24.3,30.7,24.7,1473,1.3812
07.06.12,210.0,0,23.2,24.2,30.6,24.6,1464,1.8396000000000001
07.06.12,220.0,0,23,24.2,30.5,24.5,1464,1.8376
07.06.12,230.0,0,22.9,24.1,30.4,24.5,1464,1.3764
07.06.12,240.0,0,22.8,24,30.3,24.4,1446,1.8336000000000001
07.06.12,250.0,0,22.9,24,30.2,24.4,1437,1.8316
07.06.12,260.0,0,22.8,24,30.2,24.4,1437,1.8292
07.06.12,270.0,0,22.7,24,30.2,24.3,1440,1.8268000000000002
07.06.12,280.0,0,22.5,23.9,30.3,24.3,1437,1.8248
07.06.12,290.0,0,22.4,23.9,30.2,24.3,1443,1.8219999999999998
07.06.12,300.0,0,22.5,23.8,30.1,24.3,1437,1.82
07.06.12,310.0,0,22.5,23.8,30,24.2,1413,1.818
07.06.12,320.0,0,22.6,23.8,30,24.2,1416,1.8156
07.06.12,330.0,0,22.6,23.8,29.9,24.2,1410,1.8136
07.06.12,340.0,0,22.5,23.8,29.8,24.2,1410,1.8112000000000001
07.06.12,350.0,0,22.5,23.7,29.7,24.1,1461,1.8068000000000002
07.06.12,360.0,0,22.5,23.7,29.7,24.1,1467,1.804
07.06.12,370.0,0,22.5,23.7,29.6,24.1,1464,1.8012000000000001
07.06.12,380.0,0,22.4,23.6,29.6,24,1479,1.7975999999999999
07.06.12,390.0,0,22.4,23.6,29.4,24,1470,1.7948
07.06.12,400.0,0,22.3,23.6,29.3,24,1470,1.7916
07.06.12,410.0,0,22.2,23.5,29.3,23.9,1356,1.7919999999999998
07.06.12,420.0,0,22.1,23.5,29.3,23.9,1263,1.3446
07.06.12,430.0,0,22,23.5,29.2,23.9,1188,1.3446
07.06.12,440.0,0,22,23.5,29.2,23.9,1122,1.3449
07.06.12,450.0,0,22,23.4,29.1,23.9,1041,1.3452
07.06.12,460.0,2,22,23.5,29.1,23.9,993,4.0365
07.06.12,470.0,8,22.2,23.5,29,23.9,1023,21.503999999999998
07.06.12,480.0,17,22.5,23.6,29,23.9,927,52.9466
07.06.12,490.0,28,22.8,23.7,28.9,24,912,92.4734
07.06.12,500.0,42,23.2,23.8,28.9,24.1,1149,137.58360000000002
07.06.12,510.0,58,23.7,23.9,28.8,24.1,993,192.2349
07.06.12,520.0,74,24.2,24,28.7,24.1,1122,248.97900000000004
07.06.12,530.0,90,24.7,24.1,28.7,24.2,1119,301.34540000000004
07.06.12,540.0,104,25.2,24.3,28.7,24.3,1098,352.10380000000004
07.06.12,550.0,129,25.8,24.6,28.6,24.4,1113,437.9484
07.06.12,560.0,167,26.6,24.8,28.6,24.5,1116,567.5360000000001
07.06.12,570.0,201,27.5,25.1,28.6,24.6,1098,691.2204
07.06.12,580.0,252,28.7,25.5,28.6,24.8,1053,873.3725
07.06.12,590.0,299,30.4,26.2,28.7,25.3,879,1054.2584000000002
07.06.12,600.0,304,31.2,26.8,28.7,25.7,861,1086.696
07.06.12,610.0,362,32.9,27.3,28.7,26,762,1317.5224999999998
07.06.12,620.0,376,34,28,28.8,26.3,762,1375.0104
07.06.12,630.0,454,35.6,28.6,28.9,26.7,777,1663.9463999999998
07.06.12,640.0,455,37,29.2,28.9,27.1,738,1664.16
07.06.12,650.0,496,38.3,29.3,29,27.4,810,1822.611
07.06.12,660.0,435,38.2,30,29,27.8,978,1584.4063999999998
07.06.12,670.0,502,39.5,30.5,29.1,28.3,984,1838.5947999999999
07.06.12,680.0,488,40.1,30.9,29.1,28.6,1044,1786.7190000000003
07.06.12,690.0,556,41.4,31.3,29.2,29.3,1053,2034.3224
07.06.12,700.0,672,45.3,32.4,29.3,30.3,1035,2486.2455
07.06.12,710.0,690,47.4,33.1,29.4,30.4,1056,2548.2496
07.06.12,720.0,705,49.4,33.5,29.5,31.3,1047,2658.5671
07.06.12,730.0,667,49.7,33.7,29.7,31.2,1047,2728.62
07.06.12,740.0,534,45.9,33.5,29.8,30.9,1056,2831.0791999999997
07.06.12,750.0,534,44.3,34,29.9,30.8,1017,2877.9201000000003
07.06.12,760.0,619,47.6,34.8,30.1,32.1,981,3005.0368000000003
07.06.12,770.0,686,49.9,35.3,30.3,32.7,984,3124.7120000000004
07.06.12,780.0,653,51,35.4,30.4,33.5,984,2942.9703
07.06.12,790.0,589,49,34.7,30.6,33.5,969,2637.9158
07.06.12,800.0,694,49.2,35.7,30.6,32.6,975,3147.9089999999997
07.06.12,810.0,696,49.8,36.7,30.8,33.4,966,3183.7792000000004
07.06.12,820.0,746,51.9,36.9,31,33.7,984,3194.7391000000002
07.06.12,830.0,855,55.6,37.3,31.1,34.1,975,3212.5
07.06.12,840.0,857,58.6,38.4,31.3,36,1041,3226.2900000000004
07.06.12,850.0,858,58.3,37.7,31.6,35.4,990,3223.2172
07.06.12,860.0,855,56.8,37.8,31.8,35.3,939,3236.4608000000003
07.06.12,870.0,852,57,38.7,32,35.8,1020,3212.7108
07.06.12,880.0,850,55.4,38.4,32.2,35.2,999,3214.809
07.06.12,890.0,842,55.7,39.2,32.3,35.9,801,3199.8085
07.06.12,900.0,832,54.8,38.7,32.5,35.7,789,3157.0851
07.06.12,910.0,819,55.1,39.3,32.6,36.9,957,3102.2808
07.06.12,920.0,807,57.8,39.4,32.9,37.9,1017,3060.0924
07.06.12,930.0,795,57.5,40.2,33,37.9,1068,3004.344
07.06.12,940.0,767,56.6,39.9,33.2,37.5,669,2949.6256000000003
07.06.12,950.0,761,56,40.5,33.4,38.2,0,2925.2400000000002
07.06.12,960.0,736,56.1,39.9,33.5,38.5,492,2812.4400000000005
07.06.12,970.0,716,55.4,40.3,33.8,38.2,981,2724.5436
07.06.12,980.0,687,53.2,39.7,33.9,37.4,954,2604.7567
07.06.12,990.0,662,52.7,39.7,34,37.6,729,2519.8464
07.06.12,1000.0,635,52.2,40.2,34.1,38.3,723,2424.219
07.06.12,1010.0,605,51.6,39.8,34.3,38.3,333,2316.0576
07.06.12,1020.0,575,50.1,40,34.4,38.2,0,2217.1961
07.06.12,1030.0,544,49.8,40.1,34.6,38.5,0,2094.183
07.06.12,1040.0,511,50.3,40,34.8,39.7,0,1962.3669
07.06.12,1050.0,473,49.8,40.2,34.8,39,0,1818.3528000000001
07.06.12,1060.0,438,48.9,40.2,35,39.2,0,1677.7835
07.06.12,1070.0,404,47.8,40.1,35.1,38.9,0,1546.4479999999999
07.06.12,1080.0,366,47.3,39.9,35.2,39.8,0,1401.2520000000002
07.06.12,1090.0,335,46.7,39.8,35.3,39.9,0,1275.1088
07.06.12,1100.0,299,44.1,39,35.4,38.4,0,1137.3192999999999
07.06.12,1110.0,265,43,38.8,35.4,38.5,0,1004.6586
07.06.12,1120.0,231,41.6,38,35.5,37.8,0,870.7090000000001
07.06.12,1130.0,195,38.8,36.6,35.6,35.9,0,736.7891999999999
07.06.12,1140.0,161,36.7,35.6,35.6,35,0,603.8621
07.06.12,1150.0,131,35.2,34.7,35.5,34.3,0,487.8264
07.06.12,1160.0,109,34.4,34.2,35.4,33.9,0,396.01
07.06.12,1170.0,96,33.9,33.9,35.4,33.7,0,349.6768
07.06.12,1180.0,86,33.5,33.4,35.4,33.4,0,315.5832
07.06.12,1190.0,70,32.7,32.8,35.3,32.9,0,253.1494
07.06.12,1200.0,51,31.8,32,35.1,32.2,57,181.6816
07.06.12,1210.0,35,31,31.6,35.1,31.9,786,123.6888
07.06.12,1220.0,20,30.2,31,35.1,31.4,777,67.1232
07.06.12,1230.0,9,29.5,30.5,35.1,30.9,789,23.6385
07.06.12,1240.0,4,28.9,29.9,35,30.3,960,5.7904
07.06.12,1250.0,0,28.3,29.4,35,29.7,1266,2.1104
07.06.12,1260.0,0,27.9,29,35.1,29.4,1461,2.1152
07.06.12,1270.0,0,27.4,28.5,35,28.9,1557,1.9991999999999999
07.06.12,1280.0,0,27,28.1,34.7,28.4,1719,2.397
07.06.12,1290.0,0,26.6,27.7,34.6,28.1,1932,2.383
07.06.12,1300.0,0,26.3,27.4,34.5,27.7,1959,2.3755
07.06.12,1310.0,0,26,27.2,34.4,27.5,1956,2.3695
07.06.12,1320.0,0,25.8,27,34.3,27.4,1944,2.3645
07.06.12,1330.0,0,25.6,26.8,34.2,27.1,1947,2.361
07.06.12,1340.0,0,25.4,26.6,34,26.9,2013,2.3555
07.06.12,1350.0,0,25.2,26.4,33.9,26.7,2115,2.3495000000000004
07.06.12,1360.0,0,25.1,26.3,33.8,26.6,2088,2.347
07.06.12,1370.0,0,24.9,26.1,33.7,26.5,2100,2.3435
07.06.12,1380.0,0,24.8,26.1,33.6,26.4,2118,2.3395
07.06.12,1390.0,0,24.8,26,33.4,26.3,2064,2.3375
07.06.12,1400.0,0,24.8,25.9,33.2,26.3,1932,2.3385000000000002
07.06.12,1410.0,0,24.7,25.9,33.1,26.2,1923,2.3355
07.06.12,1420.0,0,24.6,25.8,33,26.1,1899,2.3335000000000004
07.06.12,1430.0,0,24.5,25.6,33,26,1869,2.3315
07.06.12,1440.0,0,24.3,25.4,32.8,25.8,1821,2.33
08.06.12,10.0,0,24.2,25.4,32.7,25.7,1740,2.3295000000000003
08.06.12,20.0,0,24,25.2,32.5,25.6,1698,2.3280000000000003
08.06.12,30.0,0,23.9,25.1,32.4,25.5,1656,2.3265000000000002
08.06.12,40.0,0,23.8,25,32.3,25.3,1593,1.8608000000000002
08.06.12,50.0,0,23.7,24.9,32.1,25.2,1506,1.8608000000000002
08.06.12,60.0,0,23.6,24.8,32,25.1,1458,1.86
08.06.12,70.0,0,23.5,24.6,31.8,25,1425,1.8592
08.06.12,80.0,0,23.4,24.5,31.7,24.9,1530,1.8548
08.06.12,90.0,0,23.2,24.5,31.6,24.8,1539,1.8524
08.06.12,100.0,0,23.2,24.4,31.5,24.8,1536,1.8504
08.06.12,110.0,0,23.1,24.3,31.4,24.7,1548,1.8476
08.06.12,120.0,0,22.9,24.2,31.3,24.5,1560,1.8452000000000002
08.06.12,130.0,0,22.8,24.1,31.2,24.4,1617,1.8412000000000002
08.06.12,140.0,0,22.6,24,31.1,24.4,1428,1.8436000000000001
08.06.12,150.0,0,22.5,23.9,31,24.3,1527,1.8388
08.06.12,160.0,0,22.5,23.8,30.9,24.2,1503,1.8368000000000002
08.06.12,170.0,0,22.4,23.8,30.7,24.2,1494,1.8344
08.06.12,180.0,0,22.4,23.7,30.6,24.1,1479,1.8324
08.06.12,190.0,0,22.3,23.7,30.6,24.1,1467,1.8304
08.06.12,200.0,0,22.3,23.7,30.5,24,1452,1.828
08.06.12,210.0,0,22.3,23.6,30.4,24,1446,1.8256000000000001
08.06.12,220.0,0,22.3,23.6,30.4,24,1440,1.8228
08.06.12,230.0,0,22.4,23.6,30.3,24,1428,1.8204
08.06.12,240.0,0,22.3,23.5,30.2,24,1422,1.8175999999999999
08.06.12,250.0,0,22.1,23.5,30.1,23.9,1410,1.8148
08.06.12,260.0,0,22,23.4,30,23.9,1401,1.8119999999999998
08.06.12,270.0,0,21.9,23.4,29.9,23.8,1404,1.8088
08.06.12,280.0,0,21.8,23.3,29.9,23.8,1404,1.8056
08.06.12,290.0,0,21.7,23.2,29.8,23.7,1389,1.8024000000000002
08.06.12,300.0,0,21.7,23.2,29.6,23.7,1383,1.7992
08.06.12,310.0,0,21.7,23.1,29.5,23.6,1380,1.7956
08.06.12,320.0,0,21.6,23.1,29.5,23.6,1374,1.7924000000000002
08.06.12,330.0,0,21.5,23,29.5,23.5,1377,1.7880000000000003
08.06.12,340.0,0,21.6,23,29.4,23.5,1368,1.7844
08.06.12,350.0,0,21.5,23,29.3,23.5,1359,1.7804
08.06.12,360.0,0,21.5,23,29.2,23.5,1353,1.776
08.06.12,370.0,0,21.5,22.9,29.2,23.5,1353,1.7716
08.06.12,380.0,0,21.4,22.9,29.1,23.4,1293,1.7688
08.06.12,390.0,0,21.4,22.9,29.1,23.4,1284,1.7648
08.06.12,400.0,0,21.4,22.9,29,23.4,1257,1.7608000000000001
08.06.12,410.0,0,21.5,22.9,28.9,23.4,1107,1.3218
08.06.12,420.0,0,21.6,22.9,28.9,23.4,1083,1.3199999999999998
08.06.12,430.0,0,21.7,23,28.7,23.4,432,1.3437
08.06.12,440.0,0,21.7,22.9,28.6,23.4,0,1.3689
08.06.12,450.0,0,21.8,23,28.6,23.4,0,1.3737
08.06.12,460.0,3,21.9,23,28.5,23.4,0,4.591
08.06.12,470.0,8,22.2,23.1,28.4,23.4,0,22.5694
08.06.12,480.0,15,22.5,23.2,28.4,23.5,0,48.594
08.06.12,490.0,30,22.6,23.3,28.4,23.5,0,102.56400000000001
08.06.12,500.0,48,22.9,23.3,28.3,23.5,0,166.88549999999998
08.06.12,510.0,71,23.4,23.6,28.2,23.6,0,250.3757
08.06.12,520.0,88,23.9,23.7,28.1,23.7,0,313.17
08.06.12,530.0,117,24.4,24,28.2,23.8,0,419.00360000000006
08.06.12,540.0,143,25.2,24.4,28.2,23.9,0,519.167
08.06.12,550.0,175,26.1,24.8,28.2,24.2,0,633.7216
08.06.12,560.0,200,26.9,25.2,28.1,24.4,0,728.3196
08.06.12,570.0,236,27.8,25.4,28.1,24.4,0,864.6572
08.06.12,580.0,273,28.6,25.7,28.1,24.6,0,1000.3367
08.06.12,590.0,308,29.7,26.1,28.1,25,0,1134.8519
08.06.12,600.0,343,30.7,26.3,28.1,25.4,0,1263.2018
08.06.12,610.0,381,31.9,27.1,28.2,25.9,0,1408.9209999999998
08.06.12,620.0,414,33.1,27.4,28.3,26.1,513,1525.1825
08.06.12,630.0,450,34.1,27.9,28.4,26.5,909,1647.4260000000002
08.06.12,640.0,486,35,28.2,28.5,26.7,888,1779.1425000000002
08.06.12,650.0,519,36.2,28.6,28.6,27.1,885,1915.4048
08.06.12,660.0,554,37.1,29.1,28.7,27.6,885,2041.9775999999997
08.06.12,670.0,587,38.4,29.8,28.8,28.2,879,2177.0484
08.06.12,680.0,615,39.5,30.6,29,28.6,885,2280.912
08.06.12,690.0,644,41.3,31.4,29.1,29.1,882,2394.634
08.06.12,700.0,668,42.4,31.7,29.2,29.6,897,2498.1901000000003
08.06.12,710.0,693,44.5,32.6,29.3,30.2,960,2589.7488
08.06.12,720.0,720,45.7,33.5,29.4,30.8,954,2693.8584
08.06.12,730.0,740,48.4,34.5,29.5,31.3,906,2781.338
08.06.12,740.0,764,49.5,34.3,29.7,31.8,864,2872.4161
08.06.12,750.0,781,51.8,35.2,29.9,33,852,2949.2501
08.06.12,760.0,796,51.8,35.2,30,32.3,849,3003.7888
08.06.12,770.0,813,51.6,35.9,30.2,32.9,858,3074.5715
08.06.12,780.0,825,53,36.6,30.5,33.7,861,3130.9872
08.06.12,790.0,837,53.8,36.9,30.6,33.7,876,3168.3903999999998
08.06.12,800.0,844,55.1,37.2,30.8,34.4,855,3196.9838999999997
08.06.12,810.0,854,54.6,36.7,31,33.8,915,3248.1962999999996
08.06.12,820.0,858,55.8,37.7,31.1,35.5,912,3256.8848000000003
08.06.12,830.0,865,57.2,38.3,31.4,35.9,906,3290.1561
08.06.12,840.0,866,59.3,38.6,31.7,37.7,921,3286.4562
08.06.12,850.0,871,60.3,39.6,31.8,38.2,1056,3300.2088000000003
08.06.12,860.0,874,60.6,39.1,32,39,1053,3331.4391
08.06.12,870.0,869,60.8,39.5,32.1,38.5,1050,3304.6193000000003
08.06.12,880.0,858,60.7,40.1,32.4,39,984,3266.3626999999997
08.06.12,890.0,834,59.7,40,32.5,39.1,984,3188.0229
08.06.12,900.0,832,59.8,40.3,32.7,38.9,966,3168.3553
08.06.12,910.0,817,60.5,39.6,33.1,39.9,954,3125.4804
08.06.12,920.0,802,59.2,39.4,33.3,39.3,957,3059.2194
08.06.12,930.0,783,60.4,40.7,33.2,39.5,942,2981.8202
08.06.12,940.0,757,59.8,40.9,33.3,38.5,945,2889.9416
08.06.12,950.0,736,57,40,33.6,38.7,792,2816.0404
08.06.12,960.0,709,58,40.8,33.9,39.8,648,2715.6108
08.06.12,970.0,685,57.8,40.4,34,40.5,0,2659.4165
08.06.12,980.0,644,53.6,40.3,34.2,37.9,0,2499.5249999999996
08.06.12,990.0,638,55.6,41.3,34.3,40.2,0,2478.0324
08.06.12,1000.0,612,55.8,40.3,34.5,40.5,0,2373.4161000000004
08.06.12,1010.0,581,56.1,41.2,34.6,42.4,0,2251.9122
08.06.12,1020.0,552,55.1,41.2,34.8,41.4,0,2142.036
08.06.12,1030.0,519,53.7,40.8,35,40.7,0,2009.1902999999998
08.06.12,1040.0,484,51.1,40.6,35,39.4,0,1872.2574
08.06.12,1050.0,446,50.8,40.5,35.2,40.4,0,1729.8621
08.06.12,1060.0,409,51.2,40.6,35.3,42.3,0,1577.5656000000001
08.06.12,1070.0,376,51.2,40.8,35.4,43.1,0,1449.5592
08.06.12,1080.0,344,50.1,40.4,35.6,42.2,0,1319.6848
08.06.12,1090.0,310,48.5,39.9,35.7,42.4,0,1190.5847999999999
08.06.12,1100.0,275,47.3,40.1,35.7,43,0,1050.6978
08.06.12,1110.0,242,46.1,40,35.7,43.5,0,920.7124
08.06.12,1120.0,211,44.8,39.8,35.8,42.8,0,800.2038
08.06.12,1130.0,180,41,37.1,35.9,37.1,0,681.0432000000001
08.06.12,1140.0,152,37.8,36.4,36,35.9,0,571.6493999999999
08.06.12,1150.0,128,36.7,35.9,36,35.5,0,477.56500000000005
08.06.12,1160.0,105,35.5,35,35.9,34.8,0,384.92159999999996
08.06.12,1170.0,86,34.5,34.5,35.9,34.3,0,310.87559999999996
08.06.12,1180.0,69,33.9,34,35.9,34,0,250.7958
08.06.12,1190.0,54,33.3,33.6,35.8,33.7,0,194.98080000000002
08.06.12,1200.0,39,32.7,33.4,35.8,33.6,0,139.9566
08.06.12,1210.0,26,32.4,33.2,35.8,33.5,864,91.696
08.06.12,1220.0,14,31.9,33,35.8,33.4,828,44.94
08.06.12,1230.0,5,31.2,32.4,35.9,32.9,813,8.5648
08.06.12,1240.0,1,30.5,32,36,32.5,990,2.142
08.06.12,1250.0,0,30,31.7,36,32.2,1302,2.1508000000000003
08.06.12,1260.0,0,29.7,31.4,36,31.8,1476,2.156
08.06.12,1270.0,0,29.4,31,36.1,31.4,1635,2.1156
08.06.12,1280.0,0,29,30.6,36,31,1722,2.4170000000000003
08.06.12,1290.0,0,28.9,30.1,35.9,30.5,1767,2.4045000000000005
08.06.12,1300.0,0,28.4,29.6,35.9,30,1866,2.395
08.06.12,1310.0,0,27.9,29.2,35.8,29.6,1932,2.3865
08.06.12,1320.0,0,27.4,28.5,35.7,28.9,1920,2.3805
08.06.12,1330.0,0,27,28.2,35.7,28.5,2067,2.3715
08.06.12,1340.0,0,26.7,28,35.5,28.3,2139,2.366
08.06.12,1350.0,0,26.6,27.8,35.4,28.2,2163,2.3615
08.06.12,1360.0,0,26.4,27.7,35.3,28,2169,2.358
08.06.12,1370.0,0,26.2,27.4,35,27.8,2196,2.354
08.06.12,1380.0,0,26,27.3,34.7,27.7,2175,2.3515
08.06.12,1390.0,0,25.7,27.1,34.6,27.5,2148,2.3485
08.06.12,1400.0,0,25.6,27,34.4,27.4,2178,2.3445
08.06.12,1410.0,0,25.6,27,34.3,27.4,2091,2.3440000000000003
08.06.12,1420.0,0,25.6,26.9,34.2,27.4,2055,2.3415
08.06.12,1430.0,0,25.4,26.8,34.1,27.3,2088,2.3375
08.06.12,1440.0,0,25.3,26.7,34,27.1,2061,2.3355
09.06.12,10.0,0,25.2,26.5,33.9,26.9,2031,2.3329999999999997
09.06.12,20.0,0,25.1,26.4,33.7,26.8,2007,2.3305000000000002
09.06.12,30.0,0,25,26.3,33.7,26.7,1995,2.3280000000000003
09.06.12,40.0,0,24.9,26.2,33.5,26.6,1911,2.327
09.06.12,50.0,0,24.8,26.1,33.5,26.4,1839,2.3265000000000002
09.06.12,60.0,0,24.7,26,33.4,26.4,1848,2.3235
09.06.12,70.0,0,24.6,25.9,33.3,26.3,1854,2.32
09.06.12,80.0,0,24.5,25.9,33.2,26.2,1764,2.32
09.06.12,90.0,0,24.5,25.8,33,26.2,1716,2.3185
09.06.12,100.0,0,24.4,25.7,32.9,26.1,1665,2.3175000000000003
09.06.12,110.0,0,24.2,25.6,32.8,26,1602,2.3165
09.06.12,120.0,0,24.2,25.5,32.7,25.9,1527,2.3165
09.06.12,130.0,0,24.1,25.4,32.5,25.8,1512,2.3145000000000002
09.06.12,140.0,0,24,25.4,32.4,25.8,1503,2.3120000000000003
09.06.12,150.0,0,24,25.3,32.3,25.8,1485,1.848
09.06.12,160.0,0,23.9,25.4,32.3,25.8,1461,1.8468
09.06.12,170.0,0,24,25.4,32.2,25.8,1443,1.8448
09.06.12,180.0,0,23.9,25.3,32,25.8,1434,1.8428
09.06.12,190.0,0,23.8,25.2,32,25.7,1455,1.8404
09.06.12,200.0,0,23.7,25.1,31.8,25.6,1560,1.8352000000000002
09.06.12,210.0,0,23.6,25,31.8,25.6,1557,1.8324
09.06.12,220.0,0,23.6,25,31.7,25.5,1545,1.83
09.06.12,230.0,0,23.6,24.9,31.6,25.4,1344,1.8328
09.06.12,240.0,0,23.5,24.9,31.4,25.3,1473,1.8268000000000002
09.06.12,250.0,0,23.4,24.8,31.3,25.3,1455,1.8244
09.06.12,260.0,0,23.6,24.8,31.3,25.3,1452,1.8216
09.06.12,270.0,0,23.4,24.7,31.2,25.2,1437,1.8192
09.06.12,280.0,0,23.3,24.7,31.1,25.2,1431,1.8163999999999998
09.06.12,290.0,0,23.2,24.7,31,25.2,1431,1.8132
09.06.12,300.0,0,23.1,24.6,31,25.1,1425,1.81
09.06.12,310.0,0,23,24.6,30.9,25.1,1467,1.8056
09.06.12,320.0,0,22.9,24.5,30.8,25.1,1458,1.8019999999999998
09.06.12,330.0,0,22.9,24.5,30.7,25,1470,1.798
09.06.12,340.0,0,22.9,24.4,30.7,24.9,1452,1.7944
09.06.12,350.0,0,22.8,24.4,30.7,24.9,1452,1.7904
09.06.12,360.0,0,22.9,24.4,30.5,25,1440,1.7868000000000002
09.06.12,370.0,0,23,24.4,30.4,25,1467,1.7812000000000001
09.06.12,380.0,0,23,24.4,30.4,24.9,1494,1.7756
09.06.12,390.0,0,23.1,24.4,30.3,25,1488,1.7704
09.06.12,400.0,0,23,24.4,30.3,24.9,1464,1.7656
09.06.12,410.0,0,23.1,24.4,30.2,24.9,1311,1.766
09.06.12,420.0,0,23,24.4,30.2,24.9,1266,1.7636000000000003
09.06.12,430.0,0,22.9,24.4,30.2,24.9,1290,1.7576
09.06.12,440.0,0,22.9,24.4,30.2,24.9,1152,1.7584
09.06.12,450.0,2,23,24.4,30.1,24.9,0,3.64
09.06.12,460.0,4,23.1,24.4,30,24.9,0,8.2422
09.06.12,470.0,12,23.3,24.5,29.9,24.9,0,35.4431
09.06.12,480.0,28,23.6,24.6,29.9,25,0,94.6764
09.06.12,490.0,46,24.2,24.9,29.7,25.1,0,157.0145
09.06.12,500.0,61,24.7,25.2,29.7,25.3,0,213.7707
09.06.12,510.0,78,25.2,25.6,29.7,25.4,0,274.63
09.06.12,520.0,93,25.8,25.8,29.6,25.5,0,328.07719999999995
09.06.12,530.0,118,26.4,26,29.6,25.6,0,419.425
09.06.12,540.0,159,27.5,26.5,29.6,25.7,0,572.1564
09.06.12,550.0,199,28.6,26.8,29.6,26,0,720.3716000000001
09.06.12,560.0,238,29.6,27.3,29.6,26.3,0,867.4689999999999
09.06.12,570.0,268,31,27.7,29.6,26.6,0,957.5999999999999
09.06.12,580.0,267,31.7,28.2,29.6,26.9,0,972.81
09.06.12,590.0,255,32.2,28.5,29.6,27.2,0,929.7675
09.06.12,600.0,196,31.2,28.3,29.6,27.3,0,707.8494
09.06.12,610.0,238,31.1,28.4,29.6,27.4,0,860.8193
09.06.12,620.0,400,34.6,29.7,29.7,27.8,180,1469.7918
09.06.12,630.0,456,38,30.5,29.8,28.3,744,1664.064
09.06.12,640.0,492,40,31.1,29.9,28.6,753,1805.937
09.06.12,650.0,519,41.6,32,30,29.1,747,1903.6005
09.06.12,660.0,574,42.6,32.4,30.1,29.5,714,2111.7384
09.06.12,670.0,629,44.8,33,30.2,29.8,645,2336.32
09.06.12,680.0,652,46.4,33.1,30.3,30.1,630,2422.112
09.06.12,690.0,692,47.9,34.1,30.4,30.6,666,2579.9292
09.06.12,700.0,709,48.9,34.4,30.6,31.2,702,2648.8700999999996
09.06.12,710.0,679,48.6,34.7,30.8,31.5,702,2533.232
09.06.12,720.0,734,48.9,35.4,31,32,693,2754.0272
09.06.12,730.0,663,48,35.5,31.1,32.1,684,2486.3922
09.06.12,740.0,675,47.7,35.6,31.2,32.7,681,2526.624
09.06.12,750.0,820,49.7,36.2,31.4,32.8,786,3093.1185
09.06.12,760.0,742,50.2,36.2,31.7,32.8,795,2793.28
09.06.12,770.0,645,47.9,36,31.8,33,834,2415.0330000000004
09.06.12,780.0,754,49.4,36.3,31.9,33.2,864,2846.151
09.06.12,790.0,780,50.3,37,32.1,33.7,798,2942.1297
09.06.12,800.0,772,50.2,37.4,32.4,34.1,726,2931.324
09.06.12,810.0,789,49.8,37.2,32.5,34,714,2992.6621
09.06.12,820.0,843,51.1,37.3,32.7,34.1,705,3206.3979
09.06.12,830.0,855,51.7,37.8,32.9,34.4,702,3265.3907999999997
09.06.12,840.0,841,51.6,38.1,33.1,34.6,831,3204.6218
09.06.12,850.0,838,52.1,38.1,33.3,34.8,735,3194.6655
09.06.12,860.0,834,52.4,38.5,33.4,35.2,717,3192.1748
09.06.12,870.0,829,52.4,38.7,33.7,35.4,828,3162.192
09.06.12,880.0,824,52.5,38.8,33.8,35.5,843,3156.6414
09.06.12,890.0,814,52.2,38.9,34,35.8,858,3113.5545
09.06.12,900.0,805,51.9,39.1,34.2,36,948,3072.324
09.06.12,910.0,792,51.4,39.1,34.4,35.8,966,3032.1996
09.06.12,920.0,779,50.9,39,34.5,36.1,1002,2971.4671
09.06.12,930.0,762,50.6,39,34.7,36.2,1041,2910.1455
09.06.12,940.0,743,50.7,39.3,34.8,36.5,267,2874.7731
09.06.12,950.0,730,52.1,39.4,34.9,36.5,0,2825.1993
09.06.12,960.0,710,52.3,39.9,35,36.9,0,2756.8645
09.06.12,970.0,686,51.7,39.7,35.2,37.2,0,2663.5245
09.06.12,980.0,661,50.4,39.1,35.4,36.8,453,2547.27
09.06.12,990.0,638,49.7,39.4,35.6,37,789,2448.201
09.06.12,1000.0,606,50.5,39.9,35.7,37.2,813,2313.87
09.06.12,1010.0,576,51.3,39.8,35.7,37.3,840,2194.9632
09.06.12,1020.0,546,51.6,39.9,35.8,37.9,861,2080.5546
09.06.12,1030.0,517,49.7,39.6,35.9,37.7,888,1961.2871999999998
09.06.12,1040.0,482,50,39.9,35.9,38.3,939,1825.7855
09.06.12,1050.0,448,50.3,40.5,36,39.3,936,1687.2295
09.06.12,1060.0,412,51.5,40.1,36.1,42.1,837,1548.8992
09.06.12,1070.0,378,50.8,40.5,36.2,41,666,1426.5720000000001
09.06.12,1080.0,343,47.9,39.8,36.3,39.5,135,1358.084
09.06.12,1090.0,307,47.6,39.5,36.3,41.4,99,1164.1854
09.06.12,1100.0,274,45.6,39.4,36.6,38.6,0,1042.5312
09.06.12,1110.0,236,42.7,38.2,36.7,37.5,0,892.3407
09.06.12,1120.0,207,39.3,36.7,36.7,36.2,0,781.5727999999999
09.06.12,1130.0,177,37.5,35.8,36.6,35.3,0,665.8312
09.06.12,1140.0,150,36.4,35.4,36.5,34.9,0,558.885
09.06.12,1150.0,125,35.7,34.9,36.5,34.6,0,463.9404
09.06.12,1160.0,102,34.8,34.2,36.5,34.1,0,371.0187
09.06.12,1170.0,82,34.1,33.8,36.4,33.7,0,297.6424
09.06.12,1180.0,66,33.4,33.4,36.4,33.4,117,245.6442
09.06.12,1190.0,52,32.8,33,36.4,33.1,216,196.8221
09.06.12,1200.0,38,32.3,32.6,36.4,32.8,222,140.1309
09.06.12,1210.0,25,31.7,32.2,36.4,32.5,225,89.059
09.06.12,1220.0,13,31,31.7,36.4,32,222,41.503
09.06.12,1230.0,5,30.3,31.1,36.4,31.4,261,7.5600000000000005
09.06.12,1240.0,1,29.7,30.5,36.4,30.9,1077,2.1652
09.06.12,1250.0,0,29.1,30,36.4,30.4,1308,2.17
09.06.12,1260.0,0,28.8,29.7,36.4,30.1,1326,2.0944
09.06.12,1270.0,0,28.5,29.4,36.3,29.8,1737,1.936
09.06.12,1280.0,0,28.2,29.2,36.2,29.5,1797,2.408
09.06.12,1290.0,0,27.9,28.9,36,29.3,1995,2.395
09.06.12,1300.0,0,27.7,28.7,35.9,29,2127,2.3855
09.06.12,1310.0,0,27.5,28.5,35.8,28.9,2190,2.3775
09.06.12,1320.0,0,27.3,28.3,35.7,28.6,2202,2.3715
09.06.12,1330.0,0,27.1,28.1,35.6,28.4,2175,2.3675
09.06.12,1340.0,0,26.9,28,35.6,28.3,2196,2.3635
09.06.12,1350.0,0,26.8,27.9,35.4,28.3,2301,2.3565
09.06.12,1360.0,0,26.8,27.9,35.1,28.2,2316,2.3525
09.06.12,1370.0,0,26.7,27.8,34.8,28.2,2289,2.3495000000000004
09.06.12,1380.0,0,26.7,27.8,34.8,28.1,2280,2.346
09.06.12,1390.0,0,26.7,27.7,34.8,28.1,2265,2.343
09.06.12,1400.0,0,26.7,27.6,34.6,28,2226,2.3405
09.06.12,1410.0,0,26.6,27.5,34.6,27.9,2169,2.3385000000000002
09.06.12,1420.0,0,26.6,27.5,34.6,27.8,2199,2.3345
09.06.12,1430.0,0,26.5,27.4,34.5,27.7,2193,2.331
09.06.12,1440.0,0,26.5,27.3,34.3,27.7,2184,2.3285
10.06.12,10.0,0,26.4,27.3,34.2,27.6,2133,2.326
10.06.12,20.0,0,26.4,27.2,34.1,27.5,2085,2.324
10.06.12,30.0,0,26.3,27.1,34,27.5,2010,2.323
10.06.12,40.0,0,26.4,27.2,33.9,27.6,2001,2.32
10.06.12,50.0,0,26.3,27.2,33.8,27.5,1893,2.32
10.06.12,60.0,0,26.3,27.2,33.8,27.5,1899,2.317
10.06.12,70.0,0,26.3,27.2,33.7,27.5,1905,2.3135000000000003
10.06.12,80.0,0,26.2,27.1,33.6,27.4,1830,2.313
10.06.12,90.0,0,26.1,27,33.5,27.3,1767,2.3115
10.06.12,100.0,0,25.9,26.9,33.5,27.3,1833,2.3065
10.06.12,110.0,0,25.8,26.9,33.4,27.2,1737,1.8452000000000002
10.06.12,120.0,0,25.6,26.7,33.3,27.1,1698,1.8436000000000001
10.06.12,130.0,0,25.3,26.6,33.3,26.9,1677,1.8416
10.06.12,140.0,0,25.2,26.5,33.1,26.8,1698,1.8388
10.06.12,150.0,0,25.2,26.5,33,26.9,1656,1.8372
10.06.12,160.0,0,25.1,26.5,33,26.8,1602,1.8356000000000001
10.06.12,170.0,0,25.1,26.4,32.8,26.8,1551,1.8344
10.06.12,180.0,0,25,26.3,32.7,26.7,1584,1.8316
10.06.12,190.0,0,24.9,26.2,32.6,26.6,1647,1.8268000000000002
10.06.12,200.0,0,24.8,26.2,32.6,26.6,1641,1.824
10.06.12,210.0,0,24.8,26.1,32.5,26.5,1545,1.8232
10.06.12,220.0,0,24.7,26,32.4,26.4,1533,1.8208000000000002
10.06.12,230.0,0,24.6,26,32.4,26.4,1575,1.8163999999999998
10.06.12,240.0,0,24.5,26,32.3,26.4,1575,1.8132
10.06.12,250.0,0,24.5,25.9,32.1,26.3,1566,1.81
10.06.12,260.0,0,24.4,25.8,32,26.2,1554,1.8068000000000002
10.06.12,270.0,0,24.4,25.7,32,26.1,1545,1.8036
10.06.12,280.0,0,24.4,25.6,31.9,26.1,1530,1.8
10.06.12,290.0,0,24.3,25.6,31.9,26,1530,1.796
10.06.12,300.0,0,24.1,25.6,31.9,25.9,1521,1.7924000000000002
10.06.12,310.0,0,24,25.5,31.8,25.9,1515,1.7884
10.06.12,320.0,0,24,25.4,31.8,25.8,1518,1.7836
10.06.12,330.0,0,23.9,25.3,31.7,25.8,1515,1.7792
10.06.12,340.0,0,23.7,25.3,31.7,25.8,1506,1.7744
10.06.12,350.0,0,23.7,25.2,31.6,25.7,1506,1.7691999999999999
10.06.12,360.0,0,23.6,25.1,31.6,25.7,1536,1.762
10.06.12,370.0,0,23.6,25.1,31.6,25.6,1587,1.7531999999999999
10.06.12,380.0,0,23.5,25.1,31.5,25.6,1602,1.7448
10.06.12,390.0,0,23.5,25.1,31.5,25.6,1494,1.7408000000000001
10.06.12,400.0,0,23.6,25.1,31.4,25.6,0,1.3635
10.06.12,410.0,0,23.6,25.1,31.3,25.6,0,1.3722
10.06.12,420.0,0,23.6,25.1,31.1,25.5,0,1.377
10.06.12,430.0,0,23.5,25,31.1,25.5,0,1.3802999999999999
10.06.12,440.0,0,23.4,24.9,30.9,25.5,0,1.3827
10.06.12,450.0,0,23.4,24.9,30.9,25.4,0,1.3847999999999998
10.06.12,460.0,3,23.4,24.9,30.9,25.4,0,6.0086
10.06.12,470.0,10,23.5,24.9,30.8,25.4,0,29.6704
10.06.12,480.0,21,23.5,25,30.9,25.4,0,69.9
10.06.12,490.0,35,24,25.2,30.8,25.4,0,116.80590000000001
10.06.12,500.0,51,24.6,25.5,30.7,25.5,0,175.47240000000002
10.06.12,510.0,69,25.3,25.8,30.6,25.6,0,239.48979999999997
10.06.12,520.0,89,25.9,26.1,30.5,25.8,0,312.972
10.06.12,530.0,112,26.7,26.4,30.4,25.9,0,399.39090000000004
10.06.12,540.0,137,27.5,26.8,30.4,26.1,0,489.86800000000005
10.06.12,550.0,161,28.3,27.2,30.3,26.4,0,577.6306
10.06.12,560.0,192,29.4,27.6,30.3,26.7,0,693.9941999999999
10.06.12,570.0,225,30.5,28,30.4,26.9,0,812.0145
10.06.12,580.0,257,31.7,28.5,30.4,27.4,0,930.3322
10.06.12,590.0,292,32.7,28.9,30.4,27.8,0,1066.7824
10.06.12,600.0,325,33.7,29.5,30.4,28.1,0,1186.9681999999998
10.06.12,610.0,360,35.3,30.2,30.5,28.5,0,1323.654
10.06.12,620.0,396,36.8,30.9,30.6,29,0,1457.6276
10.06.12,630.0,431,38.1,31.4,30.7,29.3,1212,1549.8560000000002
10.06.12,640.0,464,39.3,31.9,30.8,30,1224,1675.6234000000002
10.06.12,650.0,496,39.8,32.3,30.9,30.6,1221,1790.8973000000003
10.06.12,660.0,526,41.3,33,31,30.7,1155,1908.96
10.06.12,670.0,557,42.5,33.6,31.1,31,1095,2037.2352
10.06.12,680.0,588,44,34.1,31.2,31.1,1119,2149.1184
10.06.12,690.0,615,44.8,34.6,31.3,31.8,1110,2259.1106999999997
10.06.12,700.0,642,45.6,34.9,31.4,32.1,1152,2357.1
10.06.12,710.0,666,47.4,35.6,31.6,32.7,1140,2449.6571
10.06.12,720.0,687,47.7,36,31.7,33,1167,2539.6800000000003
10.06.12,730.0,708,48.8,36.8,31.9,33.4,1173,2618.8250000000003
10.06.12,740.0,728,49.2,37,32.1,33.8,1188,2692.4128
10.06.12,750.0,744,50.2,37.4,32.2,34,1179,2767.8504000000003
10.06.12,760.0,761,50.2,37.6,32.4,34.4,1158,2826.3689999999997
10.06.12,770.0,776,51.1,37.9,32.7,34.8,1116,2895.7920000000004
10.06.12,780.0,787,52,38.5,32.9,35.2,1092,2937.9168
10.06.12,790.0,799,51.9,38.7,33.1,35.3,1092,2984.6703
10.06.12,800.0,808,52.1,38.3,33,35.4,1080,3032.0998
10.06.12,810.0,816,52.3,39.2,33.5,35.9,1050,3057.2592
10.06.12,820.0,822,52.4,38.8,33.6,35.9,993,3086.851
10.06.12,830.0,826,53.1,39.5,33.8,36.2,999,3113.715
10.06.12,840.0,828,53.6,39.8,34,36.5,1017,3116.4408
10.06.12,850.0,828,54,40.2,34.1,36.7,1011,3127.9424
10.06.12,860.0,827,53.6,39.9,34.2,36.7,1032,3115.2319
10.06.12,870.0,822,54.1,40.3,34.4,37.2,1047,3099.096
10.06.12,880.0,816,54.7,40,34.5,37.1,1089,3083.7191000000003
10.06.12,890.0,807,53.9,40,34.7,37.2,1053,3045.4710000000005
10.06.12,900.0,799,53.3,40.2,34.9,37.7,1092,3015.7468000000003
10.06.12,910.0,785,54.1,41.3,35.2,38.1,1113,2971.83
10.06.12,920.0,775,54.1,41.1,35.4,37.8,1092,2927.3086999999996
10.06.12,930.0,748,54.8,41.1,35.5,38.3,684,2842.242
10.06.12,940.0,727,53.7,41,35.6,38.1,0,2786.0728
10.06.12,950.0,730,52.1,40.2,35.7,37.8,0,2803.87
10.06.12,960.0,704,53.4,40.7,35.9,38.1,0,2707.2506
10.06.12,970.0,681,54.2,41.4,36.1,38.6,0,2611.1011000000003
10.06.12,980.0,643,51.3,40.5,36.3,38.3,0,2470.798
10.06.12,990.0,638,51.1,40.8,36.3,38.5,0,2458.7588
10.06.12,1000.0,576,50.1,40.3,36.6,38.6,0,2212.8363
10.06.12,1010.0,581,49.4,40.5,36.7,38.3,0,2241.9120000000003
10.06.12,1020.0,546,50.1,40.5,36.7,38.3,0,2096.4097
10.06.12,1030.0,518,48.4,39.9,36.9,38.6,0,1986.3446000000001
10.06.12,1040.0,481,48.1,40.4,37,38.8,0,1847.7708
10.06.12,1050.0,447,46.3,39.5,37.2,38.6,0,1712.4624
10.06.12,1060.0,415,44.2,38.6,37.4,38.2,0,1589.9426
10.06.12,1070.0,378,43.2,38.3,37.4,37.8,0,1451.862
10.06.12,1080.0,344,42.5,38.1,37.4,37.6,0,1314.2584
10.06.12,1090.0,310,41.1,37.3,37.4,36.9,0,1188.0896
10.06.12,1100.0,275,40.4,37.1,37.5,36.9,0,1045.7514
10.06.12,1110.0,240,39.3,36.5,37.4,36.3,0,913.0043999999999
10.06.12,1120.0,207,38.2,35.9,37.4,35.8,0,787.9927999999999
10.06.12,1130.0,177,37.2,35.5,37.3,35.3,0,667.1375
10.06.12,1140.0,148,36.1,34.9,37.2,34.7,0,555.3226000000001
10.06.12,1150.0,123,35.3,34.5,37.2,34.3,0,459.1419
10.06.12,1160.0,102,34.5,34,37.1,33.9,0,370.1295
10.06.12,1170.0,82,33.5,33.2,37,33.3,0,299.04
10.06.12,1180.0,66,32.6,32.5,37,32.6,0,238.70399999999998
10.06.12,1190.0,51,31.7,31.8,36.8,32,0,184.5864
10.06.12,1200.0,37,31.1,31.5,36.8,31.7,0,132.165
10.06.12,1210.0,25,30.4,31,36.5,31.2,0,85.4447
10.06.12,1220.0,13,29.8,30.6,36.5,30.9,0,42.3722
10.06.12,1230.0,4,29.3,30.2,36.4,30.6,342,7.6739999999999995
10.06.12,1240.0,1,28.9,29.9,36.4,30.3,864,2.122
10.06.12,1250.0,0,28.6,29.6,36.4,29.9,1332,2.1284
10.06.12,1260.0,0,28.3,29.3,36.2,29.7,1434,2.1356
10.06.12,1270.0,0,28.1,29.1,36.3,29.5,1521,2.1148
10.06.12,1280.0,0,27.9,28.9,36.2,29.3,1608,2.411
10.06.12,1290.0,0,27.7,28.7,36.1,29,1842,2.3920000000000003
10.06.12,1300.0,0,27.5,28.5,35.9,28.8,2025,2.3795
10.06.12,1310.0,0,27.4,28.3,35.8,28.7,2145,2.368
10.06.12,1320.0,0,27.2,28.2,35.7,28.5,2154,2.3625000000000003
10.06.12,1330.0,0,27,28,35.4,28.4,2151,2.3585000000000003
10.06.12,1340.0,0,27,27.9,35.4,28.3,2142,2.3555
10.06.12,1350.0,0,26.9,27.9,35.3,28.2,2154,2.3515
10.06.12,1360.0,0,26.8,27.7,35.1,28.1,2136,2.3485
10.06.12,1370.0,0,26.7,27.6,35,28,2100,2.346
10.06.12,1380.0,0,26.6,27.5,34.9,27.9,2127,2.342
10.06.12,1390.0,0,26.5,27.5,34.8,27.8,2211,2.336
10.06.12,1400.0,0,26.4,27.4,34.7,27.7,2196,2.3325
10.06.12,1410.0,0,26.3,27.4,34.6,27.7,2181,2.3295000000000003
10.06.12,1420.0,0,26.3,27.3,34.4,27.6,2196,2.3255
10.06.12,1430.0,0,26.2,27.2,34.3,27.5,2202,2.3215
10.06.12,1440.0,0,26.2,27.1,34.2,27.5,2199,2.318
11.06.12,10.0,0,26.1,27.1,34.2,27.4,2193,2.3145000000000002
11.06.12,20.0,0,26.1,27,34,27.4,2187,2.311
11.06.12,30.0,0,26,27,33.9,27.3,2193,2.307
11.06.12,40.0,0,26,27,33.8,27.3,2121,2.305
11.06.12,50.0,0,26,26.9,33.7,27.3,1977,2.306
11.06.12,60.0,0,25.9,26.8,33.5,27.2,1908,2.3045000000000004
11.06.12,70.0,0,25.8,26.7,33.5,27.1,1854,2.3030000000000004
11.06.12,80.0,0,25.7,26.6,33.3,27,1740,2.3035
11.06.12,90.0,0,25.7,26.6,33.1,27,1692,1.8416
11.06.12,100.0,0,25.6,26.5,33.1,26.9,1656,1.84
11.06.12,110.0,0,25.6,26.5,33,26.9,1662,1.8372
11.06.12,120.0,0,25.5,26.5,33,26.9,1644,1.8352000000000002
11.06.12,130.0,0,25.4,26.4,32.7,26.8,1611,1.8332
11.06.12,140.0,0,25.4,26.4,32.7,26.8,1587,1.8312000000000002
11.06.12,150.0,0,25.4,26.3,32.6,26.7,1587,1.8284
11.06.12,160.0,0,25.3,26.3,32.5,26.7,1575,1.8256000000000001
11.06.12,170.0,0,25.2,26.3,32.5,26.7,1524,1.824
11.06.12,180.0,0,25.3,26.2,32.3,26.6,1548,1.8204
11.06.12,190.0,0,25.3,26.2,32.2,26.6,1605,1.8152000000000001
11.06.12,200.0,0,25.2,26.2,32.1,26.6,1665,1.8096
11.06.12,210.0,0,25.1,26.1,32,26.5,1668,1.8056
11.06.12,220.0,0,25.1,26,32,26.4,1470,1.8075999999999999
11.06.12,230.0,0,25,25.9,31.8,26.3,1557,1.8012000000000001
11.06.12,240.0,0,24.9,25.9,31.7,26.3,1539,1.7975999999999999
11.06.12,250.0,0,24.8,25.8,31.7,26.2,1536,1.7932
11.06.12,260.0,0,24.7,25.7,31.5,26.1,1527,1.7888
11.06.12,270.0,0,24.7,25.7,31.5,26.1,1530,1.784
11.06.12,280.0,0,24.7,25.7,31.5,26.1,1530,1.7784
11.06.12,290.0,0,24.7,25.7,31.4,26.2,1533,1.7724000000000002
11.06.12,300.0,0,24.7,25.7,31.3,26.1,1527,1.7664
11.06.12,310.0,0,24.6,25.6,31.2,26.1,1527,1.76
11.06.12,320.0,0,24.5,25.6,31.1,26.1,1509,1.7536000000000003
11.06.12,330.0,0,24.5,25.6,31,26.1,1509,1.746
11.06.12,340.0,0,24.8,25.7,31,26.2,507,1.79
11.06.12,350.0,0,24.9,25.7,30.9,26.2,0,1.3713
11.06.12,360.0,0,24.9,25.8,30.8,26.2,0,1.3767
11.06.12,370.0,0,24.9,25.8,30.7,26.2,0,1.3802999999999999
11.06.12,380.0,0,25,25.8,30.6,26.3,0,1.383
11.06.12,390.0,0,25,25.9,30.7,26.3,0,1.3851
11.06.12,400.0,0,25,25.8,30.7,26.3,0,1.3865999999999998
11.06.12,410.0,0,24.9,25.8,30.6,26.3,0,1.3881000000000001
11.06.12,420.0,0,24.8,25.8,30.6,26.2,0,1.3889999999999998
11.06.12,430.0,0,24.8,25.8,30.4,26.2,0,1.3899
11.06.12,440.0,0,24.7,25.7,30.4,26.2,0,1.3908
11.06.12,450.0,0,24.7,25.7,30.3,26.2,0,1.3914
11.06.12,460.0,3,24.8,25.8,30.3,26.2,0,5.568
11.06.12,470.0,10,25,25.8,30.2,26.3,0,29.7664
11.06.12,480.0,21,25.1,25.9,30.2,26.3,0,69.6426
11.06.12,490.0,36,25.4,26.1,30.1,26.4,0,124.65599999999999
11.06.12,500.0,52,25.8,26.3,29.8,26.5,0,182.8962
11.06.12,510.0,71,26.3,26.5,29.8,26.6,0,252.1148
11.06.12,520.0,93,26.9,26.8,29.8,26.8,0,329.84700000000004
11.06.12,530.0,108,27.4,27.1,29.8,27,0,387.4368
11.06.12,540.0,131,28,27.3,29.7,27.1,0,471.69599999999997
11.06.12,550.0,158,28.6,27.6,29.8,27.3,0,572.6328
11.06.12,560.0,184,29.3,28,29.8,27.6,0,670.7470000000001
11.06.12,570.0,212,30.1,28.4,29.7,27.8,0,775.332
11.06.12,580.0,242,30.9,28.5,29.8,28,0,888.7748
11.06.12,590.0,273,31.6,29,29.9,28.3,0,1003.5105000000001
11.06.12,600.0,304,32.3,29.1,29.9,28.4,0,1120.8294
11.06.12,610.0,336,33.3,29.6,30,28.7,0,1245.1353000000001
11.06.12,620.0,369,34,29.9,30.1,29,0,1371.2098
11.06.12,630.0,401,34.9,30.4,30.1,29.1,993,1460.8066000000001
11.06.12,640.0,431,35.9,30.6,30.2,29.6,1152,1571.1299999999999
11.06.12,650.0,460,36.6,31.1,30.3,29.5,1089,1678.833
11.06.12,660.0,491,37.5,31.5,30.4,29.9,1038,1805.9899
11.06.12,670.0,522,38.4,31.9,30.4,30,1029,1919.0716999999997
11.06.12,680.0,553,39.4,32.1,30.6,30.7,1086,2035.6595999999997
11.06.12,690.0,579,39.9,32.3,30.7,30.6,1095,2143.8704000000002
11.06.12,700.0,605,41,33.1,30.8,31.1,1083,2239.974
11.06.12,710.0,627,41.3,33,30.9,31.2,1083,2326.3702
11.06.12,720.0,651,42.2,33.7,31,31.8,1092,2425.4104
11.06.12,730.0,667,43.1,34.2,31.2,32,1113,2482.7261999999996
11.06.12,740.0,682,43.3,34.1,31.4,32.1,1056,2554.1820000000002
11.06.12,750.0,699,44.1,34.4,31.5,32.5,1047,2616.5352
11.06.12,760.0,713,44.9,35.1,31.7,32.7,1035,2669.7396
11.06.12,770.0,731,45.3,35.3,31.8,32.7,1035,2750.9652
11.06.12,780.0,753,45.6,35.5,32,33.4,1029,2835.5562
11.06.12,790.0,766,45.7,35.5,32.1,33.3,1047,2886.989
11.06.12,800.0,772,46.8,36.3,32.4,33.8,1038,2922.0860000000002
11.06.12,810.0,781,46.6,36.2,32.5,33.9,1023,2956.3876000000005
11.06.12,820.0,789,46.9,36.5,32.6,33.9,1026,2996.9005
11.06.12,830.0,792,47.7,36.9,32.8,34.3,1134,2999.0988
11.06.12,840.0,798,48.3,37.2,32.9,34.2,1185,3022.3954000000003
11.06.12,850.0,797,48.4,36.9,33.1,34.3,1182,3031.133
11.06.12,860.0,799,47.9,37.1,33.3,34.9,1212,3029.8399999999997
11.06.12,870.0,796,48.7,37.5,33.5,35,1200,3023.9434
11.06.12,880.0,790,48.8,37.7,33.6,35.2,1203,3007.2874
11.06.12,890.0,782,48.8,37.8,33.7,35.1,1104,2974.6535
11.06.12,900.0,774,48.4,37.8,33.8,35.3,1068,2956.719
11.06.12,910.0,763,48.4,37.8,34,35.4,1077,2907.8601
11.06.12,920.0,759,48.3,37.7,34.1,35.6,1050,2906.4245
11.06.12,930.0,749,47.9,38,34.3,35.8,1047,2872.2477
11.06.12,940.0,739,47.8,38,34.4,35.8,1008,2829.1200000000003
11.06.12,950.0,723,47.7,38,34.6,35.9,1041,2765.885
11.06.12,960.0,698,47.5,37.8,34.6,35.7,1014,2677.4847
11.06.12,970.0,674,47.3,37.9,34.8,36,1008,2579.004
11.06.12,980.0,650,47,37.5,34.8,36.1,1005,2488.7416999999996
11.06.12,990.0,619,46.2,37.3,35,36.1,894,2364.7330999999995
11.06.12,1000.0,591,45.1,37,35.1,36,0,2296.6409
11.06.12,1010.0,560,44.5,37.2,35.2,35.9,0,2177.9613
11.06.12,1020.0,526,43.8,36.5,35.3,35.5,0,2036.566
11.06.12,1030.0,502,43.3,36.6,35.4,35.6,0,1944.2115
11.06.12,1040.0,469,42.7,36.4,35.5,35.5,0,1820.6930000000002
11.06.12,1050.0,434,41.7,36.2,35.5,35.4,0,1675.4968000000003
11.06.12,1060.0,404,41.1,35.7,35.5,35.1,0,1565.2887
11.06.12,1070.0,371,40.3,35.7,35.5,34.8,0,1428.9912
11.06.12,1080.0,339,39.6,35.3,35.6,34.7,0,1302.004
11.06.12,1090.0,307,38.9,35.2,35.6,34.6,0,1181.5430000000001
11.06.12,1100.0,276,38.1,34.7,35.6,34.3,0,1054.7124
11.06.12,1110.0,245,37.3,34.5,35.6,34.2,0,935.9503
11.06.12,1120.0,215,36.4,34.1,35.6,33.8,0,818.3335999999999
11.06.12,1130.0,185,35.6,33.8,35.6,33.5,0,700.1218
11.06.12,1140.0,158,34.9,33.7,35.6,33.4,0,596.666
11.06.12,1150.0,137,34.2,33.3,35.5,33,0,514.3084
11.06.12,1160.0,115,33.5,33,35.5,32.8,0,425.73229999999995
11.06.12,1170.0,94,32.8,32.5,35.4,32.5,0,349.52579999999995
11.06.12,1180.0,76,32,32,35.3,32.1,0,278.6487
11.06.12,1190.0,58,31.2,31.5,35.1,31.7,0,212.56949999999998
11.06.12,1200.0,42,30.6,31.1,35,31.3,0,148.7241
11.06.12,1210.0,27,29.9,30.6,34.8,30.9,0,92.6464
11.06.12,1220.0,14,29.2,30.1,34.6,30.5,774,43.559
11.06.12,1230.0,6,28.7,29.7,34.5,30.2,1203,11.102699999999999
11.06.12,1240.0,1,28.2,29.4,34.4,29.8,1350,2.1228000000000002
11.06.12,1250.0,0,27.8,29.1,34.3,29.6,1515,2.132
11.06.12,1260.0,0,27.6,28.9,34.2,29.4,1716,2.1404
11.06.12,1270.0,0,27.4,28.6,34.2,29.1,1647,1.9891999999999999
11.06.12,1280.0,0,27.2,28.4,34.1,28.9,1929,2.3855
11.06.12,1290.0,0,27,28.2,33.9,28.7,1977,2.3760000000000003
11.06.12,1300.0,0,26.8,28,33.8,28.5,2133,2.3640000000000003
11.06.12,1310.0,0,26.7,27.9,33.7,28.4,2262,2.3535
11.06.12,1320.0,0,26.6,27.7,33.5,28.2,2220,2.35
11.06.12,1330.0,0,26.5,27.6,33.5,28.1,2136,2.3485
11.06.12,1340.0,0,26.4,27.6,33.4,28.1,2184,2.3435
11.06.12,1350.0,0,26.4,27.6,33.3,28.1,2172,2.34
11.06.12,1360.0,0,26.5,27.5,33.2,28,2139,2.337
11.06.12,1370.0,0,26.4,27.5,33.2,28,2106,2.3345
11.06.12,1380.0,0,26.4,27.5,33,27.9,2088,2.3315
11.06.12,1390.0,0,26.4,27.4,32.9,27.8,2055,2.329
11.06.12,1400.0,0,26.5,27.3,32.8,27.7,2157,2.3225000000000002
11.06.12,1410.0,0,26.4,27.2,32.6,27.7,2169,2.3185
11.06.12,1420.0,0,26.1,27.1,32.6,27.5,2124,2.3160000000000003
11.06.12,1430.0,0,26.1,27,32.5,27.4,1950,2.318
11.06.12,1440.0,0,26.2,27,32.3,27.4,1827,2.3185
12.06.12,10.0,0,26.2,27,32.4,27.4,1797,1.8532
12.06.12,20.0,0,26.1,26.8,32.4,27.2,1785,1.8512000000000002
12.06.12,30.0,0,26,26.7,32.3,27.1,1701,1.8508000000000002
12.06.12,40.0,0,25.9,26.6,32.1,27,1671,1.8492
12.06.12,50.0,0,25.8,26.6,32,27,1626,1.848
12.06.12,60.0,0,25.8,26.5,31.8,26.9,1584,1.8468
12.06.12,70.0,0,25.8,26.5,31.7,26.9,1638,1.8432
12.06.12,80.0,0,25.7,26.4,31.6,26.8,1638,1.8408000000000002
12.06.12,90.0,0,25.6,26.4,31.5,26.8,1647,1.8376
12.06.12,100.0,0,25.5,26.3,31.5,26.7,1632,1.8352000000000002
12.06.12,110.0,0,25.5,26.3,31.5,26.6,1593,1.8336000000000001
12.06.12,120.0,0,25.4,26.2,31.4,26.6,1611,1.8304
12.06.12,130.0,0,25.2,26.1,31.3,26.5,1599,1.8276
12.06.12,140.0,0,25.1,26.1,31.2,26.5,1605,1.8244
12.06.12,150.0,0,25,26,31.1,26.5,1530,1.8232
12.06.12,160.0,0,25,26,31.1,26.4,1527,1.82
12.06.12,170.0,0,24.9,25.9,31.1,26.4,1530,1.8168000000000002
12.06.12,180.0,0,24.8,25.8,31,26.3,1527,1.8128
12.06.12,190.0,0,24.8,25.8,30.8,26.3,1584,1.8075999999999999
12.06.12,200.0,0,24.8,25.8,30.6,26.2,1617,1.8024000000000002
12.06.12,210.0,0,24.7,25.7,30.6,26.2,1458,1.8028
12.06.12,220.0,0,24.6,25.7,30.5,26.1,1563,1.7956
12.06.12,230.0,0,24.6,25.6,30.4,26.1,1545,1.7912000000000001
12.06.12,240.0,0,24.6,25.6,30.4,26.1,1530,1.7868000000000002
12.06.12,250.0,0,24.5,25.6,30.3,26.1,1524,1.7816
12.06.12,260.0,0,24.6,25.6,30.3,26.1,1527,1.776
12.06.12,270.0,0,24.8,25.6,30.2,26.1,1518,1.7696
12.06.12,280.0,0,24.7,25.5,30.1,26,1500,1.764
12.06.12,290.0,0,24.4,25.5,30.2,26,1494,1.7568000000000001
12.06.12,300.0,0,24.4,25.4,30.2,25.9,1491,1.7491999999999999
12.06.12,310.0,0,24.3,25.4,30.1,25.9,1488,1.7412
12.06.12,320.0,0,24.2,25.3,30.1,25.8,87,1.3593
12.06.12,330.0,0,24.2,25.3,30,25.8,0,1.3725
12.06.12,340.0,0,24.1,25.2,30,25.8,0,1.377
12.06.12,350.0,0,24,25.2,30,25.8,0,1.3806
12.06.12,360.0,0,23.9,25.2,30,25.7,0,1.383
12.06.12,370.0,0,23.9,25.1,29.9,25.6,0,1.3847999999999998
12.06.12,380.0,0,23.8,25,29.8,25.6,0,1.3865999999999998
12.06.12,390.0,0,23.8,25,29.8,25.6,0,1.3878
12.06.12,400.0,0,23.8,25,29.7,25.6,0,1.3886999999999998
12.06.12,410.0,0,23.7,25,29.7,25.5,0,1.3896
12.06.12,420.0,0,23.7,24.9,29.6,25.5,0,1.3905
12.06.12,430.0,0,23.7,24.9,29.5,25.5,0,1.3910999999999998
12.06.12,440.0,0,23.6,24.9,29.4,25.5,0,1.3917
12.06.12,450.0,0,23.6,24.9,29.4,25.4,0,1.392
12.06.12,460.0,3,23.7,24.9,29.4,25.4,0,3.7136
12.06.12,470.0,9,23.8,24.9,29.3,25.4,0,24.6503
12.06.12,480.0,19,24,25,29.2,25.5,0,60.736
12.06.12,490.0,32,24.3,25.2,29.1,25.5,0,106.21999999999998
12.06.12,500.0,48,24.8,25.4,29,25.7,0,165.30499999999998
12.06.12,510.0,69,25.4,25.7,29,25.8,0,238.3717
12.06.12,520.0,90,26,26,28.9,25.9,0,314.7261
12.06.12,530.0,111,26.8,26.4,28.9,26,0,394.41600000000005
12.06.12,540.0,130,27.4,26.6,28.9,26.2,0,462.75880000000006
12.06.12,550.0,154,28,26.9,28.8,26.3,0,553.5767999999999
12.06.12,560.0,185,28.8,27.3,28.8,26.6,0,669.1175999999999
12.06.12,570.0,207,29.6,27.6,28.8,26.8,0,749.4876
12.06.12,580.0,223,30.2,27.8,28.8,27.1,0,812.7525
12.06.12,590.0,262,30.5,28.1,28.8,27.3,0,957.8701
12.06.12,600.0,302,31.6,28.4,28.9,27.4,0,1112.0962
12.06.12,610.0,335,32.4,28.8,28.9,27.6,0,1242.999
12.06.12,620.0,351,33.8,29.3,29,27.8,981,1271.9028
12.06.12,630.0,383,34.1,29.5,29.1,28,1143,1381.1175
12.06.12,640.0,426,35.3,29.7,29.2,28.3,1095,1542.716
12.06.12,650.0,472,36.7,30.3,29.2,28.4,1074,1721.0456
12.06.12,660.0,514,38.5,30.9,29.3,28.6,1038,1887.6586
12.06.12,670.0,540,39.4,31.4,29.4,28.9,1044,1987.2048
12.06.12,680.0,565,40.2,31.3,29.5,29.1,1044,2079.2095
12.06.12,690.0,593,40.8,32.1,29.6,29.3,1041,2195.364
12.06.12,700.0,611,41.9,32.2,29.7,29.5,1041,2261.6728
12.06.12,710.0,645,43,32.9,29.9,30,1092,2402.4282
12.06.12,720.0,675,43.4,33.1,30,30.1,945,2517.8039999999996
12.06.12,730.0,697,44,33.3,30.1,30.3,765,2618.2359
12.06.12,740.0,712,44.3,33.7,30.3,30.7,813,2683.8427
12.06.12,750.0,730,44.6,33.8,30.5,30.9,783,2753.0344
12.06.12,760.0,745,45.7,34.4,30.6,31.4,771,2813.5656000000004
12.06.12,770.0,763,46.3,34.4,30.7,31.5,765,2897.9372
12.06.12,780.0,773,46.9,34.9,30.9,31.7,846,2930.2408
12.06.12,790.0,784,47.2,34.9,31.1,31.7,837,2990.9700000000003
12.06.12,800.0,800,47.8,35.2,31.2,31.9,834,3045.2365
12.06.12,810.0,806,48,35.6,31.4,32.3,825,3074.6597
12.06.12,820.0,816,48.2,35.7,31.5,32.5,855,3124.4118
12.06.12,830.0,799,48.4,36,31.8,33,789,3052.5256
12.06.12,840.0,840,48.7,36.1,31.9,32.9,729,3223.0048
12.06.12,850.0,845,49.6,36.6,32.1,33.2,735,3255.2852000000003
12.06.12,860.0,745,49.5,36.8,32.3,33.4,732,2850.804
12.06.12,870.0,744,48,36.4,32.4,33.4,708,2862.3483
12.06.12,880.0,697,47,36.3,32.6,33.6,729,2673.1302
12.06.12,890.0,758,48.3,36.7,32.7,33.6,762,2911.7907
12.06.12,900.0,786,49.1,37.1,32.8,34,756,3037.3023000000003
12.06.12,910.0,769,49.6,37.5,33,34.3,783,2961.2856
12.06.12,920.0,752,49.8,37.5,33.2,34.7,765,2896.232
12.06.12,930.0,739,50.3,38.1,33.3,34.9,747,2854.5690000000004
12.06.12,940.0,723,48.8,37.8,33.6,35,753,2787.2586
12.06.12,950.0,706,47.7,37.4,33.7,35.2,459,2743.5021
12.06.12,960.0,685,47.3,37.9,33.8,35.4,0,2677.5447999999997
12.06.12,970.0,661,47.6,38.2,34,35.6,0,2586.9647999999997
12.06.12,980.0,635,47.5,37.9,34.2,35.7,0,2489.6193000000003
12.06.12,990.0,611,47.4,37.9,34.3,35.6,0,2393.7894
12.06.12,1000.0,585,46.6,38,34.4,35.8,0,2295.3328
12.06.12,1010.0,556,45.7,37.8,34.5,35.9,0,2174.34
12.06.12,1020.0,528,45.1,37.8,34.7,36.1,0,2069.3648
12.06.12,1030.0,498,44.9,37.7,34.8,35.8,0,1953.7024
12.06.12,1040.0,471,44.3,37.5,34.9,35.8,0,1841.232
12.06.12,1050.0,436,43.3,37.4,35,36,0,1703.7467999999997
12.06.12,1060.0,401,42.2,37.1,35,35.8,0,1570.9155
12.06.12,1070.0,368,41.6,37,35.1,35.8,0,1431.978
12.06.12,1080.0,331,40.7,36.7,35.2,35.6,0,1290.9051
12.06.12,1090.0,294,39.9,36.3,35.1,35.3,0,1137.9032000000002
12.06.12,1100.0,263,39.1,36.1,35.2,35.2,0,1016.7479000000001
12.06.12,1110.0,239,38.2,35.4,35.2,34.8,0,922.5047999999999
12.06.12,1120.0,207,36.8,34.7,35.1,34.3,0,794.5079999999999
12.06.12,1130.0,171,35.4,33.8,35.1,33.5,0,652.3878
12.06.12,1140.0,132,34.3,33.1,35.1,33.1,0,504.90000000000003
12.06.12,1150.0,125,33.4,32.6,35,32.4,0,471.614
12.06.12,1160.0,105,32.9,32.3,34.9,32.2,0,397.528
12.06.12,1170.0,62,32.1,32,34.8,32.1,0,228.9084
12.06.12,1180.0,38,31.2,31.3,34.7,31.5,0,137.33759999999998
12.06.12,1190.0,27,30.3,30.8,34.4,31,120,93.02239999999999
12.06.12,1200.0,23,29.7,30.4,34.4,30.7,843,81.056
12.06.12,1210.0,17,29.2,30,34.3,30.3,891,59.576
12.06.12,1220.0,12,28.8,29.6,34.2,30,906,35.1975
12.06.12,1230.0,6,28.4,29.3,34.2,29.7,918,11.3883
12.06.12,1240.0,2,28.1,29.1,34.2,29.5,1017,1.6289999999999998
12.06.12,1250.0,0,27.8,29,34.2,29.4,1341,1.9876
12.06.12,1260.0,0,27.7,28.8,34.1,29.2,1656,1.9268
12.06.12,1270.0,0,27.6,28.6,33.9,29,1809,2.3954999999999997
12.06.12,1280.0,0,27.4,28.5,33.8,28.9,1881,2.386
12.06.12,1290.0,0,27.2,28.3,33.7,28.8,2034,2.8482
12.06.12,1300.0,0,27.1,28.2,33.6,28.7,1977,2.8446
12.06.12,1310.0,0,27,28,33.5,28.5,1992,2.8398
12.06.12,1320.0,0,26.8,27.9,33.3,28.4,2010,2.8344
12.06.12,1330.0,0,26.7,27.8,33.2,28.3,2064,2.357
12.06.12,1340.0,0,26.6,27.8,33.2,28.2,2166,2.3505
12.06.12,1350.0,0,26.6,27.7,33.1,28.2,2172,2.8158
12.06.12,1360.0,0,26.8,27.8,32.9,28.3,2256,2.3405
12.06.12,1370.0,0,26.9,27.9,32.8,28.3,2226,2.3375
12.06.12,1380.0,0,26.9,27.9,32.6,28.3,2229,2.3335000000000004
12.06.12,1390.0,0,26.8,27.8,32.5,28.3,2253,2.329
12.06.12,1400.0,0,26.7,27.8,32.5,28.3,2181,2.3275
12.06.12,1410.0,0,26.7,27.8,32.2,28.3,2145,2.325
12.06.12,1420.0,0,26.7,27.7,32.2,28.2,2121,2.322
12.06.12,1430.0,0,26.6,27.6,32.1,28.2,2118,2.3190000000000004
12.06.12,1440.0,0,26.5,27.6,32.1,28.1,2088,2.3160000000000003
13.06.12,10.0,0,26.4,27.5,32,28,1944,2.317
13.06.12,20.0,0,26.4,27.4,32,27.9,1920,2.3145000000000002
13.06.12,30.0,0,26.5,27.4,32,27.9,1950,2.3105
13.06.12,40.0,0,26.5,27.4,32,27.8,1749,1.8508000000000002
13.06.12,50.0,0,26.5,27.4,31.8,27.9,1671,1.8504
13.06.12,60.0,0,26.4,27.3,31.8,27.8,1626,1.8496000000000001
13.06.12,70.0,0,26.2,27.3,31.6,27.8,1605,1.8476
13.06.12,80.0,0,26.1,27.2,31.5,27.7,1578,1.846
13.06.12,90.0,0,26,27.2,31.4,27.7,1554,1.8444
13.06.12,100.0,0,26,27.1,31.3,27.6,1509,1.8432
13.06.12,110.0,0,26,27.1,31.2,27.6,1524,1.8408000000000002
13.06.12,120.0,0,26,27,31.1,27.5,1566,1.8372
13.06.12,130.0,0,26,27,31.1,27.5,1536,1.8352000000000002
13.06.12,140.0,0,26.2,27,31.1,27.5,1368,1.8376
13.06.12,150.0,0,26.2,27,31,27.5,1446,1.8332
13.06.12,160.0,0,26,26.9,31,27.4,1425,1.8312000000000002
13.06.12,170.0,0,25.8,26.8,30.9,27.3,1425,1.8284
13.06.12,180.0,0,25.7,26.7,30.9,27.2,1419,1.8256000000000001
13.06.12,190.0,0,25.5,26.6,30.8,27.2,1419,1.8228
13.06.12,200.0,0,25.4,26.6,30.8,27.1,1413,1.8196
13.06.12,210.0,0,25.5,26.6,30.7,27.1,1401,1.8168000000000002
13.06.12,220.0,0,25.6,26.6,30.6,27.2,1392,1.814
13.06.12,230.0,0,25.6,26.6,30.6,27.2,1389,1.8108000000000002
13.06.12,240.0,0,25.5,26.5,30.5,27.1,1386,1.8072
13.06.12,250.0,0,25.4,26.5,30.5,27,1383,1.8036
13.06.12,260.0,0,25.3,26.4,30.5,27,1377,1.8
13.06.12,270.0,0,25.2,26.4,30.5,27,1368,1.7964
13.06.12,280.0,0,25.3,26.4,30.4,26.9,1362,1.7928
13.06.12,290.0,0,25.4,26.4,30.3,26.9,1353,1.7888
13.06.12,300.0,0,25.3,26.3,30.3,26.8,1353,1.7848
13.06.12,310.0,0,25.5,26.4,30.3,26.9,1347,1.7804
13.06.12,320.0,0,25.5,26.4,30.3,26.8,1347,1.7756
13.06.12,330.0,0,25.4,26.3,30.2,26.7,1347,1.7708000000000002
13.06.12,340.0,0,25.3,26.2,30.1,26.7,1347,1.7656
13.06.12,350.0,0,25.1,26.1,30.1,26.6,1341,1.76
13.06.12,360.0,0,24.9,26,30.1,26.5,1335,1.754
13.06.12,370.0,0,24.9,26,30,26.5,1332,1.7472
13.06.12,380.0,0,25,25.9,29.8,26.4,372,1.3455
13.06.12,390.0,0,24.9,25.9,29.9,26.4,0,1.3695
13.06.12,400.0,0,24.7,25.9,29.9,26.4,0,1.3743
13.06.12,410.0,0,24.6,25.8,29.9,26.4,0,1.3779
13.06.12,420.0,0,24.6,25.7,29.8,26.3,0,1.3806
13.06.12,430.0,0,24.5,25.7,29.8,26.2,0,1.3827
13.06.12,440.0,0,24.5,25.6,29.7,26.2,0,1.3841999999999999
13.06.12,450.0,0,24.3,25.6,29.7,26.1,0,1.3857
13.06.12,460.0,1,24.1,25.5,29.7,26.1,0,1.3868999999999998
13.06.12,470.0,7,24,25.4,29.6,26,0,18.9912
13.06.12,480.0,18,24.3,25.5,29.6,26,0,56.791
13.06.12,490.0,30,24.7,25.7,29.6,26.1,0,98.87459999999999
13.06.12,500.0,46,25.2,26,29.5,26.2,0,159.8724
13.06.12,510.0,68,25.9,26.4,29.5,26.3,0,237.79739999999995
13.06.12,520.0,86,26.7,26.9,29.4,26.6,0,305.988
13.06.12,530.0,101,27.4,27.1,29.4,26.7,0,360.69599999999997
13.06.12,540.0,121,28,27.4,29.4,27,0,433.29119999999995
13.06.12,550.0,144,28.6,27.5,29.4,27.1,0,520.5251999999999
13.06.12,560.0,194,29.6,28,29.3,27.3,0,710.9664
13.06.12,570.0,202,30.4,28.2,29.4,27.5,0,739.9301
13.06.12,580.0,195,30.2,28.2,29.4,27.6,0,714.132
13.06.12,590.0,191,30.5,28.5,29.4,27.8,0,698.7963
13.06.12,600.0,229,31,28.6,29.4,28.2,0,839.1701999999999
13.06.12,610.0,320,32.7,29.1,29.5,28.4,0,1178.5292
13.06.12,620.0,407,34.5,30,29.6,28.8,672,1497.2379999999998
13.06.12,630.0,438,35.9,30.5,29.7,29.1,1173,1598.4916
13.06.12,640.0,370,35.4,30.4,29.7,29.1,1158,1335.66
13.06.12,650.0,436,36.2,30.8,29.8,29.5,1167,1582.5083999999997
13.06.12,660.0,467,37.3,31.4,29.9,29.8,1164,1704.3215999999998
13.06.12,670.0,529,39.8,32.2,30,30.1,1137,1945.164
13.06.12,680.0,589,39.9,32.3,30.1,30.3,1134,2174.113
13.06.12,690.0,569,41.2,32.6,30.2,30.5,1107,2100.7583999999997
13.06.12,700.0,641,41.8,32.9,30.4,30.7,1107,2376.5429
13.06.12,710.0,682,44.2,34,30.5,31,1104,2539.6164000000003
13.06.12,720.0,717,45.9,34.4,30.7,31.3,1110,2681.8271999999997
13.06.12,730.0,637,45.7,34.6,30.8,31.5,1098,2378.5048
13.06.12,740.0,622,43.7,34.1,30.9,31.5,1101,2317.0875
13.06.12,750.0,746,46.7,35.1,31,32,1098,2798.6112
13.06.12,760.0,622,45.4,34.5,31.2,31.8,1146,2316.9555
13.06.12,770.0,694,46.8,35,31.2,31.9,1170,2602.984
13.06.12,780.0,568,43.3,34.2,31.4,32,1110,2111.308
13.06.12,790.0,748,45.6,34.9,31.5,32.1,1098,2823.2529
13.06.12,800.0,676,46.8,35.3,31.6,32.3,1131,2535.456
13.06.12,810.0,667,45.5,34.9,31.7,32.1,1122,2506.8894
13.06.12,820.0,551,45.1,35,31.8,32.4,1083,2064.9968
13.06.12,830.0,618,44.9,34.8,31.9,32.2,1053,2315.735
13.06.12,840.0,808,48,35.8,32,32.5,1041,3063.5141
13.06.12,850.0,805,52.1,36.5,32.2,33,1053,3044.6088
13.06.12,860.0,530,46.1,35.5,32.4,32.8,1050,1980.6063
13.06.12,870.0,522,44.6,35.2,32.4,32.7,1059,1959.888
13.06.12,880.0,650,45.9,35.7,32.5,33,1098,2448.7652
13.06.12,890.0,445,45.7,35.6,32.5,33.2,1131,1662.616
13.06.12,900.0,377,42.6,35,32.6,33.1,1128,1389.1863999999998
13.06.12,910.0,492,43.1,35.5,32.7,33.3,1146,1826.0130000000001
13.06.12,920.0,502,44.3,35.6,32.8,33.3,1158,1873.3590000000002
13.06.12,930.0,550,44.8,35.8,33,33.6,1161,2062.6815
13.06.12,940.0,586,44.3,36.1,33.3,33.8,1074,2197.558
13.06.12,950.0,576,44.3,36,33.3,33.8,1053,2168.3848
13.06.12,960.0,455,44.9,36.2,33.4,34.1,186,1720.8967999999998
13.06.12,970.0,335,42.5,35.9,33.4,34.1,0,1272.3632
13.06.12,980.0,426,42.4,35.6,33.5,33.8,0,1628.8999999999999
13.06.12,990.0,255,39.9,34.8,33.6,33.6,0,960.9684000000001
13.06.12,1000.0,281,38.3,34.7,33.6,33.5,0,1061.2341999999999
13.06.12,1010.0,327,39.5,35,33.6,33.7,0,1238.5203999999999
13.06.12,1020.0,340,40.4,35.2,33.7,33.8,0,1290.7250999999999
13.06.12,1030.0,340,40.7,35.3,33.7,33.9,0,1295.518
13.06.12,1040.0,316,40,35.2,33.9,33.9,0,1199.28
13.06.12,1050.0,344,40.3,35.3,34,34.1,0,1312.3809
13.06.12,1060.0,318,40.3,35.4,34.1,34.2,0,1206.205
13.06.12,1070.0,306,39.4,35.2,34.1,34.1,0,1163.1975
13.06.12,1080.0,371,39.4,34.8,34.2,33.8,0,1412.4239999999998
13.06.12,1090.0,357,38.7,34.1,34.2,33.4,0,1367.9694
13.06.12,1100.0,305,37.1,33.6,34.2,33,0,1166.7216
13.06.12,1110.0,249,36.3,33.4,34.2,32.9,0,948.6204
13.06.12,1120.0,198,35.1,32.9,34.2,32.6,0,746.0523000000001
13.06.12,1130.0,166,34.2,32.6,34.2,32.3,0,626.8269
13.06.12,1140.0,149,33.7,32.6,34.1,32.1,0,559.0368
13.06.12,1150.0,120,33.1,32.3,34.1,32.1,0,443.7916
13.06.12,1160.0,105,32.6,32.1,34.2,31.9,0,385.2673
13.06.12,1170.0,88,32.3,31.9,34.1,31.8,0,318.5828
13.06.12,1180.0,68,31.5,31.4,34,31.4,0,246.6326
13.06.12,1190.0,48,30.9,31.1,33.9,31.2,0,173.4246
13.06.12,1200.0,28,30.2,30.5,34,30.7,0,96.70320000000001
13.06.12,1210.0,19,29.7,30.2,34,30.5,0,63.862500000000004
13.06.12,1220.0,7,29.2,29.8,33.9,30.2,678,20.147399999999998
13.06.12,1230.0,4,28.7,29.5,33.9,29.8,1251,5.6925
13.06.12,1240.0,1,28.4,29.3,33.9,29.6,1449,2.0752
13.06.12,1250.0,0,28.2,29.1,33.9,29.5,1674,2.0804
13.06.12,1260.0,0,28,28.9,33.9,29.3,1785,2.0856
13.06.12,1270.0,0,27.8,28.8,34,29.2,1653,2.483
13.06.12,1280.0,0,27.7,28.5,33.9,28.9,1884,2.8404000000000003
13.06.12,1290.0,0,27.5,28.4,33.8,28.8,1953,2.8284
13.06.12,1300.0,0,27.3,28.3,33.8,28.7,2028,2.817
13.06.12,1310.0,0,27.2,28.1,33.8,28.5,1980,2.8104
13.06.12,1320.0,0,27.1,28,33.8,28.4,1950,2.8055999999999996
13.06.12,1330.0,0,27,27.9,33.5,28.2,1944,2.334
13.06.12,1340.0,0,26.8,27.7,33.4,28.1,1974,2.3295000000000003
13.06.12,1350.0,0,26.8,27.7,33.3,28.1,1974,2.3255
13.06.12,1360.0,0,26.8,27.7,33.3,28.1,1962,2.322
13.06.12,1370.0,0,26.7,27.6,33.3,28,1929,2.3195
13.06.12,1380.0,0,26.6,27.5,33.3,27.9,1923,2.3160000000000003
13.06.12,1390.0,0,26.5,27.5,33.2,27.9,1920,2.3125
13.06.12,1400.0,0,26.5,27.4,33.1,27.8,1941,2.308
13.06.12,1410.0,0,26.4,27.4,33,27.8,1908,2.305
13.06.12,1420.0,0,26.2,27.3,32.9,27.7,1737,2.3065
13.06.12,1430.0,0,26.1,27.2,32.9,27.6,1644,2.3065
13.06.12,1440.0,0,26,27.1,32.8,27.5,1623,2.304
14.06.12,10.0,0,25.8,27,32.7,27.4,1608,2.3015000000000003
14.06.12,20.0,0,25.7,26.9,32.5,27.3,1611,2.298
14.06.12,30.0,0,25.7,26.8,32.5,27.2,1611,2.2945
14.06.12,40.0,0,25.6,26.8,32.4,27.2,1572,2.2920000000000003
14.06.12,50.0,0,25.5,26.7,32.4,27.1,1551,2.2895
14.06.12,60.0,0,25.4,26.6,32.3,27,1554,2.2855000000000003
14.06.12,70.0,0,25.4,26.6,32.1,27,1557,2.2815000000000003
14.06.12,80.0,0,25.4,26.5,32.1,26.9,1527,1.8228
14.06.12,90.0,0,25.4,26.5,32,26.9,1464,1.8212000000000002
14.06.12,100.0,0,25.3,26.5,31.9,26.9,1449,1.8184
14.06.12,110.0,0,25.1,26.4,31.9,26.8,1410,1.816
14.06.12,120.0,0,25.1,26.4,31.8,26.8,1380,1.8136
14.06.12,130.0,0,25,26.3,31.7,26.7,1359,1.8108000000000002
14.06.12,140.0,0,25,26.2,31.6,26.6,1338,2.259
14.06.12,150.0,0,24.9,26.2,31.5,26.6,1323,1.8044
14.06.12,160.0,0,24.8,26.1,31.5,26.6,1320,1.8004
14.06.12,170.0,0,24.7,26.1,31.5,26.5,1308,1.7964
14.06.12,180.0,0,24.7,26,31.4,26.5,1302,1.7924000000000002
14.06.12,190.0,0,24.6,26,31.4,26.4,1353,1.786
14.06.12,200.0,0,24.6,26,31.4,26.4,1392,1.7792
14.06.12,210.0,0,24.7,26,31.4,26.4,1392,1.7731999999999999
14.06.12,220.0,0,24.8,26,31.4,26.4,1239,1.7728000000000002
14.06.12,230.0,0,24.8,25.9,31.3,26.3,1314,1.764
14.06.12,240.0,0,24.6,25.8,31.2,26.2,1317,1.7572
14.06.12,250.0,0,24.4,25.7,31.1,26.2,1308,1.7504
14.06.12,260.0,0,24.2,25.7,31.1,26.1,711,1.7748
14.06.12,270.0,0,24,25.6,31.2,26.1,0,1.3679999999999999
14.06.12,280.0,0,23.9,25.6,31.2,26,0,1.3734
14.06.12,290.0,0,23.8,25.6,31.1,26,0,1.3767
14.06.12,300.0,0,23.9,25.6,31,26,0,1.3794
14.06.12,310.0,0,23.8,25.5,30.9,26,0,1.3812
14.06.12,320.0,0,23.7,25.5,30.8,26,0,1.3827
14.06.12,330.0,0,23.6,25.5,30.7,26,0,1.3841999999999999
14.06.12,340.0,0,23.6,25.5,30.7,26,0,1.3851
14.06.12,350.0,0,23.5,25.5,30.6,25.9,0,1.3860000000000001
14.06.12,360.0,0,23.4,25.5,30.5,25.9,0,1.3868999999999998
14.06.12,370.0,0,23.2,25.4,30.5,25.8,0,1.3875
14.06.12,380.0,0,23.2,25.5,30.3,25.8,0,1.3881000000000001
14.06.12,390.0,0,23.1,25.4,30.4,25.8,0,1.3886999999999998
14.06.12,400.0,0,23,25.2,30.3,25.7,0,1.3889999999999998
14.06.12,410.0,0,22.7,25.2,30.4,25.6,0,1.3896
14.06.12,420.0,0,22.7,25.3,30.3,25.7,0,1.3899
14.06.12,430.0,0,22.8,25.3,30.2,25.7,0,1.3902
14.06.12,440.0,0,22.8,25.3,30.2,25.7,0,1.3905
14.06.12,450.0,0,23.1,25.3,30.1,25.6,0,1.3905
14.06.12,460.0,1,23.5,25.2,30.1,25.7,0,1.3908
14.06.12,470.0,5,23.7,25.4,29.8,25.8,0,12.992
14.06.12,480.0,12,24.1,25.6,29.7,26,0,36.3012
14.06.12,490.0,22,24.6,25.8,29.6,26.2,0,72.0412
14.06.12,500.0,29,25.2,25.9,29.6,26.3,0,95.38969999999999
14.06.12,510.0,34,25.8,26.1,29.5,26.5,0,116.33700000000002
14.06.12,520.0,40,26.1,26.2,29.4,26.6,0,139.12199999999999
14.06.12,530.0,50,26.5,26.4,29.4,26.8,0,172.7886
14.06.12,540.0,79,27.2,26.5,29.4,26.9,0,279.8385
14.06.12,550.0,140,28.7,27,29.3,27.2,0,507.5226
14.06.12,560.0,179,30.6,27.7,29.3,27.8,0,655.3329
14.06.12,570.0,199,31.2,27.9,29.3,28,0,733.9008
14.06.12,580.0,198,32.3,28.3,29.4,28.5,0,724.6479999999999
14.06.12,590.0,268,33.6,29,29.4,29,0,992.3712
14.06.12,600.0,327,35.9,29.5,29.5,29.5,0,1223.0020000000002
14.06.12,610.0,358,37.1,29.8,29.6,29.8,0,1336.6599999999999
14.06.12,620.0,280,36.9,29.8,29.7,30.1,0,1036.518
14.06.12,630.0,386,37.6,30.3,29.7,30.3,393,1435.5872
14.06.12,640.0,436,39.5,30.9,29.8,30.8,921,1605.366
14.06.12,650.0,446,41.6,31.9,29.9,31.7,843,1650.6541000000002
14.06.12,660.0,499,43.6,31.7,30,31.8,924,1845.8448000000003
14.06.12,670.0,537,44.9,31.9,30.1,32,909,1994.5404999999998
14.06.12,680.0,566,47.1,32.7,30.2,32.8,888,2114.8154999999997
14.06.12,690.0,584,49.2,34.2,30.3,33.5,882,2182.4575
14.06.12,700.0,617,51.5,35,30.4,34.9,885,2308.9892
14.06.12,710.0,641,52,34.5,30.5,33.8,885,2410.8099
14.06.12,720.0,666,53.5,35.1,30.6,33.9,1032,2496.735
14.06.12,730.0,687,51.2,35.1,30.8,32.6,1146,2585.7119000000002
14.06.12,740.0,708,50.3,35.7,30.9,32.3,1167,2658.8644
14.06.12,750.0,723,50.3,35.7,31.1,32.6,1155,2722.0878000000002
14.06.12,760.0,746,49.2,35.3,31.2,32.9,1155,2819.9402
14.06.12,770.0,758,51.3,36.4,31.3,33.2,1152,2857.8717
14.06.12,780.0,773,53.6,37,31.5,33.8,1149,2927.5136
14.06.12,790.0,785,52.8,37,31.7,33.7,1137,2968.7738000000004
14.06.12,800.0,801,53.1,37.6,31.9,34.2,1044,3036.8210000000004
14.06.12,810.0,808,53.6,37.1,32.1,34.3,1077,3075.1380000000004
14.06.12,820.0,786,52.5,37.8,32.4,34.2,1032,2986.3384
14.06.12,830.0,794,53.7,38,32.4,34.9,1053,3021.036
14.06.12,840.0,813,52.9,37.8,32.6,34.9,1104,3104.013
14.06.12,850.0,803,52.6,37.4,32.7,35,1014,3067.9525999999996
14.06.12,860.0,805,54.4,38.6,32.8,35.9,1008,3085.55
14.06.12,870.0,813,55.2,39.1,33.1,36.3,1008,3107.6351999999997
14.06.12,880.0,804,55.6,39.2,33.2,36.1,993,3072.2284
14.06.12,890.0,781,59.2,40.1,33.4,38.1,984,2985.6511
14.06.12,900.0,774,58.2,39.8,33.6,36.5,996,2951.3755
14.06.12,910.0,767,54.8,38.9,33.8,36.1,1020,2934.7338
14.06.12,920.0,737,53.9,39.5,34,36.3,1026,2831.6827999999996
14.06.12,930.0,762,53.8,39.5,34.1,36.6,1014,2921.8135
14.06.12,940.0,727,53.8,39.2,34.3,36.5,1017,2795.6423
14.06.12,950.0,703,52.8,39.8,34.4,37.1,225,2727.2673
14.06.12,960.0,678,56.5,40.5,34.5,39.2,0,2637.7767000000003
14.06.12,970.0,655,55.8,40,34.8,38.7,0,2556.6534
14.06.12,980.0,647,56.9,40.9,34.9,40.1,0,2517.2124
14.06.12,990.0,635,58.1,41.1,35.1,41.8,0,2473.5706
14.06.12,1000.0,617,53.9,40.7,35.2,38.7,0,2414.8641000000002
14.06.12,1010.0,403,49.6,39.8,35.5,38,0,1556.2096
14.06.12,1020.0,391,47.2,39.1,35.5,37.6,0,1516.1013
14.06.12,1030.0,504,48.4,40.2,35.6,38.3,0,1968.5608
14.06.12,1040.0,351,48.9,40,35.8,38.8,0,1354.2944
14.06.12,1050.0,198,43.5,38.7,35.8,37.6,0,753.9
14.06.12,1060.0,268,44.1,38.3,35.9,38.8,0,1028.2953
14.06.12,1070.0,321,44.3,38.5,36,38,0,1232.5557999999999
14.06.12,1080.0,371,47.1,39.5,36.1,38.8,0,1438.7698
14.06.12,1090.0,342,47.3,39.4,36.3,39.2,0,1320.9461999999999
14.06.12,1100.0,254,43.8,39,36.3,38,0,973.385
14.06.12,1110.0,191,41.6,38.1,36.4,38.2,0,723.6705
14.06.12,1120.0,229,42.8,38.2,36.4,39.2,0,875.0709
14.06.12,1130.0,216,43,38.8,36.5,39,0,826.608
14.06.12,1140.0,179,41.7,38.8,36.6,37.8,0,678.1824
14.06.12,1150.0,115,39.7,38.1,36.6,37.4,0,426.26590000000004
14.06.12,1160.0,72,38.1,37.3,36.6,37.7,0,261.8428
14.06.12,1170.0,51,36.5,36.2,36.6,36.6,0,180.96699999999998
14.06.12,1180.0,57,35.1,34.9,36.6,35,0,206.29440000000002
14.06.12,1190.0,61,34.6,34.5,36.5,34.6,0,223.38
14.06.12,1200.0,49,34,33.9,36.5,34.1,0,177.9204
14.06.12,1210.0,36,32.9,33.1,36.4,33.3,0,126.5664
14.06.12,1220.0,20,32.2,32.5,36.2,32.8,0,66.56850000000001
14.06.12,1230.0,8,31.6,32.2,36.1,32.5,72,20.135099999999998
14.06.12,1240.0,1,31.1,31.9,36.1,32.2,1305,2.1064
14.06.12,1250.0,0,30.8,31.5,36.1,31.9,1365,1.9508
14.06.12,1260.0,0,30.6,31.4,36.1,31.7,1713,1.8996000000000002
14.06.12,1270.0,0,30.3,31.2,36.1,31.5,1815,2.366
14.06.12,1280.0,0,29.9,30.9,36.1,31.3,1956,2.3585000000000003
14.06.12,1290.0,0,29.5,30.5,36.1,31,2049,2.3515
14.06.12,1300.0,0,29.1,30.1,36,30.5,2058,2.3480000000000003
14.06.12,1310.0,0,28.8,29.8,35.9,30.2,2043,2.3445
14.06.12,1320.0,0,28.5,29.6,35.8,29.9,2049,2.341
14.06.12,1330.0,0,28.2,29.3,35.7,29.6,2061,2.337
14.06.12,1340.0,0,28,29.1,35.6,29.5,2034,2.3345
14.06.12,1350.0,0,27.9,29,35.4,29.3,1959,2.3335000000000004
14.06.12,1360.0,0,27.7,28.8,35.3,29.1,1947,2.3305000000000002
14.06.12,1370.0,0,27.6,28.7,35.2,29,1962,2.3265000000000002
14.06.12,1380.0,0,27.5,28.4,35,28.8,1950,2.3235
14.06.12,1390.0,0,27.3,28.4,34.9,28.8,1929,2.321
14.06.12,1400.0,0,27.2,28.3,35,28.7,1914,2.318
14.06.12,1410.0,0,27.1,28.1,34.8,28.4,1920,2.7779999999999996
14.06.12,1420.0,0,27,28,34.6,28.3,1893,2.3120000000000003
14.06.12,1430.0,0,26.8,27.9,34.6,28.2,1887,2.309
14.06.12,1440.0,0,26.7,27.9,34.5,28.2,1872,2.306
15.06.12,10.0,0,26.6,27.7,34.4,28,1878,2.3024999999999998
15.06.12,20.0,0,26.5,27.7,34.4,28,1854,2.2995
15.06.12,30.0,0,26.4,27.6,34.5,28,1830,2.297
15.06.12,40.0,0,26.4,27.6,34.3,27.9,1833,2.2935
15.06.12,50.0,0,26.4,27.5,34.1,27.8,1836,2.2895
15.06.12,60.0,0,26.3,27.4,34.1,27.7,1740,2.2885000000000004
15.06.12,70.0,0,26.2,27.4,33.9,27.7,1704,2.2864999999999998
15.06.12,80.0,0,26.2,27.3,33.7,27.6,1674,2.2835
15.06.12,90.0,0,26.3,27.3,33.6,27.6,1602,1.8256000000000001
15.06.12,100.0,0,26.2,27.1,33.6,27.5,1587,1.8228
15.06.12,110.0,0,26.1,27.1,33.5,27.4,1590,1.8192
15.06.12,120.0,0,26.1,27,33.4,27.4,1602,1.8152000000000001
15.06.12,130.0,0,26,26.9,33.3,27.3,1578,1.8119999999999998
15.06.12,140.0,0,25.9,26.9,33.2,27.2,1587,1.8075999999999999
15.06.12,150.0,0,25.8,26.7,33,27.1,1683,1.8
15.06.12,160.0,0,25.7,26.7,32.9,27.1,1674,1.7952000000000001
15.06.12,170.0,0,25.7,26.7,32.8,27,1725,1.7880000000000003
15.06.12,180.0,0,25.7,26.6,32.8,26.9,1704,2.2285
15.06.12,190.0,0,25.6,26.6,32.7,26.9,1665,2.222
15.06.12,200.0,0,25.6,26.5,32.6,26.9,1509,2.22
15.06.12,210.0,0,25.5,26.5,32.6,26.9,1581,2.209
15.06.12,220.0,0,25.5,26.5,32.5,26.8,1569,1.76
15.06.12,230.0,0,25.5,26.5,32.4,26.8,1569,1.7512
15.06.12,240.0,0,25.4,26.4,32.4,26.8,1548,2.1780000000000004
15.06.12,250.0,0,25.3,26.3,32.3,26.7,1566,1.7312
15.06.12,260.0,0,25.3,26.3,32.2,26.7,0,1.3608
15.06.12,270.0,0,25.3,26.3,32.2,26.7,0,1.371
15.06.12,280.0,0,25.2,26.2,32.1,26.6,0,1.3758
15.06.12,290.0,0,25.1,26.2,32,26.6,0,1.3791
15.06.12,300.0,0,25,26.1,31.9,26.5,0,1.3818
15.06.12,310.0,0,24.9,25.9,31.8,26.2,0,1.3839000000000001
15.06.12,320.0,0,24.8,25.8,31.7,26.1,0,1.3854
15.06.12,330.0,0,24.7,25.7,31.6,26,0,1.3865999999999998
15.06.12,340.0,0,24.7,25.6,31.5,26,0,1.3878
15.06.12,350.0,0,24.7,25.6,31.4,25.9,0,1.3886999999999998
15.06.12,360.0,0,24.5,25.5,31.4,25.8,0,1.3896
15.06.12,370.0,0,24.4,25.4,31.2,25.8,0,1.3902
15.06.12,380.0,0,24.4,25.5,31.1,25.8,0,1.3905
15.06.12,390.0,0,24.4,25.4,31,25.8,0,1.3910999999999998
15.06.12,400.0,0,24.5,25.4,31,25.8,0,1.3914
15.06.12,410.0,0,24.6,25.4,31,25.8,0,1.3917
15.06.12,420.0,0,24.6,25.4,30.9,25.8,0,1.392
15.06.12,430.0,0,24.6,25.4,30.8,25.8,0,1.392
15.06.12,440.0,0,24.6,25.4,30.7,25.8,0,1.3922999999999999
15.06.12,450.0,0,24.6,25.4,30.6,25.7,0,1.3922999999999999
15.06.12,460.0,2,24.6,25.4,30.5,25.7,0,3.7144
15.06.12,470.0,10,24.7,25.5,30.5,25.8,0,29.3076
15.06.12,480.0,27,25.1,25.6,30.5,25.8,0,88.97699999999999
15.06.12,490.0,40,25.4,25.7,30.4,25.9,0,135.5904
15.06.12,500.0,45,25.6,25.8,30.4,26,0,153.3675
15.06.12,510.0,41,25.6,25.8,30.3,26,0,140.4176
15.06.12,520.0,53,26,25.9,30.2,26.1,0,186.36100000000002
15.06.12,530.0,94,26.7,26.2,30.2,26.1,0,334.9059
15.06.12,540.0,132,27.9,26.7,30.2,26.4,0,478.15180000000004
15.06.12,550.0,101,27.8,26.5,30.1,26.4,0,359.70799999999997
15.06.12,560.0,84,27.4,26.5,30.1,26.5,0,294.7152
15.06.12,570.0,111,27.6,26.6,30,26.5,0,395.7624
15.06.12,580.0,125,28.2,26.9,30,26.6,0,445.55550000000005
15.06.12,590.0,107,28.2,27,30,26.8,0,382.7496
15.06.12,600.0,118,28.3,27,30,26.9,0,424.4985
15.06.12,610.0,151,29,27.2,30,27,0,544.068
15.06.12,620.0,182,30,27.7,30,27.3,0,662.9088
15.06.12,630.0,203,31,28,30,27.6,0,739.2672
15.06.12,640.0,209,31.2,28.2,30,27.7,0,758.7319
15.06.12,650.0,190,31.1,28.4,30,27.9,0,692.4894
15.06.12,660.0,202,31.2,28.4,30,28,0,734.7472
15.06.12,670.0,223,31.7,28.7,30.1,28.2,0,813.8251
15.06.12,680.0,310,33.4,29.4,30.1,28.6,0,1141.2594000000001
15.06.12,690.0,381,35.3,30.1,30.2,29,1083,1384.1022
15.06.12,700.0,481,37.6,30.8,30.3,29.4,1347,1750.3248
15.06.12,710.0,568,40.6,31.6,30.4,30,1323,2094.019
15.06.12,720.0,715,44.5,33.6,30.5,31,1185,2665.3392
15.06.12,730.0,669,46.9,34.1,30.7,31.2,1134,2498.9748000000004
15.06.12,740.0,738,46.9,34.5,30.8,31.5,1131,2759.8987
15.06.12,750.0,746,47.4,34.5,30.9,31.8,1107,2803.6734
15.06.12,760.0,755,47.7,34.6,31,32.1,1086,2834.5856000000003
15.06.12,770.0,770,47.7,34.8,31.1,32.4,1113,2894.7479
15.06.12,780.0,787,49.2,36.2,31.2,33.2,1113,2975.551
15.06.12,790.0,802,51.2,36.5,31.4,33.5,1101,3024.5652
15.06.12,800.0,824,51.3,36.9,31.5,33.8,1092,3114.8624
15.06.12,810.0,789,50.7,36.6,31.7,33.9,1092,2996.1540000000005
15.06.12,820.0,863,52.6,37.5,31.8,34.3,1080,3273.5766
15.06.12,830.0,736,53.2,38.2,32,35,1077,2786.6844
15.06.12,840.0,572,48.7,37.1,32.1,34.7,1074,2150.532
15.06.12,850.0,663,47.9,36.9,32.3,34.7,1083,2503.7712
15.06.12,860.0,800,52.9,39,32.5,36.3,1086,3049.6552
15.06.12,870.0,743,54.3,39.5,32.6,36.3,1065,2813.2476
15.06.12,880.0,890,55.4,39.3,32.8,36.7,1047,3399.323
15.06.12,890.0,869,57,39.5,33.1,37.3,807,3342.0384
15.06.12,900.0,890,59,39.8,33.4,38.1,810,3421.152
15.06.12,910.0,610,54.7,40,33.4,37.5,807,2330.6160999999997
15.06.12,920.0,568,51.2,38.9,33.5,37.1,795,2165.2001
15.06.12,930.0,796,54,40.6,33.6,37.8,777,3063.1449000000002
15.06.12,940.0,602,55.4,39.9,33.8,37.9,759,2299.395
15.06.12,950.0,397,49.8,38.7,33.9,37.8,90,1512.927
15.06.12,960.0,647,51,39.1,34,38.1,0,2506.3714
15.06.12,970.0,699,55.1,40.2,34.3,39,0,2720.647
15.06.12,980.0,644,55.2,39.9,34.6,39.5,0,2496.1235
15.06.12,990.0,620,55.1,40.4,34.6,39.5,0,2412.8927999999996
15.06.12,1000.0,598,53.9,40.1,34.7,39,0,2325.5199000000002
15.06.12,1010.0,577,51.6,39.9,34.8,38.1,0,2242.737
15.06.12,1020.0,550,52,40.2,35,39.1,0,2141.1016
15.06.12,1030.0,530,51.1,40.1,35.2,38.7,0,2054.7999999999997
15.06.12,1040.0,497,51.2,40.4,35.3,39.5,0,1930.5212999999999
15.06.12,1050.0,470,50.6,40.3,35.5,39.4,0,1831.2539
15.06.12,1060.0,434,50.2,39.7,35.6,40.1,0,1680.672
15.06.12,1070.0,392,50.1,40.1,35.7,40.5,0,1520.9035999999999
15.06.12,1080.0,350,48.6,39.2,35.8,40.2,0,1351.0096
15.06.12,1090.0,318,47.4,39.2,35.9,40.2,0,1225.3758
15.06.12,1100.0,282,46,39.6,35.9,39.3,0,1089.0726
15.06.12,1110.0,246,44.7,38.8,36.1,40,0,942.1412
15.06.12,1120.0,201,43.7,39.1,36.1,39.1,0,768.1534
15.06.12,1130.0,172,42.3,38.8,36.1,39,0,652.7801000000001
15.06.12,1140.0,152,41.5,38.5,36.2,40.7,0,573.6265999999999
15.06.12,1150.0,135,40.6,38.6,36.3,41.1,0,508.41960000000006
15.06.12,1160.0,104,38.5,36.2,36.3,36.9,0,388.6888
15.06.12,1170.0,71,34.9,34.4,36.2,34.5,0,265.0609
15.06.12,1180.0,51,33.4,33.5,36.1,33.6,0,185.8125
15.06.12,1190.0,39,32.4,32.8,35.9,33,0,138.8983
15.06.12,1200.0,32,31.5,31.9,35.7,32.1,0,115.52579999999999
15.06.12,1210.0,26,31,31.7,35.6,32,0,89.2149
15.06.12,1220.0,19,30.7,31.4,35.6,31.7,0,65.46260000000001
15.06.12,1230.0,8,30.2,31.1,35.7,31.4,441,22.8326
15.06.12,1240.0,2,29.7,30.7,35.6,31,1065,1.9116
15.06.12,1250.0,0,29.4,30.5,35.6,30.8,1302,1.9032
15.06.12,1260.0,0,29,30.1,35.5,30.4,1446,1.9716
15.06.12,1270.0,0,28.7,29.6,35.5,30,1563,2.1088
15.06.12,1280.0,0,28.2,29.2,35.5,29.5,1674,2.1448
15.06.12,1290.0,0,27.8,28.7,35.5,29.1,1689,2.1456
15.06.12,1300.0,0,27.4,28.5,35.5,28.8,1701,2.1484
15.06.12,1310.0,0,27.1,28.1,35.3,28.5,1695,2.1516
15.06.12,1320.0,0,26.9,28,35.5,28.3,1782,2.1552000000000002
15.06.12,1330.0,0,26.7,27.9,35.4,28.2,1995,2.1596
15.06.12,1340.0,0,26.6,27.7,35.2,28.1,1944,2.4800000000000004
15.06.12,1350.0,0,26.5,27.5,35,27.8,1758,2.3954999999999997
15.06.12,1360.0,0,26.3,27.5,35,27.8,1740,2.3885
15.06.12,1370.0,0,26.3,27.4,34.9,27.7,1761,2.382
15.06.12,1380.0,0,26.1,27.3,34.8,27.6,1797,2.3755
15.06.12,1390.0,0,26,27.2,34.7,27.5,1824,2.3695
15.06.12,1400.0,0,25.9,27.1,34.6,27.5,1803,2.3655000000000004
15.06.12,1410.0,0,25.8,27,34.4,27.4,1752,2.3640000000000003
15.06.12,1420.0,0,25.7,26.9,34.3,27.3,1740,2.361
15.06.12,1430.0,0,25.6,26.8,34.2,27.2,1743,2.358
15.06.12,1440.0,0,25.5,26.8,34.1,27.1,1683,2.357
16.06.12,10.0,0,25.4,26.7,34,27.1,1644,2.355
16.06.12,20.0,0,25.3,26.7,34,27.1,1632,2.353
16.06.12,30.0,0,25.3,26.6,33.8,27,1593,2.3515
16.06.12,40.0,0,25.3,26.6,33.7,27,1560,2.3495000000000004
16.06.12,50.0,0,25.3,26.6,33.5,27,1512,2.3485
16.06.12,60.0,0,25.3,26.5,33.4,26.9,1482,2.3475
16.06.12,70.0,0,25.3,26.5,33.3,26.9,1401,2.3475
16.06.12,80.0,0,25.3,26.5,33.3,26.9,1389,2.346
16.06.12,90.0,0,25.3,26.5,33.1,26.9,1362,1.8756000000000002
16.06.12,100.0,0,25.3,26.4,33,26.8,1272,1.8763999999999998
16.06.12,110.0,0,25.2,26.4,32.9,26.8,1266,1.8748
16.06.12,120.0,0,25.1,26.3,32.9,26.7,1263,1.8732
16.06.12,130.0,0,25,26.2,32.8,26.6,1266,1.8712
16.06.12,140.0,0,24.9,26.1,32.6,26.6,1254,1.87
16.06.12,150.0,0,24.8,26.1,32.5,26.5,1308,1.8672
16.06.12,160.0,0,24.7,26,32.4,26.4,1299,1.8652000000000002
16.06.12,170.0,0,24.7,25.9,32.3,26.4,1152,1.8676
16.06.12,180.0,0,24.7,25.9,32.2,26.3,1245,1.8636000000000001
16.06.12,190.0,0,24.6,25.8,32.1,26.3,1227,1.8619999999999999
16.06.12,200.0,0,24.5,25.7,32,26.2,1224,1.8604
16.06.12,210.0,0,24.5,25.7,31.8,26.2,1218,1.8588
16.06.12,220.0,0,24.5,25.7,31.8,26.1,1218,1.8572
16.06.12,230.0,0,24.5,25.6,31.7,26.1,1218,1.8552000000000002
16.06.12,240.0,0,24.4,25.6,31.7,26.1,1218,1.8536000000000001
16.06.12,250.0,0,24.4,25.7,31.6,26.1,1224,1.8516
16.06.12,260.0,0,24.4,25.6,31.5,26.1,1224,1.8496000000000001
16.06.12,270.0,0,24.3,25.6,31.5,26,1224,1.8472
16.06.12,280.0,0,24.2,25.5,31.4,26,1212,1.8456000000000001
16.06.12,290.0,0,24.1,25.5,31.4,26,1203,1.844
16.06.12,300.0,0,24.1,25.5,31.3,25.9,1209,1.8416
16.06.12,310.0,0,24,25.4,31.2,25.9,1215,1.8392
16.06.12,320.0,0,23.9,25.4,31.1,25.8,1206,1.8372
16.06.12,330.0,0,23.9,25.3,31.1,25.8,1206,1.8344
16.06.12,340.0,0,23.8,25.3,31,25.7,1197,1.8324
16.06.12,350.0,0,23.7,25.3,31,25.7,1191,1.8304
16.06.12,360.0,0,23.7,25.2,30.9,25.6,1182,1.8276
16.06.12,370.0,0,23.7,25.2,30.8,25.6,1188,1.8252000000000002
16.06.12,380.0,0,23.7,25.1,30.7,25.6,1191,1.8224
16.06.12,390.0,0,23.7,25.1,30.6,25.5,1176,1.82
16.06.12,400.0,0,23.6,25.1,30.6,25.5,1185,1.8168000000000002
16.06.12,410.0,0,23.6,25.1,30.5,25.5,1050,1.8184
16.06.12,420.0,0,23.6,25.1,30.4,25.5,972,1.3640999999999999
16.06.12,430.0,0,23.5,25,30.4,25.5,930,1.3635
16.06.12,440.0,0,23.4,25,30.4,25.4,876,1.3632
16.06.12,450.0,0,23.4,24.9,30.4,25.4,837,1.3626
16.06.12,460.0,2,23.3,24.9,30.4,25.4,783,1.8172
16.06.12,470.0,6,23.3,24.9,30.3,25.4,735,16.3584
16.06.12,480.0,16,23.6,25,30.2,25.4,723,49.5187
16.06.12,490.0,31,23.9,25,30.2,25.4,711,100.92120000000001
16.06.12,500.0,51,24.4,25.2,30.1,25.4,690,168.8421
16.06.12,510.0,62,25.1,25.5,30,25.6,582,210.9492
16.06.12,520.0,67,25.5,25.6,29.9,25.7,822,223.82199999999997
16.06.12,530.0,71,25.7,25.7,29.8,25.8,1050,237.88779999999997
16.06.12,540.0,96,26.2,25.9,29.8,25.8,879,325.0161
16.06.12,550.0,163,27.5,26.5,29.7,26.1,981,561.6383999999999
16.06.12,560.0,239,29.8,27.6,29.8,26.5,966,839.6972999999999
16.06.12,570.0,278,31.7,28.4,29.8,26.9,990,984.5489999999999
16.06.12,580.0,290,32.4,28.6,29.8,26.9,984,1033.225
16.06.12,590.0,308,32.7,28.7,29.8,27.3,999,1106.0181
16.06.12,600.0,332,33.3,29.2,29.8,27.6,999,1198.0696
16.06.12,610.0,357,34.1,29.6,29.9,28,996,1301.0790000000002
16.06.12,620.0,385,35.1,30.1,30,28.3,990,1412.5259999999998
16.06.12,630.0,412,36.1,30.5,30,28.6,990,1510.8152
16.06.12,640.0,438,37,31.1,30.1,28.9,984,1609.816
16.06.12,650.0,462,38.3,31.6,30.1,29.3,975,1698.0348
16.06.12,660.0,491,39.2,32.1,30.2,29.6,978,1807.3272000000002
16.06.12,670.0,519,40.8,32.8,30.3,30.1,969,1922.9300999999998
16.06.12,680.0,547,41.8,33.1,30.4,30.4,999,2023.0937999999999
16.06.12,690.0,573,42.5,33.6,30.6,30.7,1065,2123.7466999999997
16.06.12,700.0,605,43.5,33.9,30.7,31.1,1092,2252.7414
16.06.12,710.0,629,44.3,34.5,30.9,31.6,1086,2340.0476
16.06.12,720.0,653,45.5,34.9,31,31.7,1071,2442.4766
16.06.12,730.0,677,46.6,35.5,31.2,32.4,1029,2536.73
16.06.12,740.0,698,47.2,35.9,31.4,32.9,1029,2615.6812000000004
16.06.12,750.0,718,48.3,36.5,31.5,33.2,1035,2703.3888
16.06.12,760.0,735,48.8,36.7,31.7,33.5,1047,2765.7738
16.06.12,770.0,753,49.7,37,31.9,33.6,1032,2837.4181
16.06.12,780.0,766,51,37.3,32,33.9,1029,2897.9832
16.06.12,790.0,776,51.2,37.7,32.1,34.4,1014,2931.27
16.06.12,800.0,779,51.9,37.6,32.3,34.7,1020,2956.0104
16.06.12,810.0,785,51.6,37.6,32.4,34.9,996,2975.0220000000004
16.06.12,820.0,788,51.7,37.9,32.6,35.1,996,2990.8908
16.06.12,830.0,792,52.7,38.6,32.8,35.2,990,3014.8182
16.06.12,840.0,795,52.1,38.6,33,35.8,996,3023.6462
16.06.12,850.0,795,52.5,38.9,33.3,35.9,1020,3030.1753999999996
16.06.12,860.0,792,53.6,39.1,33.3,36,1020,3025.8396
16.06.12,870.0,787,53.3,39.6,33.6,36.5,1017,2998.5261
16.06.12,880.0,780,53.1,39.5,33.7,36.3,921,2989.1818
16.06.12,890.0,771,52.9,39.7,34,36.5,882,2949.3198
16.06.12,900.0,762,53,39.7,34.1,36.7,1029,2911.7583000000004
16.06.12,910.0,750,52.1,40.1,34.3,37.2,1062,2873.7617999999998
16.06.12,920.0,735,52.6,40.5,34.6,37.3,954,2813.2596
16.06.12,930.0,717,52.5,40.1,34.7,37.6,1041,2741.1021
16.06.12,940.0,700,52.6,40.8,34.8,37.9,1014,2683.0912
16.06.12,950.0,684,53.2,40.4,34.9,38,555,2630.0105999999996
16.06.12,960.0,664,52.7,40.9,35.2,37.9,0,2585.8650000000002
16.06.12,970.0,643,51.8,40.5,35.4,38.1,0,2500.3544
16.06.12,980.0,617,50.5,40.3,35.5,37.9,0,2401.96
16.06.12,990.0,594,49.9,40.4,35.7,38.1,0,2319.9456
16.06.12,1000.0,550,49.7,40.6,35.8,38.3,0,2137.7475
16.06.12,1010.0,544,48.8,40.5,36,38.3,0,2120.1515999999997
16.06.12,1020.0,519,47.8,40,36.2,38.2,0,2028.3424
16.06.12,1030.0,502,46.1,39.5,36.3,37.9,0,1958.52
16.06.12,1040.0,436,45.7,39.3,36.4,37.9,0,1700.8607
16.06.12,1050.0,329,42.9,38.5,36.5,37.3,0,1273.2306
16.06.12,1060.0,235,40.4,37.6,36.4,36.9,0,902.4960000000001
16.06.12,1070.0,247,40,37.5,36.4,36.7,0,950.5128
16.06.12,1080.0,311,41.2,37.7,36.5,36.8,0,1201.0108
16.06.12,1090.0,302,41.3,37.9,36.6,37.1,0,1169.0449999999998
16.06.12,1100.0,273,41.3,38,36.6,37,0,1057.1178
16.06.12,1110.0,258,40.8,37.6,36.6,36.7,0,995.3675999999999
16.06.12,1120.0,225,39.5,36.9,36.6,36.2,0,867.3267000000001
16.06.12,1130.0,194,37.9,36.2,36.6,35.6,0,743.5419999999999
16.06.12,1140.0,197,37.9,36.2,36.5,35.5,0,753.909
16.06.12,1150.0,182,37.3,35.6,36.5,35.1,0,697.4504999999999
16.06.12,1160.0,171,36.7,35.2,36.5,34.8,0,652.3629
16.06.12,1170.0,139,36,34.8,36.4,34.6,0,525.7763
16.06.12,1180.0,107,35.1,34.3,36.3,34.2,0,401.68
16.06.12,1190.0,75,34.1,33.7,36.3,33.7,0,279.3882
16.06.12,1200.0,53,33.3,33.4,36.3,33.5,0,193.1464
16.06.12,1210.0,33,32.5,33,36.3,33.2,0,117.0088
16.06.12,1220.0,19,31.9,32.6,36.3,32.9,0,61.775000000000006
16.06.12,1230.0,6,31.3,32.2,36.3,32.5,0,16.2558
16.06.12,1240.0,1,30.8,31.7,36.2,32.1,924,1.9280000000000002
16.06.12,1250.0,0,30.4,31.4,36.1,31.9,1452,1.4285999999999999
16.06.12,1260.0,0,30.1,31,36,31.5,1701,1.896
16.06.12,1270.0,0,29.8,30.8,36,31.2,1848,1.8892
16.06.12,1280.0,0,29.5,30.5,35.9,30.9,1806,2.3825
16.06.12,1290.0,0,29.3,30.3,35.9,30.7,1875,2.0636
16.06.12,1300.0,0,29,30,35.9,30.4,2058,2.0928
16.06.12,1310.0,0,28.7,29.8,35.8,30.2,2025,2.1324
16.06.12,1320.0,0,28.5,29.6,35.5,30,2019,2.1564
16.06.12,1330.0,0,28.3,29.3,35.7,29.8,2052,2.1580000000000004
16.06.12,1340.0,0,28.1,29.2,35.7,29.5,2016,2.1612
16.06.12,1350.0,0,27.9,28.9,35.7,29.3,2013,2.1648
16.06.12,1360.0,0,27.8,28.8,35.6,29.1,2124,2.1684
16.06.12,1370.0,0,27.6,28.6,35.5,29,2193,2.1712000000000002
16.06.12,1380.0,0,27.5,28.5,35.4,28.9,1872,2.4615
16.06.12,1390.0,0,27.4,28.4,35.1,28.8,2133,2.3885
16.06.12,1400.0,0,27.3,28.3,34.9,28.8,2085,2.382
16.06.12,1410.0,0,27.2,28.2,34.8,28.6,2067,2.3760000000000003
16.06.12,1420.0,0,27.2,28.2,34.6,28.6,2049,2.3705
16.06.12,1430.0,0,27.2,28.1,34.4,28.5,2082,2.3640000000000003
16.06.12,1440.0,0,27.1,28.1,34.1,28.5,2073,2.359
17.06.12,10.0,0,27.1,28,34.1,28.4,1956,2.3585000000000003
17.06.12,20.0,0,27,27.8,33.9,28.2,1974,2.354
17.06.12,30.0,0,26.9,27.8,33.8,28.2,1926,1.8816
17.06.12,40.0,0,26.7,27.7,33.7,28.2,1854,1.8808000000000002
17.06.12,50.0,0,26.6,27.6,33.7,28.1,1821,1.8788
17.06.12,60.0,0,26.5,27.5,33.4,28,1794,1.8772
17.06.12,70.0,0,26.7,27.6,33.1,28,1773,1.8752000000000002
17.06.12,80.0,0,26.8,27.6,33.1,28,1728,1.8736000000000002
17.06.12,90.0,0,26.8,27.6,32.9,28,1749,1.8708000000000002
17.06.12,100.0,0,26.9,27.7,32.9,28.1,1740,1.8688
17.06.12,110.0,0,26.9,27.6,32.7,28.1,1686,1.868
17.06.12,120.0,0,26.9,27.6,32.7,28,1599,1.868
17.06.12,130.0,0,26.8,27.5,32.6,27.9,1551,1.8668
17.06.12,140.0,0,26.8,27.5,32.5,27.9,1536,1.8652000000000002
17.06.12,150.0,0,26.7,27.4,32.4,27.8,1521,1.8636000000000001
17.06.12,160.0,0,26.6,27.4,32.3,27.8,1545,1.8608000000000002
17.06.12,170.0,0,26.6,27.3,32.1,27.7,1521,1.8592
17.06.12,180.0,0,26.6,27.3,32,27.7,1512,1.8572
17.06.12,190.0,0,26.5,27.2,31.9,27.7,1512,1.8552000000000002
17.06.12,200.0,0,26.6,27.2,31.7,27.6,1470,1.854
17.06.12,210.0,0,26.6,27.3,31.6,27.7,1464,1.8519999999999999
17.06.12,220.0,0,26.7,27.3,31.6,27.7,1464,1.8496000000000001
17.06.12,230.0,0,26.7,27.3,31.6,27.8,1461,1.8476
17.06.12,240.0,0,26.6,27.3,31.7,27.7,1458,1.8456000000000001
17.06.12,250.0,0,26.5,27.2,31.7,27.7,1455,1.8432
17.06.12,260.0,0,26.4,27.2,31.6,27.7,1455,1.8412000000000002
17.06.12,270.0,0,26.3,27.2,31.7,27.7,1455,1.8384
17.06.12,280.0,0,26.3,27.2,31.6,27.7,1455,1.836
17.06.12,290.0,0,26.2,27.1,31.6,27.6,1455,1.8336000000000001
17.06.12,300.0,0,26.1,27.1,31.6,27.6,1491,1.83
17.06.12,310.0,0,26.1,27.1,31.5,27.6,1533,1.826
17.06.12,320.0,0,26.2,27.1,31.5,27.6,1386,1.8272
17.06.12,330.0,0,26.2,27.1,31.4,27.6,1491,1.8212000000000002
17.06.12,340.0,0,26.1,27.1,31.4,27.5,1476,1.8184
17.06.12,350.0,0,26.1,27,31.3,27.5,1458,1.8156
17.06.12,360.0,0,26.2,27.1,31.2,27.5,1449,1.8124000000000002
17.06.12,370.0,0,26.3,27.1,31.2,27.5,1428,1.8096
17.06.12,380.0,0,26.3,27.1,31.2,27.5,1443,1.806
17.06.12,390.0,0,26.2,27.1,31.1,27.5,1425,1.8024000000000002
17.06.12,400.0,0,26.1,27.1,31.1,27.5,1416,1.7992
17.06.12,410.0,0,25.9,27,31.1,27.5,1287,1.3497
17.06.12,420.0,0,25.8,27,31.1,27.5,1272,1.3476
17.06.12,430.0,0,25.9,27,31,27.5,1242,1.3460999999999999
17.06.12,440.0,0,25.9,27,31,27.5,1146,1.3460999999999999
17.06.12,450.0,0,25.8,26.9,30.9,27.4,1107,1.3452
17.06.12,460.0,2,25.8,26.9,30.9,27.4,1038,3.5872
17.06.12,470.0,9,25.9,26.9,30.8,27.4,1005,24.202800000000003
17.06.12,480.0,20,26.1,27,30.8,27.4,1014,64.9455
17.06.12,490.0,29,26.7,27.2,30.8,27.5,969,94.5491
17.06.12,500.0,42,27.1,27.3,30.8,27.5,1002,140.57780000000002
17.06.12,510.0,58,27.5,27.5,30.6,27.6,1017,194.6625
17.06.12,520.0,77,27.9,27.6,30.5,27.6,1011,260.17179999999996
17.06.12,530.0,84,28.4,27.9,30.6,27.7,1005,285.1849
17.06.12,540.0,84,28.8,28,30.5,27.9,1035,282.4408
17.06.12,550.0,98,29.1,28.2,30.5,28,972,331.6716
17.06.12,560.0,116,29.6,28.4,30.5,28.2,921,398.53440000000006
17.06.12,570.0,160,30.4,28.8,30.4,28.4,957,552.7227999999999
17.06.12,580.0,171,31,29,30.4,28.5,942,590.417
17.06.12,590.0,187,31.5,29.2,30.4,28.6,933,649.0929
17.06.12,600.0,232,32.4,29.7,30.5,29,936,813.3759999999999
17.06.12,610.0,253,32.9,29.9,30.5,29,1002,890.7573
17.06.12,620.0,261,33.2,30.1,30.5,29.2,1086,910.1221999999999
17.06.12,630.0,294,34.2,30.5,30.6,29.4,1155,1031.0328
17.06.12,640.0,296,34.3,30.7,30.6,29.5,867,1054.307
17.06.12,650.0,341,35.3,31,30.6,29.7,810,1247.3500000000001
17.06.12,660.0,356,36.1,31.3,30.7,29.9,810,1303.2162
17.06.12,670.0,413,37.5,31.9,30.7,30.2,882,1524.8116
17.06.12,680.0,467,38.1,32.2,30.8,30.4,1044,1717.3059999999998
17.06.12,690.0,481,39,32.6,30.9,30.6,1044,1777.9994000000002
17.06.12,700.0,526,39.8,32.9,31,30.9,1050,1941.3132
17.06.12,710.0,565,40.8,33.2,31.1,31.1,1020,2099.8668
17.06.12,720.0,584,41.9,33.7,31.2,31.4,1029,2176.5888
17.06.12,730.0,600,42.5,34,31.3,31.6,939,2236.0356
17.06.12,740.0,628,43.1,34.2,31.4,31.7,918,2345.9252
17.06.12,750.0,651,43.9,34.6,31.6,32.2,1104,2438.1976
17.06.12,760.0,669,44.1,35,31.7,32.3,996,2507.7
17.06.12,770.0,684,44.5,34.9,31.8,32.4,1053,2575.2942
17.06.12,780.0,703,45.2,35.3,31.9,32.6,1056,2643.2493999999997
17.06.12,790.0,717,45.5,35.5,32.1,32.7,1086,2700.5724
17.06.12,800.0,728,46.2,35.8,32.2,32.9,1161,2750.7942000000003
17.06.12,810.0,737,45.8,35.6,32.3,33.1,1092,2788.2385999999997
17.06.12,820.0,740,46.1,36,32.5,33.2,1029,2803.9922
17.06.12,830.0,750,46.5,36,32.6,33.4,1017,2861.7556
17.06.12,840.0,751,46.6,36.2,32.8,33.6,1008,2860.8528
17.06.12,850.0,748,46.5,36.5,33,34.1,1011,2858.944
17.06.12,860.0,752,46.9,36.6,33.1,34,1005,2870.0136
17.06.12,870.0,733,46.9,36.9,33.2,34.3,1011,2795.4276
17.06.12,880.0,752,48.2,37.5,33.4,34.6,1020,2882.424
17.06.12,890.0,744,47.8,37.4,33.5,34.6,1020,2843.2274
17.06.12,900.0,734,47.9,37.5,33.6,34.7,1017,2810.6081999999997
17.06.12,910.0,722,48,37.5,33.9,35.2,1002,2773.442
17.06.12,920.0,716,47.6,37.7,34,35.1,1032,2764.1248
17.06.12,930.0,695,46.7,37.6,34.2,35.6,1017,2688.7305
17.06.12,940.0,679,47.1,37.9,34.3,35.5,1029,2619.7759
17.06.12,950.0,657,46.9,38,34.4,35.7,1026,2534.4028000000003
17.06.12,960.0,642,47.2,38.1,34.5,35.9,744,2490.972
17.06.12,970.0,626,46.3,37.7,34.6,35.6,0,2457.7281
17.06.12,980.0,606,46,37.8,34.7,35.6,0,2378.3759999999997
17.06.12,990.0,588,45.7,37.4,34.8,35.9,0,2316.726
17.06.12,1000.0,555,45.3,37.7,34.9,35.8,0,2180.2571
17.06.12,1010.0,540,44.7,37.4,35.1,36,0,2130.196
17.06.12,1020.0,504,43.7,37.1,35.1,35.8,0,1981.4356000000002
17.06.12,1030.0,474,43.3,37.3,35.2,36,0,1860.6358000000002
17.06.12,1040.0,441,42.6,36.7,35.3,35.9,0,1735.6256
17.06.12,1050.0,411,41.6,36.5,35.4,35.6,0,1613.0718
17.06.12,1060.0,375,40.9,36.2,35.4,35.4,0,1472.7356
17.06.12,1070.0,334,40.5,36.2,35.4,35.4,0,1310.6757
17.06.12,1080.0,316,39.7,35.9,35.5,35.2,0,1233.5472
17.06.12,1090.0,287,39.1,35.6,35.5,35.2,0,1122.9192
17.06.12,1100.0,259,38.3,35.3,35.5,34.9,0,1008.4175999999999
17.06.12,1110.0,231,37.6,35.2,35.5,34.8,0,897.8283
17.06.12,1120.0,201,36.9,34.8,35.6,34.5,0,783.3132
17.06.12,1130.0,176,36.1,34.2,35.5,34,0,678.776
17.06.12,1140.0,152,35.3,33.8,35.5,33.7,0,583.7732000000001
17.06.12,1150.0,128,34.6,33.6,35.4,33.4,0,493.024
17.06.12,1160.0,108,33.9,33.2,35.4,33.2,0,407.0518
17.06.12,1170.0,89,33.3,33,35.3,33,0,336.8907
17.06.12,1180.0,73,32.8,32.7,35.2,32.8,0,272.52239999999995
17.06.12,1190.0,57,32.1,32.1,35.1,32.3,0,212.8032
17.06.12,1200.0,42,31.5,31.7,35.1,32,0,155.8055
17.06.12,1210.0,29,30.8,31.2,35,31.5,0,102.98400000000001
17.06.12,1220.0,17,30.3,31,35,31.3,0,57.248099999999994
17.06.12,1230.0,7,29.9,30.7,34.9,31.1,0,18.5516
17.06.12,1240.0,1,29.4,30.3,34.8,30.7,1062,1.9096000000000002
17.06.12,1250.0,0,29,30,34.7,30.4,1560,1.8888
17.06.12,1260.0,0,28.7,29.8,34.6,30.2,1800,1.8796000000000002
17.06.12,1270.0,0,28.6,29.6,34.5,30.1,1977,2.34
17.06.12,1280.0,0,28.4,29.4,34.3,29.8,2073,2.3329999999999997
17.06.12,1290.0,0,28.3,29.3,34.2,29.7,2139,2.3265000000000002
17.06.12,1300.0,0,28.1,29.1,34.1,29.5,2199,2.3875
17.06.12,1310.0,0,27.8,28.9,34.1,29.4,2184,2.0324
17.06.12,1320.0,0,27.6,28.7,33.9,29.2,2169,2.0488
17.06.12,1330.0,0,27.5,28.6,33.9,29.1,2139,2.062
17.06.12,1340.0,0,27.4,28.4,33.8,28.9,2118,2.0736000000000003
17.06.12,1350.0,0,27.3,28.3,33.8,28.8,1989,2.0836
17.06.12,1360.0,0,27.2,28.2,33.6,28.7,1854,2.0916
17.06.12,1370.0,0,27.1,28.1,33.7,28.6,1857,2.0991999999999997
17.06.12,1380.0,0,27,28,33.6,28.5,1839,2.106
17.06.12,1390.0,0,26.8,27.9,33.5,28.4,1830,2.1136000000000004
17.06.12,1400.0,0,26.7,27.9,33.7,28.3,1824,2.1216
17.06.12,1410.0,0,26.7,27.8,33.6,28.2,1809,2.13
17.06.12,1420.0,0,26.6,27.6,33.4,28.1,1707,2.5465
17.06.12,1430.0,0,26.5,27.6,33.3,28.1,1770,2.3890000000000002
17.06.12,1440.0,0,26.4,27.5,33.3,28,1764,2.3795
18.06.12,10.0,0,26.3,27.4,33.2,28,1743,2.374
18.06.12,20.0,0,26.2,27.4,33.2,27.9,1677,2.371
18.06.12,30.0,0,26.1,27.3,33.1,27.8,1620,2.369
18.06.12,40.0,0,26,27.2,33,27.8,1746,2.3615
18.06.12,50.0,0,25.9,27.2,33,27.7,1743,2.3575
18.06.12,60.0,0,25.8,27.1,33,27.7,1704,2.355
18.06.12,70.0,0,25.9,27.1,32.9,27.7,1689,2.352
18.06.12,80.0,0,25.8,27.1,32.9,27.6,1683,2.3489999999999998
18.06.12,90.0,0,25.7,27,32.8,27.5,1629,2.3475
18.06.12,100.0,0,25.5,26.9,32.7,27.4,1590,2.3455
18.06.12,110.0,0,25.4,26.7,32.5,27.3,1536,2.3445
18.06.12,120.0,0,25.3,26.7,32.4,27.3,1494,1.8748
18.06.12,130.0,0,25.3,26.6,32.4,27.2,1485,1.8728
18.06.12,140.0,0,25.3,26.6,32.3,27.2,1494,1.8708000000000002
18.06.12,150.0,0,25.2,26.5,32.2,27.1,1530,1.8676
18.06.12,160.0,0,25.1,26.5,32.2,27.1,1554,1.8648
18.06.12,170.0,0,25,26.4,32.1,27,1482,1.8644
18.06.12,180.0,0,25,26.4,32,26.9,1476,1.8624
18.06.12,190.0,0,24.9,26.3,31.9,26.9,1473,1.8604
18.06.12,200.0,0,25,26.3,31.8,26.9,1473,1.8584
18.06.12,210.0,0,24.9,26.3,31.7,26.8,1470,1.8563999999999998
18.06.12,220.0,0,24.8,26.2,31.6,26.8,1467,1.8544
18.06.12,230.0,0,24.8,26.2,31.6,26.7,1467,1.8524
18.06.12,240.0,0,24.7,26.1,31.5,26.7,1464,1.85
18.06.12,250.0,0,24.7,26,31.4,26.6,1461,1.8476
18.06.12,260.0,0,24.7,26,31.3,26.6,1464,1.8452000000000002
18.06.12,270.0,0,24.6,26,31.3,26.6,1458,1.8432
18.06.12,280.0,0,24.6,26,31.2,26.6,1458,1.8408000000000002
18.06.12,290.0,0,24.7,26,31,26.5,1455,1.8384
18.06.12,300.0,0,24.7,26,31,26.5,1458,1.8356000000000001
18.06.12,310.0,0,24.7,25.9,30.9,26.5,1458,1.8328
18.06.12,320.0,0,24.7,25.9,30.9,26.5,1461,1.83
18.06.12,330.0,0,24.7,26,30.8,26.5,1455,1.8272
18.06.12,340.0,0,24.8,26,30.6,26.6,1476,1.8236
18.06.12,350.0,0,24.8,26,30.5,26.6,1524,1.8188
18.06.12,360.0,0,24.9,26,30.4,26.5,1353,1.8204
18.06.12,370.0,0,24.8,25.9,30.3,26.5,1455,1.8144
18.06.12,380.0,0,24.7,25.9,30.2,26.4,1479,1.8096
18.06.12,390.0,0,24.7,25.8,30.2,26.4,1344,1.81
18.06.12,400.0,0,24.6,25.8,30.1,26.4,1179,1.8119999999999998
18.06.12,410.0,0,24.6,25.8,30,26.4,1056,1.8136
18.06.12,420.0,0,24.6,25.8,30.1,26.4,993,1.3598999999999999
18.06.12,430.0,0,24.6,25.8,29.9,26.4,966,1.3587
18.06.12,440.0,0,24.7,25.8,29.9,26.3,909,1.3584
18.06.12,450.0,0,24.7,25.8,29.8,26.3,840,1.3587
18.06.12,460.0,2,24.8,25.8,29.8,26.3,789,4.9808
18.06.12,470.0,12,24.9,25.8,29.8,26.4,771,37.5824
18.06.12,480.0,19,25.1,25.9,29.7,26.4,762,59.303700000000006
18.06.12,490.0,28,25.3,26,29.8,26.4,756,90.5
18.06.12,500.0,40,25.6,26.1,29.8,26.5,723,134.5113
18.06.12,510.0,57,26,26.3,29.6,26.6,735,195.2861
18.06.12,520.0,78,26.6,26.6,29.5,26.7,717,266.8344
18.06.12,530.0,97,27.1,26.8,29.5,26.8,723,336.182
18.06.12,540.0,117,27.8,27.2,29.5,27,723,408.6798
18.06.12,550.0,137,28.5,27.5,29.5,27.2,720,481.53600000000006
18.06.12,560.0,161,29.1,27.8,29.5,27.3,741,571.707
18.06.12,570.0,190,29.7,28,29.5,27.5,735,679.172
18.06.12,580.0,219,30.5,28.5,29.5,27.8,732,793.5974000000001
18.06.12,590.0,248,31.4,28.8,29.5,27.9,732,907.452
18.06.12,600.0,273,32.2,29.3,29.6,28.3,732,1013.6257999999999
18.06.12,610.0,312,33.1,29.6,29.6,28.5,729,1166.0204999999999
18.06.12,620.0,308,33.8,29.8,29.7,28.8,741,1143.352
18.06.12,630.0,308,33.8,29.9,29.7,28.8,732,1143.818
18.06.12,640.0,333,34.4,30.2,29.8,29,735,1238.2495999999999
18.06.12,650.0,399,35.3,30.6,29.8,29.2,735,1490.1437
18.06.12,660.0,421,36.5,31.3,29.9,29.7,720,1583.6037000000001
18.06.12,670.0,462,37.2,31.4,30,29.8,747,1739.5344000000002
18.06.12,680.0,453,38.1,31.9,30.1,30.2,744,1701.7396
18.06.12,690.0,453,37.4,31.8,30.2,30.2,741,1702.26
18.06.12,700.0,528,38.7,32.2,30.3,30.3,675,2005.8394999999998
18.06.12,710.0,537,40,32.7,30.4,30.7,609,2041.0236
18.06.12,720.0,517,39.9,32.7,30.5,30.8,708,1962.5259
18.06.12,730.0,591,40.8,33.1,30.6,31.1,762,2255.1265000000003
18.06.12,740.0,605,42.2,33.5,30.8,31.3,708,2316.4192
18.06.12,750.0,628,42.2,33.8,30.9,31.5,831,2400.9775
18.06.12,760.0,616,42.6,34,31.1,32,828,2361.0958
18.06.12,770.0,617,42.4,34.1,31.2,32,810,2370.8724
18.06.12,780.0,742,44.2,34.8,31.4,32.5,849,2861.386
18.06.12,790.0,570,43.5,34.8,31.5,32.4,807,2191.385
18.06.12,800.0,727,44.3,34.8,31.6,32.4,762,2815.0295
18.06.12,810.0,612,44,34.9,31.7,32.6,780,2343.7149999999997
18.06.12,820.0,762,45.1,35,31.9,32.8,804,2966.922
18.06.12,830.0,742,45.7,35.7,32.1,33.1,804,2881.4724
18.06.12,840.0,732,46.5,35.7,32.2,33.2,795,2847.2132
18.06.12,850.0,612,43.5,35.2,32.3,33.2,804,2377.8450000000003
18.06.12,860.0,593,43.7,35.4,32.4,33.1,1005,2283.1589999999997
18.06.12,870.0,519,42.8,35,32.5,33,1038,1990.4655
18.06.12,880.0,709,44.2,35.6,32.6,33.4,1068,2751.1497
18.06.12,890.0,597,44.1,35.5,32.7,33.3,1071,2299.8212
18.06.12,900.0,573,44.2,35.9,32.8,33.7,1068,2217.5177999999996
18.06.12,910.0,691,45.2,36.2,33,34,1056,2691.4081
18.06.12,920.0,562,44.6,36,33.1,33.9,1107,2165.8532
18.06.12,930.0,668,44.2,36,33.2,34.1,1065,2604.1791000000003
18.06.12,940.0,522,43.9,35.9,33.3,34.1,876,2022.5614000000003
18.06.12,950.0,582,43.3,35.8,33.3,34,0,2300.2848000000004
18.06.12,960.0,671,44.7,36.4,33.6,34.5,0,2673.2588
18.06.12,970.0,603,44.3,36.3,33.7,34.2,0,2395.648
18.06.12,980.0,607,44.2,36.1,33.8,34.4,0,2423.3713
18.06.12,990.0,558,44,36.2,33.8,34.4,0,2214.7528
18.06.12,1000.0,519,43.1,36,33.9,34.1,0,2060.2132
18.06.12,1010.0,538,43.1,35.9,34,34.2,0,2146.8104000000003
18.06.12,1020.0,478,42.1,35.6,34.1,34.2,0,1900.3134000000002
18.06.12,1030.0,438,40.9,35.3,34.1,33.9,0,1740.8064
18.06.12,1040.0,404,40.4,35.2,34.2,33.9,525,1587.8512
18.06.12,1050.0,392,40.1,35.2,34.2,33.9,648,1528.1782
18.06.12,1060.0,364,39.8,34.9,34.2,33.8,666,1422.4887
18.06.12,1070.0,354,38.8,34.5,34.3,33.5,651,1383.1056
18.06.12,1080.0,238,37.6,34.3,34.3,33.6,375,924.1023999999999
18.06.12,1090.0,150,35.3,33.7,34.3,33.3,0,581.9506
18.06.12,1100.0,163,34.7,33.3,34.3,33,0,632.247
18.06.12,1110.0,197,35.2,33.3,34.3,33,0,768.7151
18.06.12,1120.0,167,34.8,33,34.3,32.8,0,653.6745000000001
18.06.12,1130.0,153,34.1,32.6,34.3,32.5,0,595.476
18.06.12,1140.0,123,33.3,32.3,34.3,32.3,0,476.85280000000006
18.06.12,1150.0,104,32.6,31.9,34.3,32,0,399.1554
18.06.12,1160.0,96,32.1,31.6,34.3,31.6,0,366.9336
18.06.12,1170.0,84,31.7,31.3,34.3,31.4,0,320.739
18.06.12,1180.0,73,31.2,31.1,34.3,31.3,0,275.169
18.06.12,1190.0,59,30.8,31,34.2,31.1,0,222.66
18.06.12,1200.0,44,30.4,30.8,34.2,31,0,163.3816
18.06.12,1210.0,29,29.9,30.5,34.2,30.8,0,103.85419999999999
18.06.12,1220.0,16,29.4,30.3,34.1,30.6,0,54.98080000000001
18.06.12,1230.0,7,29,30,34,30.5,0,18.1189
18.06.12,1240.0,2,28.7,29.7,33.8,30.3,771,1.9196000000000002
18.06.12,1250.0,0,28.5,29.6,33.9,30.1,1236,1.8996000000000002
18.06.12,1260.0,0,28.3,29.5,33.8,30,1461,1.8908000000000003
18.06.12,1270.0,0,28.2,29.3,33.8,29.8,1689,2.353
18.06.12,1280.0,0,28,29.1,33.9,29.6,1764,2.347
18.06.12,1290.0,0,27.7,28.9,33.8,29.3,1833,2.3415
18.06.12,1300.0,0,27.3,28.4,33.8,28.9,1872,2.3365
18.06.12,1310.0,0,27,28.2,33.7,28.6,1893,2.4375
18.06.12,1320.0,0,26.8,28,33.7,28.4,1935,2.048
18.06.12,1330.0,0,26.5,27.7,33.7,28.1,1905,2.0668
18.06.12,1340.0,0,26.4,27.6,33.7,28,1851,2.084
18.06.12,1350.0,0,26.2,27.4,33.6,27.8,1860,2.1044
18.06.12,1360.0,0,26.1,27.2,33.4,27.7,1848,2.1248
18.06.12,1370.0,0,26,27.1,33.3,27.5,1893,2.1336000000000004
18.06.12,1380.0,0,25.9,27,33.2,27.4,1878,2.1396
18.06.12,1390.0,0,25.8,26.9,33.2,27.4,1890,2.1448
18.06.12,1400.0,0,25.7,26.9,33.2,27.3,1851,2.1496
18.06.12,1410.0,0,25.6,26.8,33.1,27.2,1896,2.1548
18.06.12,1420.0,0,25.5,26.7,33.2,27.2,2094,2.1580000000000004
18.06.12,1430.0,0,25.4,26.7,33.1,27.1,1860,2.4025
18.06.12,1440.0,0,25.4,26.6,33,27,1938,2.3825
19.06.12,10.0,0,25.3,26.5,32.9,27,1980,2.3735
19.06.12,20.0,0,25.3,26.5,32.8,26.9,2019,2.366
19.06.12,30.0,0,25.2,26.5,32.8,26.9,1962,2.3625000000000003
19.06.12,40.0,0,25.1,26.4,32.7,26.8,1890,1.8880000000000001
19.06.12,50.0,0,25.1,26.4,32.6,26.8,1848,2.357
19.06.12,60.0,0,25,26.3,32.5,26.7,1611,2.3605
19.06.12,70.0,0,25,26.3,32.4,26.7,1659,1.8844
19.06.12,80.0,0,25,26.2,32.4,26.6,1860,1.8768
19.06.12,90.0,0,24.9,26.2,32.3,26.6,1851,1.874
19.06.12,100.0,0,24.8,26.1,32.2,26.6,1779,1.8728
19.06.12,110.0,0,24.7,26.1,32.1,26.5,1647,1.8736000000000002
19.06.12,120.0,0,24.7,26,32.1,26.5,1596,1.8724
19.06.12,130.0,0,24.6,26,32.1,26.4,1575,1.8708000000000002
19.06.12,140.0,0,24.5,25.9,32,26.4,1539,1.8696000000000002
19.06.12,150.0,0,24.5,25.8,31.9,26.3,1506,1.8684
19.06.12,160.0,0,24.4,25.8,31.8,26.3,1551,1.8652000000000002
19.06.12,170.0,0,24.3,25.8,31.8,26.2,1539,1.8632
19.06.12,180.0,0,24.3,25.7,31.8,26.2,1518,1.8616
19.06.12,190.0,0,24.5,25.8,31.8,26.2,1497,1.86
19.06.12,200.0,0,24.6,25.8,31.8,26.2,1461,1.8588
19.06.12,210.0,0,24.6,25.8,31.7,26.2,1437,1.8572
19.06.12,220.0,0,24.5,25.7,31.6,26.2,1428,1.8556000000000001
19.06.12,230.0,0,24.3,25.7,31.5,26.2,1425,1.8536000000000001
19.06.12,240.0,0,24.3,25.7,31.4,26.1,1425,1.8512000000000002
19.06.12,250.0,0,24.2,25.6,31.4,26.1,1422,1.8492
19.06.12,260.0,0,24.1,25.5,31.3,26,1410,1.8472
19.06.12,270.0,0,24,25.5,31.2,26,1410,1.8448
19.06.12,280.0,0,24,25.4,31.1,25.9,1407,1.8428
19.06.12,290.0,0,24,25.4,31,25.9,1410,1.8404
19.06.12,300.0,0,24.1,25.4,30.8,25.8,1404,1.8376
19.06.12,310.0,0,24.3,25.4,30.8,25.8,1392,1.8352000000000002
19.06.12,320.0,0,24.3,25.4,30.7,25.9,1395,1.8328
19.06.12,330.0,0,24.2,25.4,30.6,25.8,1389,1.83
19.06.12,340.0,0,24,25.3,30.6,25.8,1386,1.8272
19.06.12,350.0,0,23.8,25.2,30.6,25.7,1380,1.8244
19.06.12,360.0,0,23.6,25.1,30.7,25.6,1383,1.8212000000000002
19.06.12,370.0,0,23.5,25,30.6,25.6,1443,1.8163999999999998
19.06.12,380.0,0,23.5,25,30.5,25.6,1494,1.8112000000000001
19.06.12,390.0,0,23.4,24.9,30.5,25.5,1404,1.81
19.06.12,400.0,0,23.3,24.9,30.5,25.5,1374,1.8072
19.06.12,410.0,0,23.3,25,30.4,25.5,1281,1.8068000000000002
19.06.12,420.0,0,23.4,25,30.4,25.5,1194,1.3547999999999998
19.06.12,430.0,0,23.3,24.9,30.4,25.4,1143,1.3536
19.06.12,440.0,0,23,24.7,30.4,25.4,1086,1.353
19.06.12,450.0,0,22.7,24.5,30.3,25.3,1032,1.3520999999999999
19.06.12,460.0,2,22.3,24.5,30.2,25.1,1053,4.0482
19.06.12,470.0,8,22.3,24.6,30.2,25.1,1023,23.374000000000002
19.06.12,480.0,18,22.4,24.7,30.2,25.1,981,57.0865
19.06.12,490.0,30,23,24.9,30.2,25.2,957,98.89000000000001
19.06.12,500.0,45,23.8,25.3,30.1,25.4,942,149.2672
19.06.12,510.0,60,24.8,25.5,30.1,25.6,915,205.65
19.06.12,520.0,78,25.6,25.9,30.1,25.8,909,267.0872
19.06.12,530.0,96,26.5,26.3,30,25.9,966,335.3245
19.06.12,540.0,117,27.2,26.6,29.9,26,939,408.96630000000005
19.06.12,550.0,139,28.2,27,29.9,26.3,942,490.8891999999999
19.06.12,560.0,164,29,27.3,29.8,26.5,951,580.5575
19.06.12,570.0,189,29.7,27.7,29.8,26.8,963,671.9388
19.06.12,580.0,215,30.3,27.9,29.8,27.1,963,770.886
19.06.12,590.0,242,31.1,28.3,29.8,27.5,948,869.4807
19.06.12,600.0,273,31.9,28.7,29.8,27.7,960,982.4427000000001
19.06.12,610.0,304,33,29.4,29.7,27.9,954,1113.4494
19.06.12,620.0,335,33.6,29.5,29.7,28,972,1241.73
19.06.12,630.0,364,34.6,29.8,29.8,28.1,969,1361.2654
19.06.12,640.0,395,35.5,30.3,29.8,28.5,978,1472.976
19.06.12,650.0,425,36,30.2,29.9,28.6,1005,1585.3000000000002
19.06.12,660.0,453,36.8,30.7,30,28.9,1014,1694.9712000000002
19.06.12,670.0,482,38,31.3,30,29.2,1020,1802.4405000000004
19.06.12,680.0,510,39.1,31.6,30.1,29.4,1026,1913.5839999999998
19.06.12,690.0,538,39.7,31.8,30.2,29.6,1026,2024.2755999999997
19.06.12,700.0,559,40.5,32.4,30.3,30,1032,2103.8049
19.06.12,710.0,581,41.5,32.8,30.4,30.3,1044,2195.7852
19.06.12,720.0,606,42.9,33.3,30.5,30.5,1029,2286.6454000000003
19.06.12,730.0,629,43.2,33.6,30.7,30.9,1017,2383.8716
19.06.12,740.0,649,43.8,33.8,30.8,30.8,1011,2467.4463
19.06.12,750.0,665,45.2,34.3,30.9,31.2,1020,2525.3829
19.06.12,760.0,679,45.8,34.5,31,31.4,1011,2581.6431000000002
19.06.12,770.0,691,46.6,35,31.2,31.7,1050,2638.9087999999997
19.06.12,780.0,704,46.8,35,31.3,31.9,981,2689.4716
19.06.12,790.0,716,46.1,34.9,31.5,32.1,1032,2745.7137
19.06.12,800.0,725,46.6,35.2,31.6,32.1,981,2778.1377
19.06.12,810.0,730,46.7,35.5,31.8,32.5,789,2808.156
19.06.12,820.0,736,46.9,35.7,31.9,32.6,921,2840.5195
19.06.12,830.0,741,47.3,35.6,32.1,32.9,939,2852.417
19.06.12,840.0,745,47,35.9,32.2,33,939,2874.0469999999996
19.06.12,850.0,748,47,36.1,32.3,33,972,2894
19.06.12,860.0,742,48.6,36.6,32.5,33.2,1194,2856.3304000000003
19.06.12,870.0,738,48.4,36.7,32.7,33.6,1191,2846.1528000000003
19.06.12,880.0,730,48.6,36.9,32.9,33.9,1143,2810.187
19.06.12,890.0,727,48.8,36.9,32.9,34,1065,2805.4221000000002
19.06.12,900.0,716,49,37.1,33.1,34.1,1074,2772.4815000000003
19.06.12,910.0,702,48.7,36.9,33.2,33.9,1071,2711.913
19.06.12,920.0,689,49.3,37.5,33.3,34.3,1074,2663.817
19.06.12,930.0,674,48.3,37.4,33.5,34.5,1080,2608.1863000000003
19.06.12,940.0,659,48.4,37.3,33.5,34.5,1005,2546.1027
19.06.12,950.0,644,48.2,37.8,33.7,34.9,0,2535.6255
19.06.12,960.0,623,48.1,37.9,33.9,35,0,2449.223
19.06.12,970.0,603,48,37.8,34,35.4,0,2372.9433
19.06.12,980.0,580,46.9,37.6,34.2,35.3,0,2287.4921999999997
19.06.12,990.0,557,46.3,37.5,34.3,35.3,0,2192.3718
19.06.12,1000.0,533,45.8,37.6,34.4,35.4,0,2098.7856
19.06.12,1010.0,508,45.6,37.5,34.5,35.4,0,2007.8751000000002
19.06.12,1020.0,481,45.3,37.7,34.6,35.6,0,1891.8627000000001
19.06.12,1030.0,454,44.7,37.5,34.7,35.6,0,1791.0249000000001
19.06.12,1040.0,430,44,37.3,34.8,35.7,804,1664.3160000000003
19.06.12,1050.0,401,43.5,37.5,34.9,35.8,1119,1534.0049999999999
19.06.12,1060.0,371,42.4,37.1,35,35.8,1143,1416.225
19.06.12,1070.0,343,42,37.1,35,35.7,1164,1296.7653
19.06.12,1080.0,313,40.8,36.7,35.1,35.6,1137,1179.9882
19.06.12,1090.0,282,40.2,36.6,35.2,35.7,1083,1062.8331999999998
19.06.12,1100.0,251,39.4,36.5,35.2,35.6,1122,938.8616999999999
19.06.12,1110.0,219,38.6,36,35.2,35.3,1191,817.7
19.06.12,1120.0,189,37.9,35.8,35.2,35.4,540,710.582
19.06.12,1130.0,163,37.1,35.6,35.2,35.1,0,622.1093999999999
19.06.12,1140.0,139,36.5,35.4,35.2,34.9,0,531.8192
19.06.12,1150.0,119,35.4,34.4,35.2,34.3,0,449.73240000000004
19.06.12,1160.0,100,34.6,33.7,35.1,33.8,0,376.3906
19.06.12,1170.0,83,33.6,33.1,35.1,33.2,0,310.53729999999996
19.06.12,1180.0,66,32.9,32.6,35.1,32.8,0,246.8427
19.06.12,1190.0,51,31.9,31.9,35,32.1,0,189.30450000000002
19.06.12,1200.0,38,31.2,31.4,35,31.7,0,136.3868
19.06.12,1210.0,25,30.5,30.9,34.9,31.2,0,89.08900000000001
19.06.12,1220.0,15,29.9,30.5,34.9,30.9,0,49.81680000000001
19.06.12,1230.0,7,29.4,30.1,34.8,30.5,645,18.7512
19.06.12,1240.0,2,28.9,29.8,34.8,30.1,1227,2.8428
19.06.12,1250.0,0,28.5,29.5,34.7,29.8,1440,1.4154
19.06.12,1260.0,0,28.2,29.2,34.6,29.5,1689,1.8780000000000001
19.06.12,1270.0,0,28,28.9,34.6,29.2,1899,2.337
19.06.12,1280.0,0,27.7,28.7,34.5,29.1,1980,2.3305000000000002
19.06.12,1290.0,0,27.5,28.5,34.4,28.8,2136,2.3215
19.06.12,1300.0,0,27.4,28.4,34.4,28.7,2235,2.314
19.06.12,1310.0,0,27.2,28.2,34.3,28.6,2277,2.7695999999999996
19.06.12,1320.0,0,27,28,34.2,28.4,2262,2.304
19.06.12,1330.0,0,26.9,27.9,34.2,28.3,2271,2.7588
19.06.12,1340.0,0,26.7,27.7,34.2,28.1,2037,2.7612
19.06.12,1350.0,0,26.6,27.6,34,28,1989,2.2985
19.06.12,1360.0,0,26.5,27.5,33.9,27.9,1980,2.2945
19.06.12,1370.0,0,26.4,27.4,33.7,27.8,1965,2.2905
19.06.12,1380.0,0,26.3,27.3,33.6,27.7,2010,2.285
19.06.12,1390.0,0,26.2,27.3,33.6,27.7,1944,2.282
19.06.12,1400.0,0,26.2,27.2,33.4,27.6,1953,2.277
19.06.12,1410.0,0,26.1,27.2,33.4,27.5,1995,2.369
19.06.12,1420.0,0,26,27.1,33.4,27.5,1965,2.4965
19.06.12,1430.0,0,25.9,27,33.4,27.4,1959,2.0076
19.06.12,1440.0,0,25.9,27,33.2,27.4,1959,2.0168
20.06.12,10.0,0,25.8,26.9,33.1,27.3,1932,2.0244
20.06.12,20.0,0,25.7,26.8,33,27.3,1923,2.0316
20.06.12,30.0,0,25.6,26.8,33,27.2,1812,2.0380000000000003
20.06.12,40.0,0,25.6,26.7,33.1,27.2,1782,2.044
20.06.12,50.0,0,25.6,26.7,32.9,27.1,1770,2.05
20.06.12,60.0,0,25.6,26.7,32.9,27.1,1674,2.056
20.06.12,70.0,0,25.5,26.6,32.9,27.1,1608,2.062
20.06.12,80.0,0,25.3,26.6,32.9,27,1620,1.9308
20.06.12,90.0,0,25.3,26.6,33.1,27,1446,1.8903999999999999
20.06.12,100.0,0,25.2,26.5,33,26.9,1416,1.8844
20.06.12,110.0,0,25.2,26.4,32.8,26.9,1407,1.8800000000000001
20.06.12,120.0,0,25.1,26.4,32.9,26.9,1386,1.8763999999999998
20.06.12,130.0,0,24.8,26.3,32.9,26.9,1293,1.8748
20.06.12,140.0,0,24.7,26.3,32.8,27,1254,1.8728
20.06.12,150.0,0,24.7,26.4,32.7,27.1,1305,1.8684
20.06.12,160.0,0,25.2,26.6,32.5,27.3,1305,1.8659999999999999
20.06.12,170.0,0,25.6,26.8,32.2,27.4,1164,1.8663999999999998
20.06.12,180.0,0,25.6,26.8,32.2,27.4,1194,1.8636000000000001
20.06.12,190.0,0,25.7,26.8,32.2,27.5,1197,1.8612000000000002
20.06.12,200.0,0,25.8,26.8,31.9,27.4,1194,1.8588
20.06.12,210.0,0,25.5,26.1,31.3,26.9,1194,1.8563999999999998
20.06.12,220.0,0,25.1,25.8,31.3,26.5,1188,1.854
20.06.12,230.0,0,25,25.6,31.2,26.4,1188,1.8516
20.06.12,240.0,0,24.7,25.2,31.1,25.9,1179,1.8496000000000001
20.06.12,250.0,0,24.5,25.2,31,25.8,1170,1.8472
20.06.12,260.0,0,24.4,25.1,30.8,25.8,1164,1.8452000000000002
20.06.12,270.0,0,24.1,25.1,30.8,25.8,1164,1.8428
20.06.12,280.0,0,23.9,25.1,31.1,25.9,1161,1.8404
20.06.12,290.0,0,23.9,25.1,31.3,25.9,1158,1.8384
20.06.12,300.0,0,24,25.2,31.1,25.8,1149,1.836
20.06.12,310.0,0,24,25.3,31.1,25.9,1146,1.8336000000000001
20.06.12,320.0,0,24,25.3,31.1,25.9,1155,1.8312000000000002
20.06.12,330.0,0,23.7,25.2,30.9,26,1149,1.8288
20.06.12,340.0,0,23.6,25.1,30.9,25.9,1134,1.8263999999999998
20.06.12,350.0,0,23.4,25.1,31,25.8,1134,1.824
20.06.12,360.0,0,23.4,25.1,30.9,25.5,1137,1.8208000000000002
20.06.12,370.0,0,23.5,25.1,30.9,25.5,1131,1.8184
20.06.12,380.0,0,23.5,25.1,30.9,25.5,1128,1.8156
20.06.12,390.0,0,23.6,25.1,30.9,25.5,1161,1.8116
20.06.12,400.0,0,24,25.2,30.5,25.6,1179,1.8075999999999999
20.06.12,410.0,0,24.3,25.3,30.4,25.7,1209,1.8032
20.06.12,420.0,0,24.4,25.3,30.3,25.7,1257,1.798
20.06.12,430.0,0,24.4,25.3,30.3,25.7,1275,1.7932
20.06.12,440.0,0,24.4,25.3,30.2,25.7,1269,1.3416
20.06.12,450.0,0,24.5,25.4,30.3,25.8,1212,1.3397999999999999
20.06.12,460.0,0,24.5,25.5,30.3,25.8,1095,1.3397999999999999
20.06.12,470.0,9,24.5,25.5,30.2,25.8,999,25.467599999999997
20.06.12,480.0,20,24.8,25.6,30.3,25.9,957,62.565999999999995
20.06.12,490.0,10,24.8,25.7,30.3,26,945,29.882
20.06.12,500.0,17,24.4,25.8,30.2,26.1,945,54.35099999999999
20.06.12,510.0,46,23.9,25.9,30,26.2,969,155.51440000000002
20.06.12,520.0,88,26,26.5,29.9,26.5,924,305.0586
20.06.12,530.0,107,28,27.2,30,27.1,993,373.245
20.06.12,540.0,134,29.2,27.5,29.9,27.5,996,468.74190000000004
20.06.12,550.0,195,31.2,28,29.9,27.9,972,695.893
20.06.12,560.0,170,32.2,28.2,29.9,28.2,1002,602.196
20.06.12,570.0,154,31.4,27.8,29.9,28.1,981,538.3199999999999
20.06.12,580.0,178,31.6,28.3,29.9,28.1,1074,624.2033
20.06.12,590.0,306,34.8,29.1,30,29,1098,1091.7848999999999
20.06.12,600.0,307,37.8,29.9,30.1,29.8,1110,1109.9104
20.06.12,610.0,347,38.6,30.6,30.2,30.2,1125,1251.9657
20.06.12,620.0,437,42,31.8,30.3,31.1,1149,1631.4127999999998
20.06.12,630.0,332,41.9,31.5,30.3,31.2,1161,1221.1188000000002
20.06.12,640.0,383,42.2,32.2,30.3,31,1164,1407.6919999999998
20.06.12,650.0,331,42.1,31.9,30.4,31.7,1188,1204.4529
20.06.12,660.0,632,46.9,33.2,30.5,32.5,1191,2374.2285
20.06.12,670.0,669,52.7,34.9,30.6,33.2,1116,2512.8927
20.06.12,680.0,632,49.1,33.2,30.7,30.7,1167,2375.376
20.06.12,690.0,592,45.1,33.3,30.8,30.4,1191,2191.1526000000003
20.06.12,700.0,684,50.3,34.8,30.9,31.7,1194,2576.2737
20.06.12,710.0,700,52.7,35.4,31,32.2,1188,2642.382
20.06.12,720.0,678,50.4,35.1,31.2,31.7,1197,2543.2006
20.06.12,730.0,456,44.3,33.8,31.3,31.3,1236,1682.751
20.06.12,740.0,751,46,34.1,31.4,31.6,1269,2841.0416999999998
20.06.12,750.0,756,50,35.6,31.5,32.3,1269,2859.7677
20.06.12,760.0,768,52.5,36.5,31.7,33.2,1266,2913.4664
20.06.12,770.0,782,56.7,37.2,31.8,35,1263,2956.3725
20.06.12,780.0,784,58.9,37.7,32,36.8,1257,2965.6151999999997
20.06.12,790.0,815,59.2,37.4,32.1,35.3,1248,3097.1514
20.06.12,800.0,660,53.6,36.8,32.4,33.9,1260,2487.639
20.06.12,810.0,824,51.6,36.7,32.5,33.3,1236,3143.2336999999998
20.06.12,820.0,819,54.3,37.2,32.6,33.8,1164,3138.3264
20.06.12,830.0,818,55.5,38.4,32.8,34.5,1143,3124.0832
20.06.12,840.0,828,56.1,38.4,33.1,34.2,1173,3173.64
20.06.12,850.0,825,59.5,38.5,33.1,37.2,996,3162.4420999999998
20.06.12,860.0,786,60.2,39.2,33.3,39,948,3020.2311999999997
20.06.12,870.0,874,61.5,39.7,33.5,37.5,945,3373.5784
20.06.12,880.0,870,58,39.2,33.7,35.9,900,3362.8759999999997
20.06.12,890.0,868,59.9,40.1,33.7,37.7,789,3357.5736
20.06.12,900.0,868,60,40,33.9,37.2,801,3369.6287999999995
20.06.12,910.0,635,58.1,39.4,34.1,37.3,981,2433.5132
20.06.12,920.0,738,56.2,39.5,34.2,37.8,837,2854.8423
20.06.12,930.0,815,58.7,40,34.5,37.3,945,3154.8478
20.06.12,940.0,820,58.9,40.4,34.7,37.5,513,3203.5248
20.06.12,950.0,799,59.8,40.9,34.9,38.1,0,3147.435
20.06.12,960.0,772,60.6,41.3,35,40.3,0,3040.0730000000003
20.06.12,970.0,670,59.3,40.5,35.1,40.3,0,2637.2808
20.06.12,980.0,263,49.6,38.4,35.2,38.6,0,1014.2263999999999
20.06.12,990.0,269,45.1,38,35.2,38.8,0,1038.4517999999998
20.06.12,1000.0,404,48.9,39,35.2,39.9,0,1581.7613999999999
20.06.12,1010.0,270,45.4,38,35.4,37.6,0,1040.5258
20.06.12,1020.0,437,47.8,38.9,35.5,39.2,0,1717.5245000000002
20.06.12,1030.0,463,51,39.8,35.7,38.8,0,1825.3888
20.06.12,1040.0,463,51.1,39.6,35.9,38,0,1820.0448000000001
20.06.12,1050.0,408,48.8,39.4,36,37.8,0,1602.7734
20.06.12,1060.0,342,48.5,39.1,36.1,38.7,0,1343.7212000000002
20.06.12,1070.0,204,43.8,37.9,36.2,37.3,0,785.4735
20.06.12,1080.0,281,43.6,38.2,36.3,38.2,0,1099.7553
20.06.12,1090.0,323,43.1,37.7,36.4,36.9,0,1268.937
20.06.12,1100.0,252,41.9,37,36.5,36.6,0,985.4932000000001
20.06.12,1110.0,148,39.3,36.8,36.5,36.1,0,570.7282
20.06.12,1120.0,123,37.9,36.4,36.6,36,0,469.1826
20.06.12,1130.0,111,37.1,36.1,36.6,35.9,0,420.1432
20.06.12,1140.0,112,36.5,36.1,36.6,35.6,0,424.6234
20.06.12,1150.0,117,37,36.6,36.6,35.8,0,444.0744
20.06.12,1160.0,99,36.9,36.4,36.6,35.9,0,367.50469999999996
20.06.12,1170.0,85,36.2,35.9,36.7,35.6,0,314.15790000000004
20.06.12,1180.0,71,35.8,35.9,36.7,35.7,0,262.11949999999996
20.06.12,1190.0,63,35.3,35.4,36.7,35.4,0,233.00369999999998
20.06.12,1200.0,59,35.1,35.2,36.7,35.3,0,216.591
20.06.12,1210.0,40,34.5,34.7,36.7,34.9,0,143.463
20.06.12,1220.0,24,33.6,34.2,36.6,34.5,0,85.0122
20.06.12,1230.0,8,32.8,33.8,36.6,34.2,0,21.5468
20.06.12,1240.0,2,32.2,33.5,36.6,33.9,813,2.88
20.06.12,1250.0,0,31.9,33.4,36.6,33.8,1239,1.4252999999999998
20.06.12,1260.0,0,31.9,33.1,36.5,33.5,1458,1.8924
20.06.12,1270.0,0,31.8,32.7,36.5,33.1,1647,1.8848
20.06.12,1280.0,0,31.5,32.1,36.4,32.5,1818,2.347
20.06.12,1290.0,0,30.9,31.6,36.4,32,1899,2.341
20.06.12,1300.0,0,30.4,31.1,36.3,31.5,1848,1.9784000000000002
20.06.12,1310.0,0,30.1,30.8,36.2,31.2,1899,2.056
20.06.12,1320.0,0,29.6,30.4,35.8,30.8,1296,2.4165
20.06.12,1330.0,0,28.6,30,35.6,30.5,1860,2.3545000000000003
20.06.12,1340.0,0,28.6,29.9,35.8,30.3,1956,2.34
20.06.12,1350.0,0,28.6,29.8,35.9,30.2,1986,2.334
20.06.12,1360.0,0,28.6,29.7,35.9,30.1,2067,2.3275
20.06.12,1370.0,0,28.3,29.4,35.8,29.8,2052,2.324
20.06.12,1380.0,0,28.1,29.2,35.8,29.6,2058,2.32
20.06.12,1390.0,0,27.8,29,35.7,29.4,2043,2.3165
20.06.12,1400.0,0,27.6,28.9,35.7,29.3,2076,1.8492
20.06.12,1410.0,0,27.5,28.8,35.6,29.1,2151,2.3055
20.06.12,1420.0,0,27.5,28.7,35.5,29.1,2094,2.3030000000000004
20.06.12,1430.0,0,27.4,28.6,35.5,29,2073,1.8396000000000001
20.06.12,1440.0,0,27.3,28.5,35.4,28.9,1986,2.298
21.06.12,10.0,0,27.2,28.4,35.4,28.8,1941,2.2955
21.06.12,20.0,0,27.1,28.4,35.3,28.8,1914,2.2920000000000003
21.06.12,30.0,0,27,28.3,35.2,28.7,1896,2.2885000000000004
21.06.12,40.0,0,26.9,28.2,34.9,28.6,1893,2.2845
21.06.12,50.0,0,26.8,28.1,34.9,28.5,1905,2.2795
21.06.12,60.0,0,26.7,28,34.9,28.4,1824,2.2775
21.06.12,70.0,0,26.5,27.9,34.8,28.3,1584,2.281
21.06.12,80.0,0,26.4,27.8,34.7,28.2,1560,2.2775
21.06.12,90.0,0,26.3,27.7,34.6,28.1,1548,2.2735
21.06.12,100.0,0,26.1,27.6,34.6,28,1536,1.8152000000000001
21.06.12,110.0,0,26,27.6,34.5,28,1461,1.8132
21.06.12,120.0,0,26,27.5,34.4,27.9,1425,1.8108000000000002
21.06.12,130.0,0,25.9,27.5,34.3,27.9,1353,1.8092
21.06.12,140.0,0,25.9,27.4,34.2,27.8,1308,1.8068000000000002
21.06.12,150.0,0,25.9,27.4,34.1,27.8,1278,1.804
21.06.12,160.0,0,25.8,27.3,34,27.7,1263,1.8
21.06.12,170.0,0,25.8,27.2,33.8,27.6,1248,1.7968000000000002
21.06.12,180.0,0,25.7,27.1,33.7,27.6,1233,1.7928
21.06.12,190.0,0,25.7,27.1,33.6,27.5,1182,1.79
21.06.12,200.0,0,25.6,27,33.6,27.5,1170,1.7864
21.06.12,210.0,0,25.6,27,33.5,27.4,1158,1.782
21.06.12,220.0,0,25.5,26.9,33.4,27.3,1140,1.7784
21.06.12,230.0,0,25.4,26.8,33.3,27.2,1122,1.774
21.06.12,240.0,0,25.3,26.7,33.2,27.2,1149,1.7684
21.06.12,250.0,0,25.2,26.7,33.2,27.1,1212,1.7596
21.06.12,260.0,0,25.1,26.6,33.1,27.1,1113,1.7584
21.06.12,270.0,0,25.1,26.6,33,27,621,1.7796
21.06.12,280.0,0,25,26.5,32.9,27,0,1.3679999999999999
21.06.12,290.0,0,24.9,26.5,32.9,26.9,0,1.3734
21.06.12,300.0,0,24.9,26.4,32.8,26.9,0,1.377
21.06.12,310.0,0,24.7,26.4,32.8,26.8,0,1.3794
21.06.12,320.0,0,24.6,26.4,32.8,26.8,0,1.3815
21.06.12,330.0,0,24.6,26.3,32.6,26.8,0,1.3833
21.06.12,340.0,0,24.7,26.3,32.4,26.8,0,1.3847999999999998
21.06.12,350.0,0,24.7,26.3,32.4,26.8,0,1.3857
21.06.12,360.0,0,24.8,26.3,32.3,26.7,0,1.3868999999999998
21.06.12,370.0,0,24.6,26.2,32.3,26.7,0,1.3875
21.06.12,380.0,0,24.6,26.2,32.2,26.6,0,1.3884
21.06.12,390.0,0,24.5,26.1,32.2,26.6,0,1.3889999999999998
21.06.12,400.0,0,24.5,26.1,32.1,26.6,0,1.3896
21.06.12,410.0,0,24.4,26.1,32,26.5,0,1.3899
21.06.12,420.0,0,24.3,26,32,26.5,0,1.3902
21.06.12,430.0,0,24.3,26,31.9,26.4,0,1.3905
21.06.12,440.0,0,24.2,25.9,31.8,26.4,0,1.3908
21.06.12,450.0,0,24.1,25.9,31.8,26.4,0,1.3910999999999998
21.06.12,460.0,1,24.1,26,31.9,26.4,0,1.8552000000000002
21.06.12,470.0,5,24.3,26,31.7,26.5,0,13.929
21.06.12,480.0,13,24.5,26,31.6,26.4,0,40.0588
21.06.12,490.0,30,24.8,26.2,31.6,26.5,0,102.242
21.06.12,500.0,48,25.5,26.8,31.5,26.6,0,168.032
21.06.12,510.0,62,26.3,27.3,31.4,26.9,0,221.83700000000002
21.06.12,520.0,77,27.1,27.5,31.2,27.2,0,281.6135
21.06.12,530.0,96,28.1,27.8,31.1,27.5,0,351.48539999999997
21.06.12,540.0,71,28.3,27.4,30.9,27.6,0,255.2979
21.06.12,550.0,57,28.1,27.3,30.8,27.6,0,200.98889999999997
21.06.12,560.0,104,28.7,27.5,30.6,27.8,0,376.508
21.06.12,570.0,126,29.6,27.7,30.6,28,0,462.4425
21.06.12,580.0,221,31.9,28.4,30.5,28.5,0,821.5845000000002
21.06.12,590.0,310,34.7,29.2,30.6,29.1,0,1171.7496
21.06.12,600.0,298,36.2,30,30.7,29.7,0,1132.6752000000001
21.06.12,610.0,327,37.4,30.7,30.8,30.2,0,1242.1713000000002
21.06.12,620.0,359,38.7,31.2,30.9,30.7,0,1364.0504
21.06.12,630.0,391,40.8,32,31.1,31,768,1472.8131
21.06.12,640.0,425,41.9,33.2,31.3,31,1206,1581.1804
21.06.12,650.0,448,43.6,33.5,31.4,31.8,1170,1677.1319999999998
21.06.12,660.0,476,44.6,34,31.4,32.1,1179,1773.6438000000003
21.06.12,670.0,516,46.1,33.7,31.5,32.9,1188,1932.3248000000003
21.06.12,680.0,547,47.5,34.1,31.6,33.1,1179,2057.6028
21.06.12,690.0,576,48.7,34.9,31.7,33.9,1191,2163.6984
21.06.12,700.0,600,50.8,34.4,31.9,34.8,1176,2261.5736
21.06.12,710.0,626,51.1,35.1,32,34,1167,2370.228
21.06.12,720.0,514,47.1,35,32,32.6,1161,1926.8547999999998
21.06.12,730.0,556,46.6,35.5,32.1,33.3,1146,2094.4935
21.06.12,740.0,728,51.6,36.5,32.3,34.3,1173,2761.9464000000003
21.06.12,750.0,699,51.5,36.4,32.4,34,1191,2648.3079
21.06.12,760.0,732,50.9,37,32.6,33.8,1221,2788.8052
21.06.12,770.0,743,53.5,37.3,32.8,35.8,1203,2830.6358
21.06.12,780.0,748,53.2,37.9,33,35,1188,2849.7216
21.06.12,790.0,756,50.7,37.3,33.1,34.9,1188,2897.5946
21.06.12,800.0,768,50.1,37.4,33.2,35.2,1200,2939.5849
21.06.12,810.0,779,52.4,38.6,33.4,35.8,1185,2990.4725
21.06.12,820.0,776,52.2,38.7,33.6,36.1,1218,2973.2598000000003
21.06.12,830.0,773,52.5,39.3,33.8,36.5,1266,2958.4254
21.06.12,840.0,784,54.9,40.2,34,37.9,1305,3009.3392000000003
21.06.12,850.0,782,57.3,40.4,34.1,37.9,1335,2991.4985
21.06.12,860.0,780,58.8,40.8,34.4,39.3,1299,2982.3188999999998
21.06.12,870.0,772,59.1,41.1,34.5,38.9,1296,2965.2198000000003
21.06.12,880.0,766,57.3,41.5,34.7,38.8,1263,2935.7604
21.06.12,890.0,756,57.9,40.9,35,40.2,1185,2916.6438000000003
21.06.12,900.0,745,59.1,41.6,35.1,40.2,1245,2861.6417
21.06.12,910.0,746,60.4,41.5,35.3,40.9,1203,2866.7834000000003
21.06.12,920.0,713,59.5,41.9,35.4,40.9,1179,2751.7776
21.06.12,930.0,670,58.1,41.1,35.6,40.9,1191,2576.0447000000004
21.06.12,940.0,634,57.5,41.5,35.7,41.4,474,2465.2507
21.06.12,950.0,595,56.3,41.7,35.9,40.9,0,2335.7479
21.06.12,960.0,570,55.3,41.2,36.2,41.6,0,2236.7168
21.06.12,970.0,453,53.6,40.7,36.1,40.6,0,1771.9650000000001
21.06.12,980.0,406,49,40.5,36.1,39.3,0,1580.3858
21.06.12,990.0,492,49.9,40.3,36.3,39.8,0,1928.7190999999998
21.06.12,1000.0,504,52.5,40.9,36.6,41.7,0,1985.9904000000001
21.06.12,1010.0,408,53,41.1,36.6,42.1,0,1591.9530000000002
21.06.12,1020.0,343,49.9,40.3,36.7,40.5,0,1334.0145
21.06.12,1030.0,325,49.3,40.3,36.8,41.3,0,1267.5431999999998
21.06.12,1040.0,312,48.4,40.2,36.8,41.5,0,1211.2298
21.06.12,1050.0,235,46.2,39.7,36.9,40.1,0,911.8136000000001
21.06.12,1060.0,313,45.6,40.1,37,39.3,0,1219.1949
21.06.12,1070.0,198,45.7,40.3,37.1,41.6,0,761.3227999999999
21.06.12,1080.0,198,44.3,39.5,37.1,40.8,0,764.1775
21.06.12,1090.0,222,43.4,38.8,37.2,38.8,0,856.9416
21.06.12,1100.0,213,40.3,37.3,37.3,36.8,0,825.2589
21.06.12,1110.0,199,39.1,36.4,37.3,36.3,0,772.1472
21.06.12,1120.0,164,37.5,35.8,37.2,35.7,0,635.769
21.06.12,1130.0,172,37.1,35.5,37.2,35.2,0,670.5383999999999
21.06.12,1140.0,159,36.4,35,37.1,34.8,0,616.3435
21.06.12,1150.0,127,35.5,34.4,37.1,34.2,0,488.1092
21.06.12,1160.0,104,34.7,33.9,37,33.9,0,398.48
21.06.12,1170.0,86,33.8,33.4,37,33.4,0,324.41040000000004
21.06.12,1180.0,69,33.1,32.9,36.9,32.9,0,258.2597
21.06.12,1190.0,54,32.2,32.3,36.7,32.4,0,200.2725
21.06.12,1200.0,39,31.5,31.9,36.4,32,0,143.49210000000002
21.06.12,1210.0,26,31.1,31.6,36.5,31.9,0,92.4396
21.06.12,1220.0,15,30.5,31.2,36.5,31.5,0,49.05
21.06.12,1230.0,6,30.2,31.1,36.5,31.4,0,16.636200000000002
21.06.12,1240.0,2,29.9,30.9,36.4,31.2,1305,1.9003999999999999
21.06.12,1250.0,0,29.6,30.6,36.4,31,1590,1.8888
21.06.12,1260.0,0,29.4,30.3,36.3,30.7,1830,1.8800000000000001
21.06.12,1270.0,0,29.1,30.1,36.3,30.5,2130,2.3365
21.06.12,1280.0,0,28.9,29.9,36.1,30.3,2256,2.3285
21.06.12,1290.0,0,28.6,29.6,35.9,30,2268,2.0216
21.06.12,1300.0,0,28.4,29.4,36,29.8,2346,2.0591999999999997
21.06.12,1310.0,0,28.2,29.2,36,29.6,2322,2.0832
21.06.12,1320.0,0,28,29.1,35.8,29.4,2286,2.1208
21.06.12,1330.0,0,27.9,28.9,35.7,29.3,2334,2.1388
21.06.12,1340.0,0,27.7,28.7,35.6,29.1,2298,2.1388
21.06.12,1350.0,0,27.6,28.6,35.5,29,2259,2.1408
21.06.12,1360.0,0,27.4,28.5,35.6,28.9,2259,2.1444
21.06.12,1370.0,0,27.3,28.4,35.7,28.8,2199,2.148
21.06.12,1380.0,0,27.2,28.3,35.5,28.7,2220,2.1516
21.06.12,1390.0,0,27.2,28.2,35.4,28.6,2205,2.1556
21.06.12,1400.0,0,27.1,28.2,35.4,28.6,2184,2.1592
21.06.12,1410.0,0,27,28.1,35.4,28.5,1866,2.424
21.06.12,1420.0,0,26.9,28,35.3,28.4,2181,2.3775
21.06.12,1430.0,0,26.8,27.9,35.2,28.3,2151,2.37
21.06.12,1440.0,0,26.6,27.8,35,28.2,2139,2.3640000000000003
22.06.12,10.0,0,26.5,27.7,34.9,28.1,2085,2.3600000000000003
22.06.12,20.0,0,26.5,27.6,34.7,28,2043,2.356
22.06.12,30.0,0,26.4,27.5,34.6,27.9,1992,2.353
22.06.12,40.0,0,26.3,27.4,34.5,27.8,1959,2.3495000000000004
22.06.12,50.0,0,26.2,27.3,34.3,27.7,1974,2.3455
22.06.12,60.0,0,26.1,27.2,34.3,27.7,1968,2.3415
22.06.12,70.0,0,26,27.2,34.2,27.6,1926,2.339
22.06.12,80.0,0,26,27.1,34.1,27.5,1851,1.8704
22.06.12,90.0,0,25.9,27,34,27.4,1719,1.8712
22.06.12,100.0,0,25.7,26.9,33.8,27.4,1590,1.8719999999999999
22.06.12,110.0,0,25.6,26.7,33.7,27.2,1557,1.8712
22.06.12,120.0,0,25.4,26.6,33.5,27.1,1692,1.8652000000000002
22.06.12,130.0,0,25.4,26.5,33.4,27,1683,1.8632
22.06.12,140.0,0,25.3,26.5,33.3,27,1635,1.8619999999999999
22.06.12,150.0,0,25.3,26.4,33.1,27,1554,1.8616
22.06.12,160.0,0,25.2,26.4,33,26.9,1500,1.8608000000000002
22.06.12,170.0,0,25.2,26.3,32.9,26.8,1473,1.8596000000000001
22.06.12,180.0,0,25.1,26.3,32.8,26.8,1428,1.8588
22.06.12,190.0,0,25.1,26.3,32.7,26.8,1407,1.8572
22.06.12,200.0,0,25.1,26.3,32.8,26.8,1392,1.8556000000000001
22.06.12,210.0,0,25.1,26.3,32.7,26.8,1389,1.8536000000000001
22.06.12,220.0,0,25.1,26.2,32.5,26.7,1395,1.8512000000000002
22.06.12,230.0,0,25.1,26.2,32.5,26.7,1413,1.8484
22.06.12,240.0,0,25.1,26.2,32.3,26.7,1416,1.846
22.06.12,250.0,0,25,26.2,32.2,26.7,1413,1.844
22.06.12,260.0,0,25,26.1,32.1,26.6,1410,1.8416
22.06.12,270.0,0,25,26.1,32,26.6,1407,1.8392
22.06.12,280.0,0,25,26.1,32,26.6,1404,1.8368000000000002
22.06.12,290.0,0,25,26.1,31.9,26.6,1401,1.834
22.06.12,300.0,0,25,26.1,31.8,26.6,1404,1.8316
22.06.12,310.0,0,25.1,26.1,31.7,26.6,1401,1.8288
22.06.12,320.0,0,25,26.1,31.7,26.6,1392,1.8256000000000001
22.06.12,330.0,0,24.9,26.1,31.6,26.6,1467,1.82
22.06.12,340.0,0,24.9,26,31.5,26.5,1476,1.816
22.06.12,350.0,0,24.9,26,31.4,26.5,1284,1.8184
22.06.12,360.0,0,24.9,25.9,31.3,26.5,1407,1.8112000000000001
22.06.12,370.0,0,24.8,25.9,31.3,26.4,1395,1.8075999999999999
22.06.12,380.0,0,24.8,25.9,31.3,26.4,1398,1.804
22.06.12,390.0,0,24.8,25.9,31.2,26.4,1407,1.7992
22.06.12,400.0,0,24.9,25.9,31.1,26.4,1386,1.7956
22.06.12,410.0,0,25,26,31.1,26.4,1257,1.3467
22.06.12,420.0,0,25.2,26,31,26.5,1233,1.3449
22.06.12,430.0,0,25.2,26,30.9,26.4,1209,1.3425
22.06.12,440.0,0,25.1,25.9,30.8,26.4,1167,1.3406999999999998
22.06.12,450.0,0,25,25.9,30.7,26.4,1125,1.3389
22.06.12,460.0,2,24.9,25.9,30.7,26.4,1092,2.6742
22.06.12,470.0,9,25,25.9,30.7,26.4,1059,27.1694
22.06.12,480.0,21,25.3,26,30.7,26.4,1041,65.8748
22.06.12,490.0,29,25.4,26.1,30.6,26.4,1032,95.1658
22.06.12,500.0,42,25.7,26.2,30.6,26.5,1083,138.4344
22.06.12,510.0,57,26.1,26.4,30.6,26.7,1155,192.53099999999998
22.06.12,520.0,76,26.6,26.7,30.4,26.8,1143,258.8625
22.06.12,530.0,95,27.2,27,30.3,27,1101,324.276
22.06.12,540.0,116,27.8,27.4,30.3,27.2,1134,400.38159999999993
22.06.12,550.0,139,28.4,27.6,30.4,27.3,1089,481.296
22.06.12,560.0,166,29.2,28,30.3,27.5,1065,576.6635
22.06.12,570.0,189,29.9,28.3,30.4,27.8,1059,663.0525
22.06.12,580.0,193,30.4,28.6,30.4,27.9,1080,674.9567999999999
22.06.12,590.0,238,30.9,28.9,30.4,28.2,1074,837.4608000000001
22.06.12,600.0,279,32.5,29.2,30.5,28.6,1044,992.0992
22.06.12,610.0,295,32.8,29.6,30.5,28.8,1017,1052.6536
22.06.12,620.0,316,33.5,30.1,30.6,29.1,954,1149.4472999999998
22.06.12,630.0,346,34.4,30.4,30.6,29.3,957,1277.7731999999999
22.06.12,640.0,373,35.4,30.7,30.7,29.6,1002,1383.0588
22.06.12,650.0,402,36.2,31,30.8,29.8,1041,1493.1
22.06.12,660.0,435,36.9,31.5,30.9,30.1,1029,1616.02
22.06.12,670.0,463,38.4,31.8,31,30.7,1020,1722.186
22.06.12,680.0,492,39.5,32.4,31.1,31,1005,1839.915
22.06.12,690.0,514,40.8,33,31.2,31.4,882,1920.8800999999999
22.06.12,700.0,522,41,32.8,31.3,31.4,855,1963.1492
22.06.12,710.0,489,40.6,32.8,31.4,31.5,816,1832.3288
22.06.12,720.0,462,39.5,33,31.4,31.6,663,1726.5456
22.06.12,730.0,555,42.3,33.7,31.5,32.2,789,2095.0299999999997
22.06.12,740.0,488,41.7,33.6,31.6,32.3,768,1831.7432
22.06.12,750.0,641,42.7,33.6,31.8,32.2,756,2431.2552
22.06.12,760.0,669,44.3,34.4,32,32.6,756,2550.5704
22.06.12,770.0,680,45.2,35.1,32.1,33,777,2587.6416
22.06.12,780.0,699,46.7,35.8,32.3,33.4,774,2673.3402
22.06.12,790.0,707,46.5,35.6,32.4,33.5,843,2697.257
22.06.12,800.0,720,47.6,35.9,32.5,33.8,1035,2743.2250000000004
22.06.12,810.0,731,48.1,36,32.6,34.1,1029,2799.279
22.06.12,820.0,731,50,37.5,32.7,34.6,1047,2793.1473
22.06.12,830.0,745,49.2,37,33,34.7,1134,2843.8695000000002
22.06.12,840.0,741,49.4,37.2,33.2,34.8,1134,2840.805
22.06.12,850.0,745,50.5,37.7,33.3,35.2,1086,2849.1023
22.06.12,860.0,747,50.9,37.8,33.4,35.4,1065,2872.7409
22.06.12,870.0,748,50.3,38.1,33.6,35.3,1056,2870.3148
22.06.12,880.0,735,49.8,38.3,33.9,35.2,1053,2825.652
22.06.12,890.0,731,49.4,37.9,34.1,35.3,1089,2817.321
22.06.12,900.0,718,49.2,38.1,34.2,35.7,1071,2764.1825000000003
22.06.12,910.0,698,49.8,38.3,34.4,35.6,1059,2688.4105
22.06.12,920.0,684,49.5,38.6,34.5,35.6,1011,2643.7019999999998
22.06.12,930.0,664,49,38.3,34.6,36.1,948,2564.419
22.06.12,940.0,649,48.5,38.3,34.8,35.9,942,2510.9865000000004
22.06.12,950.0,625,47.6,38,34.9,35.8,744,2418.381
22.06.12,960.0,609,48,38.1,34.9,36,0,2389.7808
22.06.12,970.0,587,47.8,38.2,35,35.9,0,2306.8818
22.06.12,980.0,558,46.4,37.8,35.2,36.1,0,2188.1870000000004
22.06.12,990.0,537,45.8,37.8,35.3,36,0,2108.3856
22.06.12,1000.0,513,45.4,37.9,35.4,35.9,0,2018.1075
22.06.12,1010.0,470,44.6,37.5,35.5,35.7,0,1842.218
22.06.12,1020.0,437,44.5,37.7,35.6,35.8,0,1717.3696000000002
22.06.12,1030.0,430,43.4,37.3,35.6,35.6,0,1684.619
22.06.12,1040.0,334,41.5,36.5,35.6,35.2,0,1301.7924
22.06.12,1050.0,273,39.7,36.1,35.6,35,0,1061.6190000000001
22.06.12,1060.0,324,39.8,35.8,35.6,34.7,0,1262.778
22.06.12,1070.0,314,39.9,36,35.6,34.8,0,1225.7624
22.06.12,1080.0,288,39.5,35.8,35.7,34.7,0,1124.9873
22.06.12,1090.0,259,38.8,35.4,35.7,34.5,0,1003.8
22.06.12,1100.0,236,37.8,35,35.7,34.3,0,919.3842000000001
22.06.12,1110.0,206,37,34.8,35.7,34.1,0,796.8186000000001
22.06.12,1120.0,182,36.3,34.4,35.7,33.9,0,703.3728
22.06.12,1130.0,166,35.7,34.1,35.7,33.7,0,639.7038
22.06.12,1140.0,145,35.1,33.8,35.6,33.4,0,556.9263
22.06.12,1150.0,114,34.3,33.4,35.6,33.2,0,435.07969999999995
22.06.12,1160.0,81,33.4,32.9,35.5,32.8,0,306.8361
22.06.12,1170.0,56,32.5,32.4,35.3,32.5,0,209.76239999999999
22.06.12,1180.0,47,31.7,31.8,35.2,32,0,174.447
22.06.12,1190.0,41,31,31.3,35,31.5,594,149.0104
22.06.12,1200.0,33,30.5,31,34.9,31.2,1122,117.9736
22.06.12,1210.0,23,30,30.6,34.8,30.9,1059,79.34169999999999
22.06.12,1220.0,13,29.5,30.4,34.7,30.7,1131,42.66
22.06.12,1230.0,6,29,29.9,34.5,30.4,1245,14.647499999999999
22.06.12,1240.0,1,28.6,29.6,34.4,30,1416,1.8832
22.06.12,1250.0,0,28.4,29.4,34.2,29.8,1584,1.8763999999999998
22.06.12,1260.0,0,28.2,29.2,34.1,29.7,1776,1.8684
22.06.12,1270.0,0,28.1,29.1,34,29.6,1950,2.3265000000000002
22.06.12,1280.0,0,28,29.1,33.9,29.6,2040,2.3195
22.06.12,1290.0,0,27.9,28.9,33.7,29.4,2082,2.314
22.06.12,1300.0,0,27.7,28.7,33.6,29.2,2205,2.7672
22.06.12,1310.0,0,27.5,28.5,33.5,29,2220,2.301
22.06.12,1320.0,0,27.3,28.3,33.4,28.8,2211,2.7563999999999997
22.06.12,1330.0,0,27.2,28.1,33.4,28.6,2334,2.434
22.06.12,1340.0,0,27,28,33.3,28.4,2304,2.0164
22.06.12,1350.0,0,26.9,27.8,33.1,28.3,2205,2.0292
22.06.12,1360.0,0,26.8,27.7,33,28.2,1950,2.0396
22.06.12,1370.0,0,26.7,27.7,33,28.1,1878,2.0488
22.06.12,1380.0,0,26.6,27.5,32.8,28,1944,2.0572
22.06.12,1390.0,0,26.4,27.4,32.8,27.9,1905,2.0648
22.06.12,1400.0,0,26.3,27.4,32.7,27.9,1899,2.0724
22.06.12,1410.0,0,26.3,27.3,32.7,27.8,1881,2.0808
22.06.12,1420.0,0,26.3,27.2,32.7,27.7,1875,2.0896
22.06.12,1430.0,0,26.2,27.2,32.6,27.6,1878,2.0980000000000003
22.06.12,1440.0,0,26.1,27.1,32.5,27.5,1875,2.1052
23.06.12,10.0,0,26,27,32.5,27.5,1854,2.1128
23.06.12,20.0,0,25.9,26.9,32.4,27.4,1929,2.4645
23.06.12,30.0,0,25.9,26.9,32.3,27.4,2103,2.3615
23.06.12,40.0,0,26.1,26.9,32.2,27.3,2037,2.355
23.06.12,50.0,0,26.1,26.9,32.2,27.3,2061,2.3475
23.06.12,60.0,0,26.1,26.9,32.1,27.3,2058,2.3425000000000002
23.06.12,70.0,0,25.9,26.8,32,27.3,2034,2.3385000000000002
23.06.12,80.0,0,26,26.8,31.9,27.3,1740,2.343
23.06.12,90.0,0,25.9,26.7,31.8,27.2,1656,2.3415
23.06.12,100.0,0,25.7,26.6,31.8,27.1,1659,2.3385000000000002
23.06.12,110.0,0,25.6,26.6,31.6,27.1,1638,1.8684
23.06.12,120.0,0,25.5,26.5,31.6,27,1620,2.3329999999999997
23.06.12,130.0,0,25.5,26.6,31.5,27,1524,1.8659999999999999
23.06.12,140.0,0,25.5,26.6,31.4,27.1,1476,1.8648
23.06.12,150.0,0,25.5,26.6,31.3,27,1461,1.8632
23.06.12,160.0,0,25.4,26.5,31.1,27,1443,1.8612000000000002
23.06.12,170.0,0,25.4,26.4,31,26.9,1443,1.8588
23.06.12,180.0,0,25.4,26.4,30.8,26.8,1425,1.8572
23.06.12,190.0,0,25.3,26.3,30.8,26.8,1422,1.8548
23.06.12,200.0,0,25.3,26.3,30.8,26.8,1452,1.8519999999999999
23.06.12,210.0,0,25.2,26.3,30.8,26.8,1446,1.85
23.06.12,220.0,0,25.2,26.3,30.9,26.8,1428,1.848
23.06.12,230.0,0,25.2,26.3,30.8,26.8,1437,1.8456000000000001
23.06.12,240.0,0,25.2,26.3,30.6,26.8,1443,1.8428
23.06.12,250.0,0,25.2,26.2,30.5,26.7,1437,1.84
23.06.12,260.0,0,25.1,26.2,30.6,26.7,1419,1.8376
23.06.12,270.0,0,25.1,26.2,30.4,26.7,1416,1.8356000000000001
23.06.12,280.0,0,25.1,26.2,30.4,26.7,1413,1.8328
23.06.12,290.0,0,25.1,26.2,30.3,26.7,1404,1.83
23.06.12,300.0,0,25.1,26.2,30.1,26.7,1401,1.8268000000000002
23.06.12,310.0,0,25.1,26.2,30.1,26.7,1386,1.824
23.06.12,320.0,0,25,26.2,30.2,26.7,1392,1.8208000000000002
23.06.12,330.0,0,25,26.1,30,26.7,1395,1.8172
23.06.12,340.0,0,25,26.1,30,26.7,1395,1.8136
23.06.12,350.0,0,25,26.1,29.9,26.6,1398,1.8092
23.06.12,360.0,0,25,26.1,29.8,26.6,1383,1.8056
23.06.12,370.0,0,24.9,26,29.7,26.6,1398,1.8012000000000001
23.06.12,380.0,0,24.9,26,29.7,26.6,1434,1.7956
23.06.12,390.0,0,24.9,26,29.7,26.6,1446,1.7904
23.06.12,400.0,0,24.9,26,29.7,26.5,1443,1.7848
23.06.12,410.0,0,24.7,25.9,29.7,26.5,1314,1.784
23.06.12,420.0,0,24.7,25.9,29.7,26.5,1263,1.3353
23.06.12,430.0,0,24.6,25.9,29.7,26.4,1257,1.3319999999999999
23.06.12,440.0,0,24.6,25.9,29.8,26.5,1188,1.3296
23.06.12,450.0,0,24.6,25.9,29.7,26.4,1131,1.3272
23.06.12,460.0,2,24.8,25.9,29.7,26.5,1170,2.643
23.06.12,470.0,6,25,26,29.6,26.5,15,16.423199999999998
23.06.12,480.0,14,25.1,26.1,29.6,26.6,0,43.738
23.06.12,490.0,25,25.5,26.3,29.6,26.6,0,82.16340000000001
23.06.12,500.0,37,25.9,26.5,29.6,26.8,0,127.92779999999999
23.06.12,510.0,50,26.3,26.7,29.5,26.9,0,178.8122
23.06.12,520.0,65,27,27,29.5,27,0,231.81900000000002
23.06.12,530.0,88,27.6,27.2,29.4,27.2,0,316.158
23.06.12,540.0,105,28.1,27.4,29.3,27.3,0,380.94319999999993
23.06.12,550.0,126,28.6,27.7,29.3,27.4,0,461.51630000000006
23.06.12,560.0,151,29.4,28,29.3,27.6,0,555.4824
23.06.12,570.0,175,30,28.2,29.3,27.7,0,647.0125
23.06.12,580.0,196,30.6,28.5,29.3,27.9,0,726.9934
23.06.12,590.0,222,31.5,28.9,29.3,28.1,0,828
23.06.12,600.0,253,32.5,29.3,29.4,28.4,0,945.8624
23.06.12,610.0,263,33,29.5,29.4,28.5,0,983.6136
23.06.12,620.0,288,33.5,29.7,29.4,28.6,0,1086.131
23.06.12,630.0,338,34.6,30.2,29.5,28.9,321,1271.0361
23.06.12,640.0,328,35,30.5,29.6,29.1,1071,1209.7925
23.06.12,650.0,394,35.8,31,29.7,29.4,1062,1464.5664000000002
23.06.12,660.0,438,37.1,31.4,29.8,29.6,1116,1633.2563
23.06.12,670.0,478,38.2,31.6,29.9,29.9,1125,1797.12
23.06.12,680.0,499,38.7,32.1,30,30.2,1134,1874.3656
23.06.12,690.0,521,39.8,32.7,30.2,30.6,1134,1960.88
23.06.12,700.0,548,40.6,32.8,30.2,30.5,1134,2074.424
23.06.12,710.0,573,41.5,33.2,30.3,30.7,1185,2164.6319999999996
23.06.12,720.0,599,42.5,33.8,30.5,31.3,1194,2268.1229999999996
23.06.12,730.0,619,43.2,34,30.6,31.4,1212,2353.1672000000003
23.06.12,740.0,640,44.3,34.5,30.8,31.9,1218,2431.753
23.06.12,750.0,658,44.9,34.9,31,32,1209,2510.225
23.06.12,760.0,674,45.6,35.3,31.1,32.4,1221,2570.8104
23.06.12,770.0,682,45.7,35.1,31.2,32.2,1200,2606.54
23.06.12,780.0,695,46.5,35.8,31.5,32.9,1203,2668.609
23.06.12,790.0,708,46.4,35.6,31.6,32.9,1197,2711.511
23.06.12,800.0,717,46.9,36.2,31.8,33.3,1245,2750.409
23.06.12,810.0,726,47.2,36.3,32,33.6,1242,2796.533
23.06.12,820.0,733,47.5,36.4,32.1,33.5,1218,2820.5448
23.06.12,830.0,734,47.9,37,32.3,34.2,1254,2834.7408
23.06.12,840.0,735,48.2,37.3,32.5,34.6,1227,2836.3199999999997
23.06.12,850.0,735,47.5,37.1,32.7,34.5,1212,2845.8640000000005
23.06.12,860.0,736,48.4,37.1,32.8,34.6,1203,2858.4192
23.06.12,870.0,730,48.5,37.4,33,34.7,1203,2831.7328
23.06.12,880.0,732,48.7,37.7,33.1,35,1206,2843.1368
23.06.12,890.0,687,48.6,37.9,33.3,35.4,1197,2674.2144000000003
23.06.12,900.0,657,47.6,37.5,33.4,35.1,1188,2547.8208
23.06.12,910.0,691,48,37.6,33.5,35.2,1113,2696.883
23.06.12,920.0,702,48.1,37.8,33.7,35.3,1137,2739.282
23.06.12,930.0,690,48,37.8,33.8,35.4,1020,2700.6069999999995
23.06.12,940.0,618,47.2,37.9,33.9,35.5,174,2453.9157999999998
23.06.12,950.0,634,46.6,37.7,34.1,35.4,0,2528.2192
23.06.12,960.0,616,46.4,37.5,34.2,35.3,0,2457.4044
23.06.12,970.0,579,46.7,37.9,34.3,35.7,0,2315.596
23.06.12,980.0,581,46,37.6,34.4,35.5,0,2327.3022
23.06.12,990.0,444,43.7,36.8,34.4,35.2,0,1773.1952999999999
23.06.12,1000.0,468,44.3,37,34.5,35.3,0,1865.5871
23.06.12,1010.0,481,43,37,34.6,35.3,0,1922.9686
23.06.12,1020.0,365,42.1,36.5,34.6,35.3,0,1453.896
23.06.12,1030.0,334,41.4,36.2,34.7,35.1,0,1328.1114
23.06.12,1040.0,292,40.3,35.9,34.7,34.9,0,1160.0287
23.06.12,1050.0,320,39.9,36,34.7,34.9,0,1271.7885
23.06.12,1060.0,352,41.2,36.4,34.8,35.2,0,1401.7548
23.06.12,1070.0,339,40.9,36.2,34.9,35,0,1359.4615
23.06.12,1080.0,344,41,36.1,34.9,34.9,0,1377.2272
23.06.12,1090.0,288,40,35.9,35,34.9,0,1147.9622
23.06.12,1100.0,259,39.4,35.8,35,34.9,0,1032.3573
23.06.12,1110.0,212,38,35.4,35,34.7,0,838.2763000000001
23.06.12,1120.0,189,37.2,35,35,34.4,0,747.6088
23.06.12,1130.0,134,36.2,34.6,35,34.2,0,524.5690000000001
23.06.12,1140.0,110,35,34.1,34.9,33.9,0,428.8284
23.06.12,1150.0,95,34.4,33.8,34.9,33.6,0,368.53929999999997
23.06.12,1160.0,85,33.8,33.4,34.9,33.4,0,329.676
23.06.12,1170.0,83,33.5,33.1,34.8,33.1,726,312.76050000000004
23.06.12,1180.0,73,33.2,32.9,34.8,33,813,271.878
23.06.12,1190.0,54,32.7,32.6,34.8,32.7,924,198.78500000000003
23.06.12,1200.0,37,32,32.2,34.7,32.4,984,133.72799999999998
23.06.12,1210.0,20,31.6,32,34.7,32.2,1338,69.7221
23.06.12,1220.0,9,31.2,31.6,34.6,31.9,1362,28.8835
23.06.12,1230.0,5,30.8,31.4,34.6,31.7,1386,10.8698
23.06.12,1240.0,1,30.3,31,34.4,31.3,1629,1.882
23.06.12,1250.0,0,30.1,30.8,34.2,31.2,1833,1.874
23.06.12,1260.0,0,29.9,30.6,34.2,31,2016,2.3335000000000004
23.06.12,1270.0,0,29.7,30.4,34.2,30.8,2142,2.325
23.06.12,1280.0,0,29.6,30.2,34.1,30.6,2205,2.3185
23.06.12,1290.0,0,29.4,30,34,30.4,2283,2.7737999999999996
23.06.12,1300.0,0,29.2,29.9,33.8,30.3,2256,2.7695999999999996
23.06.12,1310.0,0,29.1,29.8,33.8,30.2,2226,1.9944
23.06.12,1320.0,0,28.9,29.6,33.7,30,2352,2.0312
23.06.12,1330.0,0,28.7,29.5,33.6,29.9,2376,2.0436
23.06.12,1340.0,0,28.6,29.4,33.7,29.8,2373,2.0544000000000002
23.06.12,1350.0,0,28.6,29.3,33.5,29.7,2376,2.0644
23.06.12,1360.0,0,28.6,29.2,33.5,29.6,2307,2.0756
23.06.12,1370.0,0,28,28.9,33.4,29.3,2262,2.5155000000000003
23.06.12,1380.0,0,28,28.9,33.3,29.2,2298,2.3480000000000003
23.06.12,1390.0,0,28.1,28.8,33.3,29.2,2316,2.8032
23.06.12,1400.0,0,28.1,28.8,33.3,29.3,2352,2.327
23.06.12,1410.0,0,28,28.8,33.2,29.2,2328,2.32
23.06.12,1420.0,0,27.8,28.5,33.2,29,2274,2.315
23.06.12,1430.0,0,27.4,28.3,33.1,28.7,2214,2.311
23.06.12,1440.0,0,27.3,28.2,33,28.7,2157,2.308
24.06.12,10.0,0,27.3,28.3,33,28.8,2154,2.3035
24.06.12,20.0,0,27.4,28.3,32.8,28.7,2112,2.301
24.06.12,30.0,0,27.3,28.2,32.7,28.6,2088,1.8372
24.06.12,40.0,0,27.2,28.1,32.7,28.6,2049,2.293
24.06.12,50.0,0,27.1,28,32.6,28.5,1932,2.293
24.06.12,60.0,0,27.2,28.1,32.5,28.5,1782,2.294
24.06.12,70.0,0,27.3,28.1,32.6,28.6,1779,2.29
24.06.12,80.0,0,27.3,28.1,32.4,28.5,1737,1.8304
24.06.12,90.0,0,27.4,28.1,32.3,28.5,1710,1.8276
24.06.12,100.0,0,27.4,28.1,32.3,28.5,1644,1.8263999999999998
24.06.12,110.0,0,27.5,28.1,32.2,28.5,1428,1.8288
24.06.12,120.0,0,27.4,28.1,32.2,28.5,1533,1.8232
24.06.12,130.0,0,27.4,28.1,32.1,28.5,1470,1.8216
24.06.12,140.0,0,27.4,28,32,28.4,1437,1.8184
24.06.12,150.0,0,27.3,28,31.9,28.4,1419,1.8156
24.06.12,160.0,0,27.2,27.9,31.8,28.4,1413,1.8116
24.06.12,170.0,0,26.9,27.9,31.8,28.3,1404,1.808
24.06.12,180.0,0,26.7,27.7,31.7,28.2,1407,1.804
24.06.12,190.0,0,26.6,27.6,31.7,28.1,1404,1.7996
24.06.12,200.0,0,25.5,27.2,31.6,27.7,1416,1.794
24.06.12,210.0,0,24.8,26.8,31.7,27.4,1410,1.7896
24.06.12,220.0,0,25,26.8,31.6,27.5,1395,1.784
24.06.12,230.0,0,25.4,26.8,31.6,27.5,1392,1.7784
24.06.12,240.0,0,25.6,26.8,31.5,27.5,1386,1.7736
24.06.12,250.0,0,25.7,26.8,31.5,27.5,1374,1.766
24.06.12,260.0,0,25.6,26.8,31.4,27.4,1371,1.7588
24.06.12,270.0,0,25.6,26.8,31.4,27.4,1383,1.7512
24.06.12,280.0,0,25.7,26.8,31.4,27.5,1353,1.7428000000000001
24.06.12,290.0,0,25.8,26.8,31.4,27.5,0,1.3629
24.06.12,300.0,0,25.9,26.8,31.3,27.4,0,1.3722
24.06.12,310.0,0,25.9,26.8,31.2,27.3,0,1.3767
24.06.12,320.0,0,25.9,26.7,31.2,27.3,0,1.38
24.06.12,330.0,0,25.9,26.8,31,27.3,0,1.3823999999999999
24.06.12,340.0,0,25.9,26.8,31,27.4,0,1.3844999999999998
24.06.12,350.0,0,25.8,26.8,31,27.4,0,1.3860000000000001
24.06.12,360.0,0,25.8,26.8,31,27.4,0,1.3872
24.06.12,370.0,0,25.7,26.7,30.9,27.3,0,1.3884
24.06.12,380.0,0,25.6,26.7,30.9,27.3,0,1.3893
24.06.12,390.0,0,25.5,26.6,30.8,27.2,0,1.3899
24.06.12,400.0,0,25.4,26.5,30.8,27.1,0,1.3905
24.06.12,410.0,0,25.3,26.5,30.7,27.1,0,1.3910999999999998
24.06.12,420.0,0,25.2,26.4,30.6,27,0,1.3914
24.06.12,430.0,0,25.2,26.4,30.5,27,0,1.3917
24.06.12,440.0,0,25.2,26.4,30.5,27,0,1.392
24.06.12,450.0,0,25.2,26.4,30.5,27,0,1.3922999999999999
24.06.12,460.0,1,25.2,26.4,30.4,27,0,1.3926
24.06.12,470.0,6,25.3,26.4,30.4,27,0,17.197599999999998
24.06.12,480.0,16,25.5,26.5,30.3,27,0,52.281600000000005
24.06.12,490.0,27,25.9,26.6,30.2,27,0,89.65539999999999
24.06.12,500.0,39,26.3,26.8,30.1,27.1,0,135.792
24.06.12,510.0,53,26.7,27,30,27.2,0,186.71650000000002
24.06.12,520.0,69,27.2,27.2,30,27.3,0,246.06400000000002
24.06.12,530.0,88,27.8,27.6,30,27.5,0,315.0105
24.06.12,540.0,114,28.6,27.9,29.9,27.6,0,410.529
24.06.12,550.0,152,29.6,28.4,29.9,27.9,0,551.3238
24.06.12,560.0,182,30.8,28.9,29.9,28.1,0,664.68
24.06.12,570.0,177,31.4,29.2,29.9,28.5,0,642.103
24.06.12,580.0,194,31.4,29.1,29.9,28.4,0,703.4322000000001
24.06.12,590.0,233,32.6,29.8,30,28.7,0,853.3154000000001
24.06.12,600.0,259,33.6,30.2,30,29,0,944.0254
24.06.12,610.0,283,34.4,30.4,30.1,29.2,0,1036.5716
24.06.12,620.0,289,34.9,30.7,30.1,29.3,0,1057.6792
24.06.12,630.0,354,36.6,31.5,30.3,29.7,858,1279.5226999999998
24.06.12,640.0,327,37.8,31.7,30.3,30,1116,1170.4607999999998
24.06.12,650.0,356,37.8,32.1,30.4,30.2,1098,1267.461
24.06.12,660.0,321,38.4,32,30.5,30.3,1059,1142.8886
24.06.12,670.0,417,38.3,32.4,30.5,30.5,1065,1500.3674
24.06.12,680.0,588,42.6,33.6,30.7,31.2,1098,2145.4471
24.06.12,690.0,642,44.5,34.1,30.9,31.6,1107,2358.072
24.06.12,700.0,525,43.6,33.9,31,31.5,1185,1915.155
24.06.12,710.0,529,42.4,33.9,31.1,31.5,1302,1917.2005000000001
24.06.12,720.0,463,39.8,33.2,31.1,31.2,1302,1662.3187
24.06.12,730.0,290,37.9,32.6,31.1,31.2,1191,1029.894
24.06.12,740.0,337,37.5,32.7,31.2,31.3,1218,1192.587
24.06.12,750.0,299,37.4,32.5,31.2,31.2,1110,1060.926
24.06.12,760.0,486,39.8,33.4,31.2,31.7,1122,1748.3880000000001
24.06.12,770.0,692,45.4,35.2,31.5,32.2,1062,2539.7115000000003
24.06.12,780.0,501,45.5,35.2,31.6,32.6,1161,1818.04
24.06.12,790.0,382,41.8,34.3,31.7,32.7,1113,1375.9564
24.06.12,800.0,519,41.6,34.4,31.7,32.9,1104,1884.1662000000001
24.06.12,810.0,684,48.9,35.6,31.7,34.5,1110,2519.58
24.06.12,820.0,576,49.2,35.7,31.8,34.8,1098,2111.41
24.06.12,830.0,308,42.3,34.2,32,32.9,1092,1113.5894
24.06.12,840.0,189,35.7,32.8,32,32.2,1098,663.3404
24.06.12,850.0,237,34.4,31.9,31.9,31.2,1029,839.5520000000001
24.06.12,860.0,150,27.7,30.1,31.8,30.3,948,528.5574
24.06.12,870.0,118,26.1,28.2,31.6,28.6,975,413.13800000000003
24.06.12,880.0,216,26.9,27.6,31.6,26.5,975,769.725
24.06.12,890.0,106,27.8,28.2,31.5,27,942,373.96380000000005
24.06.12,900.0,318,31.5,28.7,31.5,27.5,906,1136.0284000000001
24.06.12,910.0,506,37.4,29.5,31.5,28.8,1008,1866.304
24.06.12,920.0,617,40.7,30.1,31.5,29.5,978,2299.4559999999997
24.06.12,930.0,587,43.3,30.8,31.6,30.3,963,2194.143
24.06.12,940.0,280,36.9,30.1,31.6,30.1,996,1014.3385000000001
24.06.12,950.0,531,37.9,30.6,31.6,30.2,573,1967.8695000000002
24.06.12,960.0,569,41.7,31.2,31.7,30.7,0,2166.9795
24.06.12,970.0,552,40.7,31,31.8,30.6,0,2099.792
24.06.12,980.0,345,37.7,30.5,31.7,30.1,0,1296.8856999999998
24.06.12,990.0,490,38.1,30.5,31.7,29.9,0,1865.3870000000002
24.06.12,1000.0,520,38.8,30.6,31.7,29.9,0,1977.7908
24.06.12,1010.0,354,38,30.6,31.8,29.9,0,1337.1725999999999
24.06.12,1020.0,241,33.9,29.7,31.7,29.5,0,898.2792000000001
24.06.12,1030.0,433,36,30.1,31.7,29.4,0,1645.0423999999998
24.06.12,1040.0,260,34.4,29.6,31.6,29.2,1038,960.1445
24.06.12,1050.0,339,34.3,29.5,31.5,29.1,1080,1239.3136
24.06.12,1060.0,348,35.5,30,31.6,29.4,1128,1276.1914000000002
24.06.12,1070.0,361,35.3,29.9,31.6,29.3,1092,1328.7343999999998
24.06.12,1080.0,312,35,29.9,31.6,29.3,1137,1137.8625
24.06.12,1090.0,212,33,29.3,31.4,29,1182,766.1108
24.06.12,1100.0,170,31.9,29.2,31.4,28.9,1212,609.427
24.06.12,1110.0,143,30.9,28.9,31.3,28.9,1230,507.3498
24.06.12,1120.0,122,30.4,28.8,31.3,28.8,1257,433.93279999999993
24.06.12,1130.0,108,29.9,28.7,31.3,28.8,1284,379.18320000000006
24.06.12,1140.0,97,29.6,28.6,31.2,28.7,1311,342.9261
24.06.12,1150.0,84,29.3,28.5,31.2,28.6,1461,294.132
24.06.12,1160.0,72,28.8,28.3,31.1,28.5,1509,248.4484
24.06.12,1170.0,60,28.5,28.2,31.1,28.5,1500,208.19119999999998
24.06.12,1180.0,48,28.1,28.2,31.1,28.5,1506,163.5464
24.06.12,1190.0,41,27.9,28,31.1,28.5,1422,139.50560000000002
24.06.12,1200.0,30,27.5,27.7,31.1,28.3,1401,99.844
24.06.12,1210.0,19,27.1,27.5,31,28.1,1437,60.244800000000005
24.06.12,1220.0,10,26.6,27.3,31,28,1485,28.652399999999997
24.06.12,1230.0,5,26.3,27.2,31,27.8,1545,11.325
24.06.12,1240.0,2,26.1,26.9,30.9,27.5,1656,3.6056
24.06.12,1250.0,0,25.7,26.7,30.9,27.4,1902,2.2345
24.06.12,1260.0,0,25.5,26.6,30.9,27.3,2094,2.2145
24.06.12,1270.0,0,25.3,26.5,30.8,27.2,2115,2.197
24.06.12,1280.0,0,25.3,26.5,30.8,27.2,2097,2.6129999999999995
24.06.12,1290.0,0,25.3,26.5,30.7,27.2,2100,2.5842
24.06.12,1300.0,0,25.4,26.5,30.7,27.2,1197,2.186
24.06.12,1310.0,0,25.4,26.5,30.7,27.1,2094,2.4495000000000005
24.06.12,1320.0,0,25.3,26.4,30.7,27,2154,2.4665
24.06.12,1330.0,0,25.4,26.4,30.7,27,2130,2.478
24.06.12,1340.0,0,25.3,26.3,30.7,27,2169,2.488
24.06.12,1350.0,0,25.2,26.3,30.7,26.9,2103,2.4965
24.06.12,1360.0,0,25.1,26.2,30.7,26.9,1920,2.5050000000000003
24.06.12,1370.0,0,25.1,26.2,30.7,26.9,1971,2.5125
24.06.12,1380.0,0,25,26.1,30.7,26.8,1971,2.0156
24.06.12,1390.0,0,24.8,26,30.8,26.7,1917,2.5260000000000002
24.06.12,1400.0,0,24.8,25.9,30.7,26.6,1845,2.5315000000000003
24.06.12,1410.0,0,24.8,25.8,30.7,26.5,1839,2.4850000000000003
24.06.12,1420.0,0,24.6,25.7,30.7,26.4,1806,2.3195
24.06.12,1430.0,0,24.5,25.7,30.6,26.3,1785,2.306
24.06.12,1440.0,0,24.5,25.6,30.4,26.3,1779,2.2965
25.06.12,10.0,0,24.3,25.5,30.5,26.2,1791,2.2875
25.06.12,20.0,0,24,25.4,30.5,26.1,1773,2.2800000000000002
25.06.12,30.0,0,24,25.3,30.4,26,1701,2.2745
25.06.12,40.0,0,23.9,25.2,30.4,25.9,1683,2.2680000000000002
25.06.12,50.0,0,23.8,25.2,30.4,25.9,1689,2.2600000000000002
25.06.12,60.0,0,23.7,25.1,30.4,25.8,1662,2.2520000000000002
25.06.12,70.0,0,23.6,25,30.3,25.8,1635,2.244
25.06.12,80.0,0,23.7,25,30.3,25.7,1647,2.2335000000000003
25.06.12,90.0,0,23.8,25.1,30.2,25.7,1632,2.2225
25.06.12,100.0,0,23.9,25,30.2,25.7,1575,2.2125
25.06.12,110.0,0,24,25.1,30.1,25.7,1485,2.2035
25.06.12,120.0,0,24.1,25.1,30,25.7,1455,2.1910000000000003
25.06.12,130.0,0,24.1,25.1,29.9,25.7,1380,2.18
25.06.12,140.0,0,24.2,25.1,29.9,25.7,1338,1.736
25.06.12,150.0,0,24.1,25,29.9,25.6,270,1.3443
25.06.12,160.0,0,24.1,25,29.8,25.6,0,1.3664999999999998
25.06.12,170.0,0,24,25,29.8,25.6,0,1.3716
25.06.12,180.0,0,24,25,29.7,25.5,0,1.3748999999999998
25.06.12,190.0,0,23.9,24.9,29.6,25.5,0,1.3772999999999997
25.06.12,200.0,0,23.9,24.9,29.5,25.5,0,1.3794
25.06.12,210.0,0,23.8,24.9,29.5,25.5,0,1.3809
25.06.12,220.0,0,23.7,24.8,29.5,25.4,0,1.3820999999999999
25.06.12,230.0,0,23.7,24.8,29.5,25.4,0,1.383
25.06.12,240.0,0,23.6,24.8,29.5,25.4,0,1.3839000000000001
25.06.12,250.0,0,23.5,24.8,29.5,25.4,0,1.3847999999999998
25.06.12,260.0,0,23.4,24.8,29.5,25.4,0,1.3854
25.06.12,270.0,0,23.5,24.8,29.5,25.4,0,1.3860000000000001
25.06.12,280.0,0,23.9,25,29.3,25.5,0,1.3862999999999999
25.06.12,290.0,0,24.2,25.1,29.2,25.6,0,1.3868999999999998
25.06.12,300.0,0,24.1,25.1,29.3,25.6,0,1.3872
25.06.12,310.0,0,23.9,25,29.2,25.6,0,1.3875
25.06.12,320.0,0,23.7,25,29.1,25.6,0,1.3878
25.06.12,330.0,0,23.6,25,29.1,25.6,0,1.3878
25.06.12,340.0,0,23.4,24.9,29.1,25.5,0,1.3881000000000001
25.06.12,350.0,0,23.4,24.9,29,25.5,0,1.3884
25.06.12,360.0,0,23.5,24.9,29,25.5,0,1.3884
25.06.12,370.0,0,23.5,24.9,28.9,25.5,0,1.3886999999999998
25.06.12,380.0,0,23.5,24.9,28.9,25.5,0,1.3886999999999998
25.06.12,390.0,0,23.5,24.9,28.9,25.5,0,1.3889999999999998
25.06.12,400.0,0,23.4,24.8,28.9,25.5,0,1.3889999999999998
25.06.12,410.0,0,23.5,24.9,28.8,25.4,0,1.3889999999999998
25.06.12,420.0,0,23.6,24.9,28.7,25.4,0,1.3889999999999998
25.06.12,430.0,0,23.5,24.9,28.7,25.5,0,1.3893
25.06.12,440.0,0,23.2,24.8,28.6,25.4,0,1.3893
25.06.12,450.0,0,23,24.7,28.6,25.3,0,1.3893
25.06.12,460.0,1,22.9,24.6,28.6,25.3,0,1.3896
25.06.12,470.0,6,22.8,24.7,28.6,25.3,0,17.1569
25.06.12,480.0,15,23.2,24.8,28.6,25.3,0,49.8192
25.06.12,490.0,31,23.5,25,28.5,25.3,0,106.39489999999999
25.06.12,500.0,51,24.3,25.4,28.5,25.5,0,180.5845
25.06.12,510.0,65,25.3,25.7,28.5,25.8,0,232.4208
25.06.12,520.0,85,26.3,26.1,28.4,26.1,0,304.5476
25.06.12,530.0,91,27.3,26.2,28.4,26,0,326.70480000000003
25.06.12,540.0,72,27.7,26.2,28.4,26.1,0,252.1455
25.06.12,550.0,73,27.7,26.3,28.4,26.2,0,256.7495
25.06.12,560.0,143,28.8,26.8,28.4,26.4,0,514.7916
25.06.12,570.0,193,30.4,27.3,28.3,26.6,0,701.1168
25.06.12,580.0,207,31.6,27.5,28.4,26.7,0,757.4655
25.06.12,590.0,218,32.5,28,28.5,27,0,800.598
25.06.12,600.0,192,32.7,28.1,28.5,27.3,0,700.8168
25.06.12,610.0,207,32.6,28.1,28.5,27.5,0,757.6041999999999
25.06.12,620.0,113,30.8,27.8,28.5,27.6,0,405.3816
25.06.12,630.0,275,31.1,27.9,28.5,27.5,378,1004.1616
25.06.12,640.0,152,30.1,27.6,28.5,27.5,1086,533.0319
25.06.12,650.0,152,26.6,27.3,28.5,27,1041,532.5506999999999
25.06.12,660.0,293,29.8,28,28.5,27.2,1155,1041.3798
25.06.12,670.0,608,37.1,29.2,28.6,27.8,1137,2244.48
25.06.12,680.0,738,43.9,31.3,28.7,28.7,1137,2755.9651999999996
25.06.12,690.0,649,45.1,32.1,28.9,29.4,1128,2422.7926
25.06.12,700.0,588,45.3,32.1,29,30,1194,2179.4856
25.06.12,710.0,581,45.5,31.9,29.1,30.4,1173,2159.8622
25.06.12,720.0,628,45.8,32.4,29.2,30.5,1134,2342.4816
25.06.12,730.0,698,47.3,32.9,29.2,30.5,1098,2610.6875999999997
25.06.12,740.0,630,46,33,29.3,30.7,1086,2350.1168000000002
25.06.12,750.0,699,49.1,34,29.4,31.6,1071,2629.4575
25.06.12,760.0,872,52.5,34.8,29.6,32,1080,3297.392
25.06.12,770.0,791,55.7,35,29.8,33.2,1080,2999.3496
25.06.12,780.0,703,54.1,34.6,29.9,33.4,1089,2648.8248000000003
25.06.12,790.0,572,47.9,34.1,30,31.6,1080,2136.5078
25.06.12,800.0,752,50.9,35.4,30.1,33.5,1152,2843.8756
25.06.12,810.0,912,58.7,36.3,30.3,34,1173,3456.4808
25.06.12,820.0,780,57.4,36.1,30.5,34.5,1239,2954.205
25.06.12,830.0,638,55.4,35.9,30.7,34.1,1245,2391.9672
25.06.12,840.0,593,53,35.9,30.7,33.9,1206,2220.5989
25.06.12,850.0,624,50,35.4,30.9,33.8,1065,2356.2376
25.06.12,860.0,760,51.3,36.3,31.1,33.3,1089,2895.202
25.06.12,870.0,878,57.2,38.2,31.2,34.9,1017,3358.095
25.06.12,880.0,604,54.1,35.8,31.5,34.7,1029,2284.1367999999998
25.06.12,890.0,706,51.3,36.1,31.6,34.4,1005,2691.981
25.06.12,900.0,654,53.1,36.9,31.7,34.9,1014,2492.49
25.06.12,910.0,689,51.5,37,31.9,34.9,1023,2621.7772
25.06.12,920.0,716,50.6,36.5,32,34.1,1041,2733.6826
25.06.12,930.0,670,53.2,37.1,32.1,35.6,978,2565.7729999999997
25.06.12,940.0,582,49.9,36.4,32.3,34.6,897,2219.3308
25.06.12,950.0,845,52.4,37.7,32.5,35.1,114,3308.6207
25.06.12,960.0,516,49.5,36.9,32.7,34.5,0,1998.4503000000002
25.06.12,970.0,401,45.4,35.7,32.7,34.9,0,1538.9352000000001
25.06.12,980.0,235,41.7,35.2,32.8,34.3,447,886.5938000000001
25.06.12,990.0,257,39.3,34.7,32.8,33.8,240,971.1079000000001
25.06.12,1000.0,447,41.7,35.6,32.9,34,0,1726.5014
25.06.12,1010.0,470,44.3,35.8,33.1,34.3,0,1828.1780999999996
25.06.12,1020.0,306,41.6,35.3,33.2,33.8,0,1175.2773
25.06.12,1030.0,101,37.5,34.2,33.2,33.7,0,379.5015
25.06.12,1040.0,38,33.1,31.1,33,31.7,0,137.81339999999997
25.06.12,1050.0,23,29,28.4,32.4,28.6,0,81.3457
25.06.12,1060.0,11,25.8,26.8,31.8,27,0,37.4066
25.06.12,1070.0,3,24.6,25.6,31.5,26.1,0,5.3339
25.06.12,1080.0,0,24,24.7,31.6,25.6,0,1.4531999999999998
25.06.12,1090.0,0,23.4,23.9,31.4,24.6,0,0
25.06.12,1100.0,1,22.9,23.3,30.7,23.6,0,-1.9352000000000003
25.06.12,1110.0,1,22.7,23.1,30.5,23.4,0,-1.9344000000000001
25.06.12,1120.0,1,22.4,23,30.4,23.2,0,-2.4165
25.06.12,1130.0,1,23,23.5,31.1,23.7,0,-2.4160000000000004
25.06.12,1140.0,1,23.2,23.7,31.2,24,0,-1.9324000000000001
25.06.12,1150.0,1,23.1,23.6,30.5,23.8,0,0
25.06.12,1160.0,2,23.1,23.6,30.1,23.8,0,0.4829
25.06.12,1170.0,2,23.2,23.7,30.1,24,0,1.4486999999999999
25.06.12,1180.0,2,23.3,23.9,30,24.4,0,1.4484
25.06.12,1190.0,2,23.5,24.3,30.2,24.8,0,1.4481
25.06.12,1200.0,2,23.6,24.9,30.5,25,0,1.4481
25.06.12,1210.0,2,23.7,25,30.5,25.3,0,1.4478
25.06.12,1220.0,1,23.9,25.1,30.5,25.4,0,1.4475
25.06.12,1230.0,0,24.1,25.2,30.5,25.5,0,1.4475
25.06.12,1240.0,0,24.1,25.2,30.3,25.6,1413,1.4472
25.06.12,1250.0,0,24.2,25.3,30.3,25.7,1704,1.4472
25.06.12,1260.0,0,24.4,25.5,30.3,26,1818,1.4468999999999999
25.06.12,1270.0,0,24.6,25.6,30.2,26.1,1872,1.4468999999999999
25.06.12,1280.0,0,24.7,25.6,30.1,26.1,1896,1.4465999999999999
25.06.12,1290.0,0,24.6,25.6,30.1,26.1,1656,1.4465999999999999
25.06.12,1300.0,0,24.6,25.8,30.2,26.2,0,1.4463
25.06.12,1310.0,0,24.7,25.8,30.2,26.3,0,1.4463
25.06.12,1320.0,0,24.7,25.9,30.1,26.3,0,1.4463
25.06.12,1330.0,0,24.9,25.9,30,26.3,0,1.446
25.06.12,1340.0,0,24.9,25.9,29.9,26.3,0,1.446
25.06.12,1350.0,0,24.8,25.8,29.8,26.3,0,1.4457
25.06.12,1360.0,0,24.8,25.8,29.7,26.3,0,1.4457
25.06.12,1370.0,0,24.8,25.7,29.6,26.2,0,1.4454
25.06.12,1380.0,0,24.5,25.5,29.5,26,0,1.4454
25.06.12,1390.0,0,24.3,25.3,29.5,25.9,0,1.4454
25.06.12,1400.0,0,24.2,25.3,29.5,25.9,0,1.4451
25.06.12,1410.0,0,24.3,25.3,29.4,25.9,0,1.4451
25.06.12,1420.0,0,24.3,25.4,29.4,25.9,0,1.4447999999999999
25.06.12,1430.0,0,24.4,25.3,29.3,25.9,0,1.4447999999999999
25.06.12,1440.0,0,24.3,25.4,29.2,25.9,0,1.4447999999999999
26.06.12,10.0,0,24.4,25.4,29.2,25.9,0,1.4445
26.06.12,20.0,0,24.4,25.4,29.1,25.9,0,1.4445
26.06.12,30.0,0,24.3,25.4,29.1,25.9,0,1.4445
26.06.12,40.0,0,24.3,25.4,29,25.9,0,1.4442
26.06.12,50.0,0,24.3,25.4,28.9,25.9,0,1.4442
26.06.12,60.0,0,24.3,25.4,28.9,25.9,0,1.4442
26.06.12,70.0,0,24.3,25.4,28.8,25.9,0,1.4439
26.06.12,80.0,0,24.2,25.4,28.8,25.9,0,1.4439
26.06.12,90.0,0,24.2,25.4,28.7,25.9,0,1.4439
26.06.12,100.0,0,24.1,25.4,28.7,25.9,0,1.4435999999999998
26.06.12,110.0,0,24.1,25.3,28.6,25.9,0,1.4435999999999998
26.06.12,120.0,0,24,25.3,28.6,25.8,0,1.4435999999999998
26.06.12,130.0,0,23.9,25.2,28.6,25.8,0,1.4433
26.06.12,140.0,0,23.9,25.2,28.5,25.8,0,1.4433
26.06.12,150.0,0,23.8,25.1,28.5,25.7,0,1.4433
26.06.12,160.0,0,23.7,25.1,28.4,25.7,0,1.4433
26.06.12,170.0,0,23.7,25.1,28.4,25.7,0,1.443
26.06.12,180.0,0,23.6,25,28.3,25.6,0,1.443
26.06.12,190.0,0,23.6,25,28.3,25.6,0,1.443
26.06.12,200.0,0,23.5,25,28.2,25.6,0,1.4427
26.06.12,210.0,0,23.4,24.9,28.3,25.5,0,1.4427
26.06.12,220.0,0,23.4,24.9,28.2,25.5,0,1.4427
26.06.12,230.0,0,23.5,24.9,28.2,25.5,0,1.4427
26.06.12,240.0,0,23.4,24.9,28.1,25.5,0,1.4424
26.06.12,250.0,0,23.5,24.9,28,25.5,0,1.4424
26.06.12,260.0,0,23.7,24.8,28,25.5,0,1.4424
26.06.12,270.0,0,23.6,24.7,28,25.4,0,1.4424
26.06.12,280.0,0,23.3,24.6,28,25.3,0,1.4424
26.06.12,290.0,0,22.9,24.5,27.9,25.2,0,1.4421
26.06.12,300.0,0,22.8,24.5,27.9,25.2,0,1.4421
26.06.12,310.0,0,23,24.5,27.9,25.1,0,1.4421
26.06.12,320.0,0,23.5,24.6,27.8,25.2,0,1.4418
26.06.12,330.0,0,23.5,24.5,27.7,25.1,0,1.4418
26.06.12,340.0,0,23.7,24.5,27.6,25.1,0,1.4418
26.06.12,350.0,0,23.5,24.4,27.6,25,0,1.4418
26.06.12,360.0,0,23,24.3,27.5,24.9,0,1.4418
26.06.12,370.0,0,22.7,24.2,27.4,24.8,0,1.4414999999999998
26.06.12,380.0,0,22.4,24.1,27.4,24.7,0,1.4414999999999998
26.06.12,390.0,0,22.4,24,27.3,24.7,0,1.4414999999999998
26.06.12,400.0,0,22.5,24,27.3,24.6,0,1.4411999999999998
26.06.12,410.0,0,22.4,24,27.2,24.5,0,1.4411999999999998
26.06.12,420.0,0,22.4,23.9,27.1,24.5,0,1.4411999999999998
26.06.12,430.0,0,22.3,23.8,27.1,24.4,0,1.4411999999999998
26.06.12,440.0,0,22.3,23.8,27,24.4,0,1.4411999999999998
26.06.12,450.0,0,22.3,23.7,27,24.3,0,1.4411999999999998
26.06.12,460.0,2,22.3,23.7,26.9,24.3,0,3.3621000000000003
26.06.12,470.0,8,22.3,23.7,26.9,24.2,0,25.0016
26.06.12,480.0,20,22.5,23.8,26.9,24.2,0,67.0119
26.06.12,490.0,33,22.9,24,26.8,24.3,0,118.53100000000002
26.06.12,500.0,49,23.4,24.5,26.8,24.3,0,177.876
26.06.12,510.0,62,24,24.8,26.8,24.4,0,231.99
26.06.12,520.0,82,24.6,24.9,26.7,24.5,0,309.267
26.06.12,530.0,105,25.5,25.1,26.7,24.6,0,403.1078
26.06.12,540.0,133,26.6,25.4,26.7,24.9,0,514.1446
26.06.12,550.0,161,27.7,25.8,26.8,25,0,627.1079
26.06.12,560.0,191,28.9,25.8,26.7,25.2,0,749.9497
26.06.12,570.0,224,29.8,26.2,26.7,25.3,0,880.9056
26.06.12,580.0,258,30.9,26.5,26.8,25.4,0,1021.4134
26.06.12,590.0,292,32.1,26.8,26.9,25.6,0,1156.716
26.06.12,600.0,325,33.8,26.9,26.9,26,0,1293.6030999999998
26.06.12,610.0,359,34.2,27.2,27,25.8,0,1437.5664
26.06.12,620.0,404,35.1,27.4,27.1,25.9,0,1623.3975
26.06.12,630.0,444,36.8,27.9,27.2,26.2,0,1789.788
26.06.12,640.0,471,37.6,28,27.3,26.2,0,1918.35
26.06.12,650.0,494,38.6,28.3,27.4,26.5,0,2014.1734000000001
26.06.12,660.0,532,39.5,28.7,27.5,26.8,0,2189.8822
26.06.12,670.0,586,41.6,29.3,27.6,27.3,0,2416.7601
26.06.12,680.0,604,43.2,29.4,27.7,27.8,0,2494.4822
26.06.12,690.0,628,43.8,29.7,27.8,27.6,0,2603.7057
26.06.12,700.0,657,44.7,30.1,28,27.9,408,2724.5152
26.06.12,710.0,685,44.8,30,28.1,27.9,0,2854.2891999999997
26.06.12,720.0,705,46.5,30.5,28.2,28.5,0,2933.658
26.06.12,730.0,724,45.3,30.3,28.4,28.1,0,3019.4701000000005
26.06.12,740.0,742,45.5,30.3,28.5,28.4,0,3110.1864
26.06.12,750.0,764,47.6,30.9,28.7,28.9,0,3194.2322
26.06.12,760.0,781,49.6,30.7,28.8,29.2,0,3264.284
26.06.12,770.0,796,50.7,31.5,29,29.6,0,3337.488
26.06.12,780.0,809,51.9,31.6,29.2,29.9,0,3377.4399999999996
26.06.12,790.0,819,50.7,31.5,29.3,29.3,0,3433.8453999999997
26.06.12,800.0,831,52.8,32,29.6,30.8,0,3473.6144000000004
26.06.12,810.0,839,52.9,31.7,29.7,30.2,0,3505.557
26.06.12,820.0,843,50.2,32.2,29.9,29.8,0,3544.4578
26.06.12,830.0,847,52.4,32.2,30.1,30.3,0,3538.2270000000003
26.06.12,840.0,849,52,32.3,30.4,30.2,0,3547.767
26.06.12,850.0,850,52.4,32.7,30.6,31.2,318,3572.7263
26.06.12,860.0,849,53.7,32.7,30.8,30.9,114,3554.4906000000005
26.06.12,870.0,842,55.4,33.3,31,32,0,3523.75
26.06.12,880.0,838,52.1,33.2,31.3,30.8,0,3509.4392
26.06.12,890.0,831,51,33.2,31.5,30.8,0,3489.9522
26.06.12,900.0,818,53.6,34,31.7,31.5,0,3428.943
26.06.12,910.0,805,55.4,34.4,32,32.2,0,3365.6432
26.06.12,920.0,795,53.8,33.8,32.2,31.6,0,3322.2
26.06.12,930.0,778,53.2,34,32.4,32.1,0,3273.045
26.06.12,940.0,764,51.1,33.9,32.6,31.9,0,3217.6704
26.06.12,950.0,746,50,33.5,32.9,31.7,0,3158.3671
26.06.12,960.0,719,48.6,33.4,33.1,31.8,0,3044.5436999999997
26.06.12,970.0,694,48.6,33.9,33.2,31.9,0,2932.7508000000003
26.06.12,980.0,670,48.7,33.7,33.5,32.4,0,2837.9856
26.06.12,990.0,644,48.3,34.4,33.6,32.6,0,2719.6517
26.06.12,1000.0,620,48.7,34.3,33.8,33,0,2616.6942000000004
26.06.12,1010.0,591,47.1,33.8,34,32.6,0,2504.0976
26.06.12,1020.0,563,46,33.7,34.2,32.6,0,2378.754
26.06.12,1030.0,530,45.6,34.2,34.3,33,0,2243.2515
26.06.12,1040.0,499,45.7,34.2,34.5,33.2,0,2101.4063
26.06.12,1050.0,465,45.3,34.1,34.6,33.5,0,1955.7616
26.06.12,1060.0,431,44.9,34,34.7,33.5,0,1813.2257000000002
26.06.12,1070.0,394,44,33.9,34.8,33.4,0,1646.7
26.06.12,1080.0,362,42,33.7,34.9,33.4,0,1512.455
26.06.12,1090.0,327,40,33.2,35,33,0,1367.4906
26.06.12,1100.0,293,39.1,33.4,35.1,33.2,0,1213.6319999999998
26.06.12,1110.0,260,37.9,33,35.1,33.1,0,1074.9654
26.06.12,1120.0,224,37.1,33.1,35.2,33.1,0,917.4828
26.06.12,1130.0,191,36.3,33.3,35.2,33.1,0,775.0287999999999
26.06.12,1140.0,162,35.4,33.3,35.2,33.1,0,652.6269
26.06.12,1150.0,135,34.7,33.3,35.1,33.1,0,535.7734
26.06.12,1160.0,111,34.1,33.1,35.2,33,0,427.5361
26.06.12,1170.0,90,33.5,32.9,35.2,33,0,341.57919999999996
26.06.12,1180.0,72,32.9,32.5,35.2,32.8,0,270.5526
26.06.12,1190.0,57,31.8,31.3,34.9,31.9,0,214.73919999999998
26.06.12,1200.0,44,30.6,30.5,34.8,31.1,0,163.5156
26.06.12,1210.0,31,29.9,30,34.8,30.6,0,113.152
26.06.12,1220.0,19,29.2,29.5,34.6,30.2,0,66.3
26.06.12,1230.0,10,28.6,29.1,34.5,29.8,171,28.9788
26.06.12,1240.0,4,28.1,28.8,34.5,29.5,0,5.5792
26.06.12,1250.0,0,27.8,28.5,34.6,29.2,0,2.0263999999999998
26.06.12,1260.0,0,27.4,28.1,34.5,28.8,0,1.5189
26.06.12,1270.0,0,27.2,27.9,34.3,28.6,0,2.024
26.06.12,1280.0,0,26.8,27.5,34.3,28.2,0,2.0232
26.06.12,1290.0,0,26.3,27.2,34.1,27.8,0,1.5168
26.06.12,1300.0,0,26.1,26.9,33.9,27.5,0,1.5165
26.06.12,1310.0,0,25.9,26.7,33.8,27.3,0,1.5162
26.06.12,1320.0,0,25.8,26.5,33.7,27.1,0,1.5159
26.06.12,1330.0,0,25.8,26.4,33.5,27,0,1.5156
26.06.12,1340.0,0,25.9,26.4,32.9,27,0,1.5152999999999999
26.06.12,1350.0,0,25.9,26.4,32.7,27.1,0,1.5152999999999999
26.06.12,1360.0,0,25.4,26.3,32.8,27,0,1.515
26.06.12,1370.0,0,25.4,26.3,32.6,26.9,0,1.5147
26.06.12,1380.0,0,25.4,26.2,32.6,26.9,0,1.5147
26.06.12,1390.0,0,25.4,26.2,32.5,26.8,0,1.5143999999999997
26.06.12,1400.0,0,25.3,26.2,32.5,26.7,0,1.5143999999999997
26.06.12,1410.0,0,25.3,26.1,32.4,26.7,0,1.5141
26.06.12,1420.0,0,25.1,26,32.3,26.6,0,1.5141
26.06.12,1430.0,0,25.1,26,32.2,26.7,0,1.5138
26.06.12,1440.0,0,25.1,26,32.1,26.6,0,1.5138
27.06.12,10.0,0,25.1,25.9,32,26.4,0,1.5135
27.06.12,20.0,0,25,25.8,31.9,26.4,0,1.5131999999999999
27.06.12,30.0,0,24.9,25.7,31.9,26.3,0,1.5131999999999999
27.06.12,40.0,0,24.8,25.7,31.8,26.2,0,1.5129
27.06.12,50.0,0,24.8,25.6,31.7,26.2,0,1.5129
27.06.12,60.0,0,24.8,25.6,31.7,26.1,0,1.5129
27.06.12,70.0,0,24.7,25.6,31.5,26.1,0,1.5126
27.06.12,80.0,0,24.6,25.5,31.5,26.1,0,1.5126
27.06.12,90.0,0,24.7,25.5,31.4,26,0,1.5122999999999998
27.06.12,100.0,0,24.6,25.4,31.3,26,0,1.5122999999999998
27.06.12,110.0,0,24.6,25.4,31.3,26,0,1.5122999999999998
27.06.12,120.0,0,24.9,25.5,31.2,26.1,0,1.512
27.06.12,130.0,0,24.3,24.5,31,25.4,0,1.512
27.06.12,140.0,0,22.3,23,30.9,24,0,1.512
27.06.12,150.0,0,21.7,22.2,30.5,22.9,0,1.5117
27.06.12,160.0,0,21.5,22,30.3,22.6,0,1.5117
27.06.12,170.0,0,21.4,22,30.1,22.6,0,1.5114
27.06.12,180.0,0,21.6,22.2,30,22.6,0,1.5114
27.06.12,190.0,0,21.8,22.3,29.8,22.7,0,1.5114
27.06.12,200.0,0,22,22.7,29.3,23,0,0
27.06.12,210.0,0,22.2,23,29,23.2,0,0
27.06.12,220.0,0,22.2,23.1,28.9,23.3,0,1.5110999999999999
27.06.12,230.0,0,22.1,23.1,28.7,23.3,0,1.5108
27.06.12,240.0,0,22.1,23,28.8,23.3,0,1.5108
27.06.12,250.0,0,22,23.1,28.9,23.3,0,1.5108
27.06.12,260.0,0,22.1,23.2,29,23.3,0,1.5105
27.06.12,270.0,0,22,23.1,28.9,23.1,0,1.5105
27.06.12,280.0,0,21.8,23,28.9,23,0,1.5105
27.06.12,290.0,0,21.5,22.7,28.6,22.7,0,1.5102
27.06.12,300.0,0,21.4,22.6,28.4,22.7,0,1.5102
27.06.12,310.0,0,21.3,22.6,28.4,22.8,0,1.5102
27.06.12,320.0,0,21.5,22.7,28.5,23,0,1.5098999999999998
27.06.12,330.0,0,21.4,22.6,28.4,23,0,1.5098999999999998
27.06.12,340.0,0,21.2,22.5,28.4,23,0,1.5098999999999998
27.06.12,350.0,0,21.1,22.5,28.4,22.9,0,1.5096
27.06.12,360.0,0,21.3,22.6,28.4,22.9,0,1.5096
27.06.12,370.0,0,21.5,22.7,28.3,23.1,0,1.5096
27.06.12,380.0,0,21.5,22.8,28.3,23.2,0,1.5093
27.06.12,390.0,0,21.4,22.8,28.2,23.2,0,1.5093
27.06.12,400.0,0,21.4,22.7,28.2,23.1,0,1.5093
27.06.12,410.0,0,21.4,22.8,28,23.1,0,1.509
27.06.12,420.0,0,21.2,22.7,28,23.1,0,1.509
27.06.12,430.0,0,21.1,22.7,28,23.1,0,1.509
27.06.12,440.0,0,21.3,22.6,27.8,23.2,0,1.509
27.06.12,450.0,0,21.1,22.6,27.8,23.1,0,1.5087
27.06.12,460.0,1,21.1,22.7,27.5,23,0,1.5087
27.06.12,470.0,3,21.2,22.7,27.4,23,0,4.024
27.06.12,480.0,9,21.5,22.8,27.3,23.1,0,24.6715
27.06.12,490.0,15,21.7,22.9,27.3,23.2,0,50.44
27.06.12,500.0,23,22,23.1,27.4,23.3,0,80.4063
27.06.12,510.0,33,22.5,23.3,27.3,23.5,0,119.77
27.06.12,520.0,44,22.8,23.4,27.2,23.6,0,162.6581
27.06.12,530.0,49,23,23.5,27.1,23.8,0,184.7237
27.06.12,540.0,62,23.4,23.8,27.2,23.9,0,233.4014
27.06.12,550.0,71,23.7,23.9,27.2,24.1,0,272.0901
27.06.12,560.0,101,24.3,24.1,27.1,24.2,0,394.539
27.06.12,570.0,203,26,24.8,27.1,24.5,0,830.855
27.06.12,580.0,251,28.9,25.5,27.2,24.7,0,1059.0504
27.06.12,590.0,351,31.9,26,27.2,25.2,0,1519.9032000000002
27.06.12,600.0,332,34.2,26.4,27.4,25.5,0,1428.8582000000001
27.06.12,610.0,248,35,27,27.5,25.8,0,1039.311
27.06.12,620.0,185,31.7,26.6,27.6,25.6,0,763.2330000000001
27.06.12,630.0,216,31.2,26.6,27.6,25.8,0,902.008
27.06.12,640.0,226,31.7,26.8,27.7,26,0,942.5286000000001
27.06.12,650.0,212,31.6,26.8,27.7,26.1,0,878.5770000000001
27.06.12,660.0,230,31.5,26.8,27.7,26.3,0,964.2757000000001
27.06.12,670.0,290,32,26.7,27.7,26.3,0,1229.4786000000001
27.06.12,680.0,377,34.7,27.2,27.8,26.5,0,1629.873
27.06.12,690.0,295,33.7,27.2,28,26.6,0,1252.9179
27.06.12,700.0,405,34.3,27.7,28,26.7,0,1747.7832
27.06.12,710.0,643,40.5,28.8,28.2,27,0,2848.9634
27.06.12,720.0,705,43.2,29.5,28.4,27.3,0,3100.0529
27.06.12,730.0,666,42.7,29.4,28.7,27.5,0,2798.1254000000004
27.06.12,740.0,800,44.9,30.1,29,27.8,0,3326.2317000000003
27.06.12,750.0,792,46.9,30.7,29.3,28.3,0,3425.4583999999995
27.06.12,760.0,724,46.1,30.6,29.6,28.2,0,3113.9892000000004
27.06.12,770.0,824,45.6,30.7,29.8,28.3,0,3603.3822
27.06.12,780.0,826,47.1,31.1,30.1,28.6,0,3599.688
27.06.12,790.0,788,46.3,30.5,30.5,28.5,0,3426.319
27.06.12,800.0,844,48.1,30.9,30.8,28.8,0,3652.7764
27.06.12,810.0,854,50.1,31.8,31.1,29.1,0,3657.3497999999995
27.06.12,820.0,864,52.3,31.8,31.4,29.5,0,3688.0548000000003
27.06.12,830.0,868,55.7,32.8,31.8,31.2,0,3669.015
27.06.12,840.0,860,57.1,32.9,32.2,31.1,0,2748.3118
27.06.12,850.0,888,55.1,33.3,32.4,30.5,0,1584.2859999999998
27.06.12,860.0,870,55.5,33,32.5,30.8,0,1422.9288
27.06.12,870.0,844,54.7,33.2,32.5,30.4,0,1308.6346
27.06.12,880.0,851,55.5,34,32.6,31.1,0,1170.363
27.06.12,890.0,840,57,34.1,32.7,31.7,0,1114.5026
27.06.12,900.0,834,56.1,33.9,32.7,31.2,0,1079.2962
27.06.12,910.0,823,55.2,33.7,32.8,31,0,1036.1845
27.06.12,920.0,809,55.9,34.2,32.9,31.5,0,984.5472000000001
27.06.12,930.0,794,55.2,34.5,33,31.6,0,959.3024
27.06.12,940.0,778,53.9,34.2,33,31.5,0,919.7118000000002
27.06.12,950.0,755,52.9,34.2,33.1,31.5,0,871.1424
27.06.12,960.0,734,53.5,34.3,33.1,32.3,0,829.6777999999999
27.06.12,970.0,701,52.6,34,33.2,32,0,779.35
27.06.12,980.0,685,51.7,34.3,33.2,32.1,0,764.7752999999999
27.06.12,990.0,659,50.8,34.2,33.3,33,0,715.6408
27.06.12,1000.0,635,52.6,34.4,33.4,34.7,0,689.737
27.06.12,1010.0,614,51,34.4,33.4,32.9,0,672.6531
27.06.12,1020.0,595,50.4,34.2,33.4,33.1,0,635.6487
27.06.12,1030.0,568,52.2,35.3,33.5,35.1,0,663.6682000000001
27.06.12,1040.0,524,52.1,35.1,33.5,35.4,0,611.5793
27.06.12,1050.0,484,49.1,34.5,33.6,33.6,0,597.7056
27.06.12,1060.0,446,48.1,34.6,33.6,34,0,577.4676
27.06.12,1070.0,412,47.5,34.4,33.7,34,0,540.2397
27.06.12,1080.0,377,44.1,34,33.6,32.9,0,525.72
27.06.12,1090.0,338,43.8,34,33.6,33.7,0,505.55760000000004
27.06.12,1100.0,303,44.1,34.4,33.7,35.4,0,481.8688000000001
27.06.12,1110.0,253,42.5,33.3,33.7,34.9,0,480.79319999999996
27.06.12,1120.0,205,38.7,33.3,33.7,32.8,0,468.70000000000005
27.06.12,1130.0,193,38.5,33.6,33.7,33.3,0,465.5616
27.06.12,1140.0,163,38.5,33.1,33.7,34.2,0,457.41249999999997
27.06.12,1150.0,122,37,33,33.7,34.4,0,454.55580000000003
27.06.12,1160.0,90,35.6,32.7,33.7,33.7,0,335.38280000000003
27.06.12,1170.0,55,33.5,32.2,33.7,32.9,0,206.1136
27.06.12,1180.0,40,32.2,32,33.7,32.8,0,147.14759999999998
27.06.12,1190.0,35,31.5,32.2,33.7,33.5,0,128.8608
27.06.12,1200.0,30,31.2,31.5,33.6,33.3,0,110.39789999999999
27.06.12,1210.0,22,30.4,31.1,33.6,32.9,0,76.8691
27.06.12,1220.0,15,29.7,31,33.6,32.6,0,50.3622
27.06.12,1230.0,8,28.9,30.6,33.5,32.2,0,20.468000000000004
27.06.12,1240.0,2,28.3,30.2,33.5,31.8,0,2.5495
27.06.12,1250.0,0,28.1,29.8,33.4,31.1,0,1.5272999999999999
27.06.12,1260.0,0,28.1,29.9,33.4,31.2,0,1.5257999999999998
27.06.12,1270.0,0,28.3,29.9,33.3,31,0,1.5249
27.06.12,1280.0,0,28.3,29.9,33.3,30.9,0,1.5239999999999998
27.06.12,1290.0,0,28.9,29.4,33.1,30.1,0,1.5234
27.06.12,1300.0,0,28.4,28.8,32.9,29.4,0,1.5228
27.06.12,1310.0,0,27.9,28.4,32.7,29.1,0,1.5222
27.06.12,1320.0,0,27.4,28,32.4,28.7,0,1.5218999999999998
27.06.12,1330.0,0,27,27.8,32.4,28.5,0,1.5215999999999998
27.06.12,1340.0,0,26.8,27.7,32.4,28.4,0,1.5212999999999999
27.06.12,1350.0,0,26.7,27.5,32.3,28.2,0,1.5210000000000001
27.06.12,1360.0,0,26.5,27.3,32.2,27.9,0,1.5207
27.06.12,1370.0,0,26.3,27.2,32.1,27.8,0,1.5204
27.06.12,1380.0,0,26.2,27,32,27.6,0,1.5201
27.06.12,1390.0,0,26.1,27,31.9,27.6,0,1.5197999999999998
27.06.12,1400.0,0,26.1,26.9,31.6,27.6,0,1.5197999999999998
27.06.12,1410.0,0,26,26.8,31.5,27.5,0,1.5194999999999999
27.06.12,1420.0,0,25.9,26.7,31.4,27.4,0,1.5191999999999999
27.06.12,1430.0,0,25.8,26.6,31.5,27.3,0,1.5189
27.06.12,1440.0,0,25.8,26.6,31.4,27.3,0,1.5189
28.06.12,10.0,0,25.7,26.5,31.4,27.2,0,1.5186
28.06.12,20.0,0,25.6,26.5,31.3,27.1,0,1.5186
28.06.12,30.0,0,25.5,26.4,31.2,27,0,1.5183
28.06.12,40.0,0,25.4,26.4,31.1,27,0,1.518
28.06.12,50.0,0,25.3,26.3,31.1,26.9,0,1.518
28.06.12,60.0,0,25.2,26.2,31.1,26.9,0,1.5177
28.06.12,70.0,0,25.1,26.2,31,26.9,0,1.5173999999999999
28.06.12,80.0,0,25.1,26.2,30.9,26.9,0,1.5173999999999999
28.06.12,90.0,0,25.1,26.2,30.9,26.8,0,1.5171
28.06.12,100.0,0,25,26.2,30.9,26.8,0,1.5171
28.06.12,110.0,0,25,26.1,30.8,26.7,0,1.5168
28.06.12,120.0,0,24.9,26.1,30.8,26.7,0,1.5168
28.06.12,130.0,0,24.7,26,30.8,26.6,0,1.5165
28.06.12,140.0,0,24.7,26,30.7,26.6,0,1.5165
28.06.12,150.0,0,24.6,25.9,30.6,26.5,0,1.5162
28.06.12,160.0,0,24.6,25.8,30.5,26.5,0,1.5162
28.06.12,170.0,0,24.6,25.9,30.5,26.5,0,1.5159
28.06.12,180.0,0,24.5,25.8,30.5,26.5,0,1.5159
28.06.12,190.0,0,24.4,25.7,30.5,26.4,0,1.5159
28.06.12,200.0,0,24.3,25.8,30.4,26.4,0,1.5156
28.06.12,210.0,0,24.2,25.6,30.4,26.4,0,1.5156
28.06.12,220.0,0,24.5,25.7,30.3,26.4,0,1.5152999999999999
28.06.12,230.0,0,24.9,25.8,30.2,26.5,0,1.5152999999999999
28.06.12,240.0,0,24.3,23.9,30,25,0,1.515
28.06.12,250.0,0,22.7,22.6,29.5,23.6,0,1.515
28.06.12,260.0,0,21.9,22.2,29.3,23.1,0,1.515
28.06.12,270.0,0,21.2,22.1,29.2,23,0,1.5147
28.06.12,280.0,0,21.1,22.2,29.1,22.7,0,1.5147
28.06.12,290.0,0,21.2,22.1,28.7,22.5,0,1.5143999999999997
28.06.12,300.0,0,21.4,22,28.3,22.3,0,1.5143999999999997
28.06.12,310.0,0,21.5,22.2,28.4,22.4,0,1.5143999999999997
28.06.12,320.0,0,21.4,22.1,28.6,22.6,0,1.5141
28.06.12,330.0,0,21.1,22,28.7,22.3,0,1.5141
28.06.12,340.0,0,20.9,21.8,28.5,22.2,0,1.5138
28.06.12,350.0,0,20.5,21.8,28.3,22.2,0,1.5138
28.06.12,360.0,0,20.3,21.8,28.3,22.2,0,1.5138
28.06.12,370.0,0,20.2,21.9,28.4,22.1,0,1.5135
28.06.12,380.0,0,20.4,22,28.3,22,0,1.5135
28.06.12,390.0,0,20.6,22.1,28.2,22.2,0,1.5135
28.06.12,400.0,0,20.7,22.1,28.1,22.3,0,1.5131999999999999
28.06.12,410.0,0,20.8,22.1,27.8,22.4,0,1.5131999999999999
28.06.12,420.0,0,20.8,22.2,27.9,22.5,0,1.5131999999999999
28.06.12,430.0,0,20.7,22.2,27.8,22.6,0,1.5129
28.06.12,440.0,0,20.9,22.4,27.8,22.8,0,1.5129
28.06.12,450.0,0,20.9,22.4,27.6,22.9,0,1.5129
28.06.12,460.0,1,20.9,22.4,27.5,23,0,1.5126
28.06.12,470.0,12,21,22.4,27.5,22.9,0,36.872299999999996
28.06.12,480.0,29,21.3,22.5,27.4,22.9,0,104.222
28.06.12,490.0,39,21.6,22.8,27.3,23,0,144.8111
28.06.12,500.0,47,21.8,23.1,27.3,23.1,0,175.5809
28.06.12,510.0,58,22,23,27.3,23.1,0,220.881
28.06.12,520.0,66,22.3,23.3,27.3,23.3,0,253.9705
28.06.12,530.0,77,22.6,23.4,27.2,23.3,0,302.5152
28.06.12,540.0,83,23,23.5,27.2,23.4,0,332.514
28.06.12,550.0,115,24,23.9,27.2,23.5,0,466.96770000000004
28.06.12,560.0,187,25.7,24.4,27.2,23.7,0,651.9048
28.06.12,570.0,222,27.4,25,27.2,23.9,0,602.253
28.06.12,580.0,224,28.4,25.2,27.2,24.1,0,549.8446
28.06.12,590.0,269,28.9,25.5,27.2,24.4,0,505.6128
28.06.12,600.0,348,30.9,26,27.3,24.7,0,480.72509999999994
28.06.12,610.0,391,33.1,26.6,27.3,25,0,480.79279999999994
28.06.12,620.0,419,34.7,27.3,27.4,25.4,0,473.3856
28.06.12,630.0,464,35.9,27.7,27.4,25.6,0,484.12980000000005
28.06.12,640.0,492,36.3,27.9,27.5,26,0,483.208
28.06.12,650.0,525,36.7,27.6,27.7,26.3,0,493.08090000000004
28.06.12,660.0,556,36.7,27.8,27.8,26.4,0,511.69319999999993
28.06.12,670.0,592,36.9,27.9,27.8,26.6,0,520.9784999999999
28.06.12,680.0,625,37.8,28.1,28,27,0,503.616
28.06.12,690.0,656,38.4,28.1,28.1,27.2,0,517.389
28.06.12,700.0,686,39.1,28.6,28.2,27.4,0,535.4399999999999
28.06.12,710.0,712,40.9,29,28.3,27.7,0,555.1116
28.06.12,720.0,747,41.7,29.4,28.4,28,0,572.4224
28.06.12,730.0,781,43.5,30.3,28.5,28.2,0,559.5347999999999
28.06.12,740.0,802,45.1,31,28.6,28.5,0,597.3042
28.06.12,750.0,829,45.4,31.1,28.8,28.6,0,600.7401
28.06.12,760.0,938,48.8,31.9,28.9,28.8,0,679.086
28.06.12,770.0,776,48,31.8,29,29,0,636.064
28.06.12,780.0,930,50.8,32.5,29.2,29.6,0,678.3558
28.06.12,790.0,971,52.7,32.8,29.3,29.7,0,682.2576
28.06.12,800.0,910,55.9,33.8,29.4,30.5,0,646.7443000000001
28.06.12,810.0,1019,55.4,33.8,29.6,30.1,0,679.2267999999999
28.06.12,820.0,890,52.8,33.6,29.9,30.3,0,1193.5214999999998
28.06.12,830.0,837,49.8,33.1,30,30.1,36,1520.648
28.06.12,840.0,871,49.6,33.2,30.2,30.4,0,1691.5815
28.06.12,850.0,897,51.2,33.4,30.5,30.5,0,2014.0959999999998
28.06.12,860.0,834,48.4,33.1,30.7,30.4,0,1763.7144
28.06.12,870.0,825,49.5,33.5,31,30.7,0,1844.7775000000001
28.06.12,880.0,748,46.4,33.3,31.2,30.9,0,1555.4337
28.06.12,890.0,682,46.3,33.2,31.4,31.1,0,1548.864
28.06.12,900.0,806,47.4,33.6,31.6,31.2,0,1454.2626
28.06.12,910.0,513,43.7,32.8,31.7,31.1,0,1339.933
28.06.12,920.0,411,39.5,32,31.8,30.9,0,1245.7599
28.06.12,930.0,519,39.7,32.2,31.9,31.1,0,1358.1653999999999
28.06.12,940.0,649,42.7,32.9,32.1,31.5,0,1489.8816
28.06.12,950.0,784,46.5,33.7,32.3,31.7,0,1566.6878
28.06.12,960.0,612,45.3,33.4,32.5,31.7,0,1487.7522000000001
28.06.12,970.0,462,42.6,33,32.7,31.7,0,1370.1252
28.06.12,980.0,541,41.6,32.9,32.8,31.8,0,1400.1734
28.06.12,990.0,712,45.9,33.8,33,32.2,0,1584.825
28.06.12,1000.0,423,42.7,33.2,33.1,32.1,0,1370.2172
28.06.12,1010.0,372,39.4,32.4,33.2,31.7,0,1283.8784
28.06.12,1020.0,527,41,32.9,33.3,32,0,1396.4119999999998
28.06.12,1030.0,479,41,32.9,33.4,32,0,1373.2234
28.06.12,1040.0,513,42.1,33.1,33.5,32.1,0,1461.2139
28.06.12,1050.0,501,40.7,32.9,33.7,32.1,0,1411.2918
28.06.12,1060.0,471,41.6,33.1,33.9,32.3,0,1392.248
28.06.12,1070.0,425,39.9,32.8,34,32.1,0,1334.2966
28.06.12,1080.0,291,37.1,32,34.1,31.7,0,1168.587
28.06.12,1090.0,231,34.8,31,34.2,31.2,0,924.7591999999999
28.06.12,1100.0,195,33.4,30.6,34.3,30.8,0,812.1318
28.06.12,1110.0,197,33.2,30.6,34.3,30.8,0,832.1650000000001
28.06.12,1120.0,185,33.2,30.7,34.4,30.8,0,780.0799999999999
28.06.12,1130.0,173,32.9,30.5,34.4,30.7,0,725.1885000000001
28.06.12,1140.0,144,32.5,30.4,34.4,30.7,0,599.1543999999999
28.06.12,1150.0,118,31.9,30.3,34.4,30.6,0,484.0218
28.06.12,1160.0,101,31.3,30.1,34.4,30.5,0,409.2712
28.06.12,1170.0,89,30.9,29.8,34.4,30.3,0,360.9204
28.06.12,1180.0,70,30.3,29.5,34.4,30.1,0,276.6792
28.06.12,1190.0,54,29.8,29.4,34.3,29.9,0,212.84
28.06.12,1200.0,42,29.3,29.2,34.3,29.8,0,160.1052
28.06.12,1210.0,30,28.8,28.9,34.2,29.6,0,111.7398
28.06.12,1220.0,18,28.3,28.6,34.1,29.3,0,60.886799999999994
28.06.12,1230.0,7,27.9,28.4,34,29.1,0,18.576
28.06.12,1240.0,3,27.5,28.2,33.9,28.9,0,3.5896000000000003
28.06.12,1250.0,0,27.1,28,33.9,28.7,0,1.5324
28.06.12,1260.0,0,26.9,27.8,33.8,28.6,0,1.5288
28.06.12,1270.0,0,26.8,27.6,33.7,28.4,0,1.5260999999999998
28.06.12,1280.0,0,26.5,27.4,33.6,28.1,0,1.5243
28.06.12,1290.0,0,26.4,27.2,33.6,27.9,0,1.5228
28.06.12,1300.0,0,26.4,27.3,33.5,27.9,0,1.5215999999999998
28.06.12,1310.0,0,26.3,27.1,33.4,27.8,0,1.5207
28.06.12,1320.0,0,26.2,27,33.3,27.6,0,1.5201
28.06.12,1330.0,0,26.1,26.9,33.3,27.6,0,1.5194999999999999
28.06.12,1340.0,0,26.1,27,33.2,27.6,0,1.5191999999999999
28.06.12,1350.0,0,26.1,26.9,33.2,27.6,0,1.5186
28.06.12,1360.0,0,25.9,26.8,33.1,27.4,0,1.5183
28.06.12,1370.0,0,25.7,26.6,32.8,27.3,0,1.5177
28.06.12,1380.0,0,25.6,26.6,32.9,27.3,0,1.5177
28.06.12,1390.0,0,25.6,26.5,32.6,27.2,0,1.5173999999999999
28.06.12,1400.0,0,25.6,26.5,32.4,27.2,0,1.5168
28.06.12,1410.0,0,25.6,26.5,32.4,27.2,0,1.5168
28.06.12,1420.0,0,25.5,26.4,32.3,27.1,0,1.5165
28.06.12,1430.0,0,25.3,26.2,32.3,27,0,1.5162
28.06.12,1440.0,0,25,26.1,32.2,26.9,0,1.5159
